date,growth_yoy_zscore,cpi_yoy_zscore,unemployment_delta_zscore,yield_spread_delta_zscore,credit_spread_delta_zscore,inferred_regime,regime_confidence,regime_margin,regime_entropy,regime_0_prob,regime_1_prob,regime_2_prob,regime_3_prob,equity_return,Mkt-RF,SMB,HML,RF,growth_yoy,cpi_yoy,unemployment_delta,yield_spread_delta,credit_spread_delta,regime_label
1954-04-30,-2.075598842230226,-1.0546042088554792,1.381682765572847,0.0348673820989621,-0.146400873997079,1,1.0,1.0,-1.000088900581841e-12,2.4573725591143106e-200,1.0,1.6045661176273136e-55,1.4795329003358047e-209,0.0489977605291978,0.0426999999999999,-0.0347,-0.0037,0.0009,-0.0826470377607495,0.0063694267515923,0.3333333333333333,0.0066666666666666,-0.0166666666666666,Slowdown / Shock
1954-05-31,-2.0668571544689205,-0.973580723226862,0.9688008244556736,0.1754383658588894,-0.1181904137592807,1,0.9999999999990905,0.9999999999983337,2.0397795619971558e-11,7.568608717399596e-13,0.9999999999990905,5.8229982871297594e-27,7.469354044595182e-17,0.0329087154155547,0.031,0.0039,0.0245,0.0005,-0.0821942199001887,0.0086142322097377,0.2333333333333334,0.0366666666666666,-0.0133333333333331,Slowdown / Shock
1954-06-30,-1.9405725982352489,-1.0552912364427924,-0.1322176851901246,0.6283893135297666,-0.0899799535214823,1,0.9999999959422894,0.9999999918843779,8.246572635308181e-08,4.057911493492717e-09,0.9999999959422894,5.818754276163352e-17,2.2597885879069682e-14,0.0006851164799297,0.0108,0.0038,0.0002,0.0006,-0.0756527025025156,0.0063503922301084,-0.0333333333333335,0.1333333333333332,-0.0099999999999997,Slowdown / Shock
1954-07-31,-2.1326248126964225,-1.1901908598902318,-0.1322176851901246,0.4097233387921018,0.0510723476675043,1,0.9999999998904059,0.99999999978112,2.6177737922416382e-09,1.0928591222553822e-10,0.9999999998904059,2.754953156356555e-14,9.869701762474467e-14,0.0571722057047814,0.05,0.0105,0.0414,0.0005,-0.0856009728186006,0.0026129152668905,-0.0333333333333335,0.0866666666666666,0.0066666666666666,Slowdown / Shock
1954-08-31,-2.0624282067475725,-1.2845008152618684,0.1430369422213249,-0.2618935836164406,0.0792828079053026,1,0.9999999998540261,0.999999999712534,3.474046906387679e-09,1.4149213226429742e-10,0.9999999998540261,1.1910310810868793e-13,4.550001934590236e-12,-0.0340025668910828,-0.0235,0.0268,-0.0141999999999999,0.0005,-0.0819648012013656,0.0,0.0333333333333332,-0.0566666666666667,0.01,Slowdown / Shock
1954-09-30,-1.6647732144521294,-1.3918827928172532,0.6935461970442239,-0.5742735475273902,-0.0617694932836865,1,0.99999998207295,0.9999999650696488,3.413590920945972e-07,9.193635665787265e-10,0.99999998207295,4.588238013231585e-12,1.7003301170504715e-08,0.0831378295651315,0.064,-0.0256,0.0068,0.0009,-0.0613663438131247,-0.0029750836742283,0.1666666666666666,-0.1233333333333333,-0.0066666666666666,Slowdown / Shock
1954-10-31,-1.2946240301577208,-1.5925366763874598,-0.1322176851901234,-0.1994175908342499,-0.4849263968506529,1,0.9996449475628235,0.999290913393659,0.003182237148025488,1.0181352264006023e-06,0.9996449475628235,1.327558143742165e-10,0.0003540341691644337,-0.0194986394719259,-0.0167,0.0060999999999999,0.0064,0.0007,-0.0421926823535554,-0.008534322820037,-0.0333333333333332,-0.0433333333333332,-0.0566666666666667,Slowdown / Shock
1954-11-30,-0.5357713625549597,-1.378600022129886,-0.957981567424472,0.1754383658588894,-0.4567159366128545,1,0.9792056669652461,0.9584193097753481,0.10118551173329582,7.949654717350126e-06,0.9792056669652461,2.61902456446502e-08,0.020786357189898044,0.0808081233784827,0.0941,-0.0265,0.0445,0.0006,-0.0028842500682266,-0.0026070763500931,-0.2333333333333334,0.0366666666666666,-0.0533333333333333,Slowdown / Shock
1954-12-31,0.2043276301392949,-1.4188281960054638,-1.50849082224737,-0.0119896124876804,-0.4285054763750562,1,0.7495407019145532,0.4990816636643103,0.5628431485247986,5.618855813471635e-08,0.7495407019145532,2.0364661754018188e-07,0.25045903825024296,0.0508176921283214,0.0549,0.0218,0.0567999999999999,0.0008,0.0354527452152781,-0.0037216226274656,-0.3666666666666665,-0.0033333333333333,-0.0499999999999999,Slowdown / Shock
1955-01-31,0.8126191949762328,-1.5122640084684966,-1.0956088811301965,-0.0900846034654183,-0.5413473173262459,3,0.9928930380223568,0.9857864298957968,0.0422416189987875,1.5365363707778588e-07,0.007106608126560051,2.0019728076876134e-07,0.9928930380223568,0.0180656346344829,0.006,0.0024,0.021,0.0008,0.0669621393400494,-0.0063103192279139,-0.2666666666666666,-0.02,-0.0633333333333331,Growth
1955-02-28,1.0092852550850044,-1.5118420685033087,-0.8203542537187466,-0.1057036016609651,-0.4285054763750562,3,0.9999907706013159,0.9999819067124489,0.00011783427513121078,1.710451337425936e-08,8.8638888670184e-06,3.484055198151694e-07,0.9999907706013159,0.0035489284637537,0.0302,0.0155,0.0060999999999999,0.0009,0.0771494060344255,-0.0062986291218969,-0.1999999999999998,-0.0233333333333332,-0.0499999999999999,Growth
1955-03-31,1.6232941947132782,-1.4721401546162125,-0.5450996263072982,0.0661053784900575,-0.4002950161372604,3,0.9999998274611392,0.9999996561179209,2.8672574169729505e-06,3.29788514766503e-10,8.656566401384947e-10,1.7134321840339682e-07,0.9999998274611392,-0.0048965315205979,-0.0015,-0.0065,0.0192999999999999,0.001,0.1089549591495118,-0.0051986632008912,-0.1333333333333334,0.0133333333333334,-0.0466666666666668,Growth
1955-04-30,2.0127980435732797,-1.3785649889180962,-0.2698449988958488,-0.3556075727897254,-0.2874531751860683,3,0.9999998436801556,0.9999996873765497,2.606222606861852e-06,1.60373923281078e-11,1.9761209641274694e-14,1.5630360590660233e-07,0.9999998436801556,0.0377254561055384,0.0311,-0.0175,0.0075,0.001,0.1291311887675159,-0.0026061057334326,-0.0666666666666667,-0.0766666666666666,-0.0333333333333333,Growth
1955-05-31,2.2284038956804504,-1.4989457745239734,-0.5450996263072982,-0.2618935836164406,-0.2310322547104728,3,0.9999998723801663,0.9999997447606497,2.153481553862918e-06,1.6002674850996392e-13,3.652826766770821e-17,1.2761951662069557e-07,0.9999998723801663,-0.0013171559079673,0.0093999999999999,-0.0025,-0.0096,0.0014,0.1402995332956422,-0.005941329372447,-0.1333333333333334,-0.0566666666666667,-0.0266666666666666,Growth
1955-06-30,2.1916377369786613,-1.59265101783554,-0.5450996263072971,-0.0432276088787757,-0.2028217944726744,3,0.9999998545458871,0.999999709092073,2.435394476052235e-06,1.3613542109318888e-13,1.841511308108879e-17,1.4545381413878745e-07,0.9999998545458871,0.0823001568040826,0.0655,-0.0461,0.0185,0.001,0.1383950528590294,-0.0085374907201187,-0.1333333333333331,-0.01,-0.0233333333333332,Growth
1955-07-31,2.3310576246155748,-1.4188782061993326,-0.957981567424472,0.2222953604455319,-0.3438740956616637,3,0.9999997995532995,0.9999995991066305,3.291877295601178e-06,8.57510377490071e-15,1.8601223643499696e-16,2.0044666901557303e-07,0.9999997995532995,0.0606873446879849,0.0189,-0.012,0.0039,0.001,0.1456169780710952,-0.0037230081906179,-0.2333333333333334,0.0466666666666666,-0.04,Growth
1955-08-31,2.335236604187025,-1.4592564851596137,-0.1322176851901234,-0.3712265709852722,-0.4285054763750575,3,0.9999997340428662,0.9999994680859076,4.292530272301183e-06,1.8482337284264596e-13,3.4907151498234625e-17,2.659569587323911e-07,0.9999997340428662,-0.0078125034239799,0.0022,-0.0046,0.0075,0.0016,0.1458334484645183,-0.0048417132216015,-0.0333333333333332,-0.0799999999999998,-0.0500000000000001,Growth
1955-09-30,2.445787501074131,-1.230649614656418,-0.1322176851901246,-0.7304635294828647,-0.3156636354238666,3,0.9999996607871828,0.9999993215746817,5.392342228001836e-06,1.9182685263276509e-13,3.943523077261753e-17,3.3921250113997563e-07,0.9999996607871828,0.0113477966722199,-0.0037,0.003,-0.0101,0.0016,0.1515599651256469,0.0014919806042521,-0.0333333333333335,-0.1566666666666665,-0.0366666666666667,Growth
1955-10-31,2.5531040040497768,-1.1494193511682955,0.4182915696327744,-1.0116054970027204,0.2485455693320877,3,0.9999943362819386,0.9999886725638629,7.408951624195876e-05,1.0434771434962585e-13,1.0423808289352387e-16,5.66371807563614e-06,0.9999943362819386,-0.0304556462588361,-0.0266999999999999,0.0146,-0.0011,0.0018,0.1571189407613822,0.0037425149700598,0.0999999999999999,-0.2166666666666666,0.0299999999999999,Growth
1955-11-30,2.2538761873406683,-1.1497219982125717,0.0054096285156007,-0.6523685385051285,0.276756029569886,3,0.9999994737578638,0.999998947522398,8.134471934825356e-06,6.787483530973351e-12,3.385932163144666e-15,5.262354657856443e-07,0.9999994737578638,0.0748700556807049,0.0704,-0.022,0.0033,0.0017,0.1416189934420246,0.003734129947722,0.0,-0.1400000000000001,0.0333333333333333,Growth
1955-12-31,2.05349605413143,-1.1496716512506469,0.1430369422213261,-0.7460825276784137,0.1074932681431009,3,0.9999993222675153,0.9999986446220073,1.03054596093728e-05,8.715525053373413e-11,4.846113744175878e-16,6.776455080194248e-07,0.9999993222675153,-0.000659168982713,0.0149,0.0197999999999999,-0.0210999999999999,0.0018,0.1312393384261663,0.0037355248412402,0.0333333333333335,-0.1600000000000001,0.0133333333333334,Growth
1956-01-31,1.7008931050657845,-1.203603316855142,-0.4074723126015729,-0.2462745854208931,-0.0335590330458882,3,0.9999998740522721,0.9999997493741386,2.1340284796275382e-06,1.2697059405885128e-09,2.9317885692850117e-15,1.2467813350202375e-07,0.9999998740522721,-0.0364995572585813,-0.0302999999999999,0.005,0.0081999999999999,0.0022,0.1129745688092402,0.0022413149047439,-0.0999999999999999,-0.0533333333333333,-0.0033333333333332,Growth
1956-02-29,1.248335377282001,-1.2306696934038492,-0.4074723126015735,-0.1994175908342502,0.1357037283808981,3,0.9999990475657784,0.9999983776711463,1.4736290339992788e-05,6.698946321210407e-07,3.2542274771096704e-14,2.8253947371570005e-07,0.9999990475657784,0.034687368059092,0.0378,-0.0097,-0.0046,0.0019,0.0895321595547691,0.0014914243102162,-0.1,-0.0433333333333333,0.0166666666666667,Growth
1956-03-31,0.7671542723918328,-1.1497723075880948,0.0054096285156007,0.4565803333787447,-0.0617694932836865,3,0.9972884482508416,0.994587304335306,0.018802062635995355,0.002701143915535708,6.981614613013833e-11,1.0407763694441535e-05,0.9972884482508416,0.0692545076991848,0.0664,-0.0213,-0.0049,0.0015,0.0646070644921052,0.0037327360955581,0.0,0.0966666666666666,-0.0066666666666666,Growth
1956-04-30,0.675097005082214,-1.095880904518587,0.0054096285156007,0.144200369467795,-0.5695577775640454,3,0.94832663925765,0.8967328502054811,0.2040097748642231,0.05159378905216896,2.6422440203139824e-07,7.930746558114738e-05,0.94832663925765,-0.0020626748157036,0.0028,-0.0003,-0.0016,0.0019,0.059838514531223,0.0052258305337813,0.0,0.0300000000000001,-0.0666666666666667,Growth
1956-05-31,0.1769687835967459,-0.9339449888326988,0.5559188833384993,-0.090084603465418,-0.2310322547104728,0,0.5552190139510589,0.11166569523482484,0.6955490690079958,0.5552190139510589,8.889567845560074e-06,0.0012187777647612464,0.44355331871623405,-0.0657296452039881,-0.0521999999999999,0.015,-0.0132,0.0023,0.0340355618638381,0.0097123645872245,0.1333333333333333,-0.02,-0.0266666666666666,Balanced
1956-06-30,-0.0258500404619761,-0.6899198504339625,0.1430369422213249,-0.3087505782030832,0.3331769500454802,0,0.9693449837144066,0.9387769836316349,0.13762092902210013,0.9693449837144066,2.685586890176063e-06,8.433061579530215e-05,0.03056800008277177,0.0391593015019358,0.0347,-0.0153,-0.011,0.002,0.023529583098701,0.0164732309996256,0.0333333333333332,-0.0666666666666667,0.0399999999999998,Balanced
1956-07-31,-0.7805310722539863,-0.5696392076730951,0.5559188833384998,0.3472473460099117,0.5306501717100649,0,0.9986083571664358,0.9979866220393574,0.011919016520434152,0.9986083571664358,0.00017977237912461915,0.0005901353274312067,0.000621735127078432,0.0515222079210557,0.0484,-0.0169,-0.0007,0.0022,-0.0155627591986937,0.0198056801195813,0.1333333333333334,0.0733333333333332,0.0633333333333333,Balanced
1956-08-31,0.0212929812591387,-0.4875201771097793,-0.2698449988958488,0.4253423369876496,-0.1746113342348774,0,0.9996662977149746,0.999335272066845,0.0030217616506446514,0.9996662977149746,4.1734639286213454e-07,2.2592905402022017e-06,0.0003310256481296001,-0.0380644075996741,-0.0319,0.0189,-0.0073,0.0017,0.0259715831814104,0.0220808383233532,-0.0666666666666667,0.09,-0.02,Balanced
1956-09-30,0.3419259062804423,-0.6123636233474684,-0.5450996263072977,0.05048638029451,-0.2028217944726732,0,0.9982338277796199,0.9964735668014045,0.013003899386322695,0.9982338277796199,3.390509462176361e-06,2.5207328178385933e-06,0.0017602609782153998,-0.0454641112128417,-0.0513999999999999,0.016,0.0175,0.0018,0.0425803112780802,0.0186219739292365,-0.1333333333333333,0.01,-0.0233333333333331,Balanced
1956-10-31,0.1813384155397798,-0.3559139632110075,-0.6827269400130231,-0.5586545493318428,0.3895978705210769,0,0.9987616608366884,0.9975282469900589,0.009559972351788727,0.9987616608366884,2.0076546933409949e-07,4.724551208345238e-06,0.0012334138466294127,0.0050717390225458,0.0052,-0.0012,-0.0007,0.0025,0.0342619080159669,0.0257270693512303,-0.1666666666666668,-0.1199999999999999,0.0466666666666667,Balanced
1956-11-30,-0.0402228923140982,-0.4385531463758581,0.2806642559270502,-0.3556075727897254,0.4178083307588739,0,0.999910424345574,0.9998244562375947,0.0009405399631116902,0.999910424345574,2.715368532161895e-07,3.3360095598746907e-06,8.596810797927087e-05,-0.0109697231222869,0.0034999999999999,-0.0021,0.0176,0.002,0.0227850719466733,0.0234375,0.0666666666666667,-0.0766666666666666,0.0499999999999999,Balanced
1956-12-31,0.1772595598074803,-0.2636127216105753,0.418291569632775,-0.2462745854208931,0.2485455693320877,0,0.9999026352474772,0.9998113261979076,0.0010196411482214533,0.9999026352474772,3.89862394115899e-08,6.01671651889e-06,9.130904956969412e-05,0.0352705473227223,0.0316,-0.0002,-0.0215,0.0024,0.0340506240194815,0.0282843319687382,0.1,-0.0533333333333333,0.0299999999999999,Balanced
1957-01-31,-0.0204671515245269,-0.1544685956243466,0.418291569632775,-0.1369415980520602,0.5588606319478632,0,0.9999452136318521,0.9998991994885267,0.0006165503835529855,0.9999452136318521,1.3257527903902615e-08,8.758967255676216e-06,4.6014143325415206e-05,-0.041782666054179,-0.0356999999999999,0.0338,0.0283,0.0027,0.0238084157816849,0.0313082370480806,0.1,-0.0299999999999999,0.0666666666666667,Balanced
1957-02-28,0.3496771832136222,-0.0213533404496922,-0.5450996263072977,-0.4024645673763682,1.066648916228221,0,0.9996065930695174,0.9992248995865118,0.003530613982029894,0.9996065930695174,1.22740893824127e-09,1.1712220038331764e-05,0.0003816934830055471,-0.0326476489113782,-0.0207,-0.0075,-0.0066,0.0024,0.0429818260351084,0.0349962769918095,-0.1333333333333333,-0.0866666666666667,0.1266666666666666,Balanced
1957-03-31,0.325296238193827,0.0175056625971519,-0.6827269400130225,-0.0744656052698701,0.6717024728990516,0,0.9988932655126735,0.9977976045832728,0.008700955194384298,0.9988932655126735,1.3057030974892805e-09,1.1072252236726655e-05,0.0010956609294006788,0.0196486898242727,0.0213,0.0033,-0.0053,0.0023,0.0417188974492599,0.0360728895500186,-0.1666666666666666,-0.0166666666666666,0.0799999999999997,Balanced
1957-04-30,-0.092481326361065,0.0557801801262902,-0.4074723126015735,0.0973433748811521,-0.2028217944726744,0,0.9995727891691976,0.9991480360062481,0.0037566496891189133,0.9995727891691976,1.5015623099775672e-10,2.457517484728379e-06,0.000424753162949428,0.036953095569278,0.0426,-0.0157,-0.0147,0.0025,0.0200780944215606,0.0371333085777942,-0.1,0.02,-0.0233333333333332,Balanced
1957-05-31,0.0085985906359069,0.010762010843535,0.2806642559270497,0.4721993315742925,-0.5977682378018436,0,0.9994204286385764,0.998855264838137,0.004966537742681944,0.9994204286385764,3.6798129103078984e-10,1.4407193004971854e-05,0.0005651638004393938,0.0369479353890052,0.0346,-0.0108,-0.0200999999999999,0.0026,0.0253140160204579,0.0358860525342212,0.0666666666666665,0.1,-0.0700000000000001,Balanced
1957-06-30,0.234912520080372,-0.0082571129572298,0.8311735107499482,0.2847713532277217,-0.5413473173262459,0,0.9921594534615169,0.984891444863778,0.047874060700359544,0.9921594534615169,4.086097886080915e-08,0.0005724970796974039,0.007268008597738947,-0.0012650510838067,-0.0075,0.0059,-0.0003,0.0024,0.0370370370370372,0.0353591160220994,0.1999999999999998,0.0599999999999999,-0.0633333333333331,Balanced
1957-07-31,0.99513603769612,-0.0941603797461893,0.418291569632775,0.5659133207475769,-0.4567159366128545,0,0.9844811824347275,0.9692511918752166,0.0814814137861114,0.9844811824347275,5.801026013141943e-09,0.00028882120470346813,0.015229990559510957,0.0113996395968645,0.0066,-0.008,0.0048,0.003,0.0764164791075447,0.0329791132282888,0.1,0.1199999999999999,-0.0533333333333333,Balanced
1957-08-31,0.1797563701940627,-0.0025178716650538,0.0054096285156007,0.0348673820989621,-0.0899799535214823,0,0.9968707835111742,0.9937647555709751,0.021307262470224617,0.9968707835111742,1.3865287097650305e-10,2.3188409911265317e-05,0.0031060279401990566,-0.0561469136981073,-0.0512,0.0006,-0.0045,0.0025,0.0341799583503739,0.0355181252288538,0.0,0.0066666666666666,-0.0099999999999997,Balanced
1957-09-30,-0.4322658284612067,-0.0043928010158346,0.1430369422213261,-0.1837985926387024,0.5024397114722665,0,0.9960158533969231,0.9927628537421822,0.027889506837012495,0.9960158533969231,7.552420456640843e-10,0.0032529996547408613,0.0007311461930790319,-0.0619195704593631,-0.0599,0.0006,0.0095,0.0026,0.0024773180619006,0.0354661791590493,0.0333333333333335,-0.0399999999999998,0.0599999999999999,Balanced
1957-10-31,-0.8827142950621162,-0.2217617590386637,0.4182915696327744,-0.5898925457229377,0.6152815524234574,0,0.7572792534422571,0.5148734114585255,0.5566038332223742,0.7572792534422571,2.2747613725048443e-12,0.2424058419837316,0.00031490457155269435,-0.0320602747373506,-0.0432,-0.0246,-0.0187999999999999,0.0029,-0.0208558318410273,0.0294438386041437,0.0999999999999999,-0.1266666666666666,0.0733333333333332,Balanced
1957-11-30,-1.1729740854783417,-0.1036796416805227,1.381682765572847,-0.2306555872253453,1.3487535186061963,2,0.9999984088402851,0.9999968360838312,2.2935174277293958e-05,1.5727564539834153e-06,1.655528340451953e-14,0.9999984088402851,1.8403277692627283e-08,0.0160740337393516,0.0231,0.004,-0.0291,0.0028,-0.0358912370044214,0.0327153762268266,0.3333333333333333,-0.0499999999999999,0.1599999999999998,Inflationary Stress
1957-12-31,-1.798536259656292,-0.1871875885925009,1.1064281381613976,-0.3399885745941782,2.2796987064535235,2,0.9999999999922693,0.9999999999844921,2.0565073080702023e-10,7.777249682503687e-12,3.868432801023948e-21,0.9999999999922693,3.333939991425236e-14,-0.041466910153824,-0.039,-0.0091,-0.0176,0.0024,-0.06829524560021,0.0304017372421281,0.2666666666666666,-0.0733333333333334,0.2700000000000002,Inflationary Stress
1958-01-31,-2.0632976161566123,-0.0191970859655537,1.794564706690021,0.4097233387921018,2.025804564313343,2,1.0,0.9999999999999999,-9.980938799582961e-13,3.437661885217238e-18,8.982578922037766e-25,1.0,6.876471277894474e-17,0.0427606654838783,0.0465,0.0429,0.0434,0.0028,-0.0820098364530587,0.0350560173473075,0.4333333333333333,0.0866666666666666,0.24,Inflationary Stress
1958-02-28,-2.609496787267125,-0.1159975603977383,1.794564706690022,1.7373381854136392,0.6717024728990554,2,1.0,1.0,-9.998538733304919e-13,2.3951480710076948e-21,8.16474772169679e-31,1.0,8.503527332052631e-18,-0.0206235154584428,-0.0153,0.0075,0.0023,0.0012,-0.1103028557024018,0.0323741007194244,0.4333333333333335,0.3699999999999999,0.0800000000000002,Inflationary Stress
1958-03-31,-2.799488655006201,0.0239954115098935,2.0698193341014703,2.36209811323554,-0.3438740956616649,2,1.0,1.0,-1.0000888297097816e-12,2.3087388354803976e-26,5.136942953350262e-31,1.0,2.5649222708901397e-21,0.0308520645647785,0.0327,0.0069,-0.0103,0.0009,-0.1201444004272522,0.0362526920315866,0.5,0.5033333333333333,-0.0400000000000001,Inflationary Stress
1958-04-30,-2.854679477601867,0.0207159723450451,2.207446647807196,1.7217191872180924,0.1357037283808968,2,1.0,1.0,-1.0000876088104803e-12,2.8767083225989815e-27,3.0296727788019374e-21,1.0,4.3721088892793925e-20,0.0318289834003577,0.0308999999999999,-0.0069,0.0163999999999999,0.0008,-0.1230032751540509,0.0361618331543143,0.5333333333333335,0.3666666666666667,0.0166666666666666,Inflationary Stress
1958-05-31,-2.62511989627093,-0.0727814876384779,1.381682765572847,0.7689602972896946,0.2485455693320877,2,1.0,0.9999999999998826,2.3564499573801677e-12,4.5351110298056835e-17,4.590490801082305e-15,1.0,1.173130730232981e-13,0.0149632031866422,0.0232,0.0216,-0.002,0.0011,-0.1111121299509887,0.0335714285714285,0.3333333333333333,0.1633333333333333,0.0299999999999999,Inflationary Stress
1958-06-30,-2.215722545286935,-0.2572858111835145,0.8311735107499482,0.7221033027030525,-0.3438740956616637,2,0.9999999996293809,0.9999999993361957,8.630497027571543e-09,7.11230126389074e-11,6.458793259875717e-12,0.9999999996293809,2.9318529985580277e-10,0.0260830465388739,0.0293,-0.0014,0.0031,0.0003,-0.0899054204855204,0.0284596229099964,0.1999999999999998,0.1533333333333334,-0.04,Inflationary Stress
1958-07-31,-2.0632976161566123,-0.3882384156853455,0.1430369422213249,0.8470552882674323,-1.3030297437467848,2,0.9999999787323761,0.9999999593726601,4.0444439209165795e-07,1.9359716064826232e-08,4.4988925942802595e-10,0.9999999787323761,1.4581830621924153e-09,0.0431033792195976,0.0438999999999999,0.0046999999999999,0.0306999999999999,0.0007,-0.0820098364530587,0.0248315005321035,0.0333333333333332,0.18,-0.1533333333333333,Inflationary Stress
1958-08-31,-1.708870564365643,-0.4421427404446783,0.0054096285156007,-0.2462745854208924,-1.6133448063625602,2,0.9999972461998087,0.999994547685304,3.8305804710013326e-05,2.698514504669579e-06,9.65540013497422e-09,0.9999972461998087,4.5630506352022434e-08,0.0118669504044881,0.019,0.0115,0.0033,0.0004,-0.063650578641624,0.0233380480905234,0.0,-0.0533333333333332,-0.19,Inflationary Stress
1958-09-30,-1.38572050282561,-0.5325473318076397,-0.2698449988958488,-1.2771284663270284,-1.3312402039845803,2,0.9998256240595322,0.9996684943092607,0.0017398974890903247,0.0001571297502714549,2.2308677693361114e-08,0.9998256240595322,1.7223881543259774e-05,0.0483769921108065,0.0466,0.0008,0.0279999999999999,0.0019,-0.0469114633240567,0.0208333333333332,-0.0666666666666667,-0.2733333333333334,-0.1566666666666664,Inflationary Stress
1958-10-31,-0.8913800438570705,-0.5325473318076397,-1.0956088811301965,-1.7456984121934531,-0.5977682378018425,2,0.9818639065443603,0.9649400107718938,0.09514580002754056,0.0012120120229972367,1.8566000134435506e-07,0.9818639065443603,0.016923895772466408,0.025369564980501,0.0253,0.0105,-0.0113,0.0018,-0.0213047160767304,0.0208333333333332,-0.2666666666666666,-0.3733333333333333,-0.0699999999999999,Inflationary Stress
1958-11-30,0.1394685507046114,-0.5984524417619196,-1.6461181359530954,-1.214652473544838,-0.0053485728080911,3,0.8518760388608235,0.7037752336974201,0.4196828741965476,1.3492789568666142e-05,9.663186160975763e-06,0.1481008051634034,0.8518760388608235,0.0224040068217159,0.0301,0.0204999999999999,-0.0116999999999999,0.0011,0.0320930565156245,0.0190073917634634,-0.4000000000000001,-0.2599999999999999,0.0,Growth
1958-12-31,0.5559837964775186,-0.6506095752583012,-1.2332361948359205,-0.3556075727897254,-0.3438740956616649,3,0.9995901332246352,0.9991908251524515,0.0036572223088123554,1.0202923893571468e-05,3.5577943168808814e-07,0.00039930807218365854,0.9995901332246352,0.0520198088042893,0.0516,-0.0202,0.0006,0.0022,0.053668471656475,0.0175623463294696,-0.2999999999999998,-0.0766666666666666,-0.0400000000000001,Growth
1959-01-31,1.2445541193935945,-0.8182056383712556,-0.957981567424472,0.0504863802945092,-0.7670309992286275,3,0.9999992547835111,0.9999985627738308,1.1460425364242363e-05,5.1117239256932794e-08,2.08965273472771e-09,6.920096803810064e-07,0.9999992547835111,0.0043470690535529,0.0070999999999999,0.0302,0.0292,0.0021,0.0893362910733031,0.0129189944134078,-0.2333333333333334,0.0099999999999999,-0.0899999999999998,Growth
1959-02-28,2.123704887990016,-0.9072140500444176,-0.4074723126015729,0.3003903514232688,-0.5695577775640454,3,0.9999997935356291,0.9999995871216625,3.3850619208650497e-06,5.0020803112706554e-11,1.8469576088190897e-13,2.064139666213737e-07,0.9999997935356291,-0.000721387105085,0.0095,0.0148,0.0115,0.0019,0.1348761434469358,0.0104529616724737,-0.0999999999999999,0.0633333333333331,-0.0666666666666667,Growth
1959-03-31,2.715223690497744,-1.1594791068940018,-0.8203542537187478,0.1598193676633429,-0.372084555899462,3,0.9999997990267022,0.9999995980535216,3.2999967036760134e-06,3.611411740218083e-16,1.8499689545435907e-16,2.00973180652566e-07,0.9999997990267022,0.0005413964876284,0.0028,0.0144999999999999,-0.0034,0.0022,0.1655167114867459,0.003463803255975,-0.2000000000000001,0.0333333333333335,-0.0433333333333334,Growth
1959-04-30,3.581264333034902,-1.234613092793588,-1.0956088811301965,-0.043227608878775,-0.3156636354238666,3,0.9999986414573092,0.9999972829144091,1.9711228712460722e-05,7.229974271126377e-24,5.893289187353194e-17,1.358542900079175e-06,0.9999986414573092,0.0387806922643594,0.0366,-0.0068,-0.0124,0.002,0.2103774616782903,0.0013821700069107,-0.2666666666666666,-0.0099999999999999,-0.0366666666666667,Growth
1959-05-31,3.702687933833734,-1.1597815090911594,-1.0956088811301974,0.3316283478143645,-0.7952414594664245,3,0.9999941181086067,0.9999882362170308,7.672121061181511e-05,1.9022604813268517e-24,8.48669804785644e-16,5.88189157590091e-06,0.9999941181086067,0.0189268996301419,0.0173,-0.021,0.018,0.0022,0.2166671824549459,0.0034554250172771,-0.2666666666666669,0.0699999999999999,-0.0933333333333331,Growth
1959-06-30,3.1250245756423025,-1.0348033596700137,-0.8203542537187466,-0.0900846034654187,-0.4567159366128521,3,0.99999967258378,0.9999993451673949,5.216406518365475e-06,6.768014401583906e-19,1.542143594091244e-15,3.274163851436594e-07,0.99999967258378,-0.0035787164856938,-0.0024,0.0067,0.0132,0.0024,0.1867443239494659,0.0069180214458663,-0.1999999999999998,-0.0200000000000001,-0.053333333333333,Growth
1959-07-31,2.2484461238668105,-0.9596694039254674,-0.1322176851901246,0.05048638029451,-0.1746113342348786,3,0.999999815594964,0.9999996312017635,3.043936095016264e-06,1.1804507120168931e-11,2.905737593498162e-16,1.8439320043442278e-07,0.999999815594964,0.0348896367066904,0.0318,-0.0034999999999999,0.0027,0.0025,0.1413377171265029,0.0089996538594667,-0.0333333333333335,0.01,-0.0200000000000001,Growth
1959-08-31,1.0845964208599943,-0.9851744804521698,0.1430369422213261,-0.6523685385051279,0.0228618874297059,3,0.999994315110841,0.999990051722323,7.754237000270572e-05,4.263388518032254e-06,5.923655647628568e-15,1.4215007537946384e-06,0.999994315110841,-0.0150388344514013,-0.0138,-0.0078,0.0044,0.0019,0.0810505109347314,0.008293020041465,0.0333333333333335,-0.1399999999999999,0.0033333333333332,Growth
1959-09-30,0.8701816096815683,-0.8600151407557108,0.6935461970442239,-0.7617015258739609,-0.5695577775640454,3,0.9998485646498366,0.9997285577869967,0.0015607048030228156,3.14266822538419e-05,1.8050601940882554e-09,0.00012000686283998982,0.9998485646498366,-0.0456375415376379,-0.0481,-0.0015,0.0053,0.0031,0.0699438621134207,0.0117606364579729,0.1666666666666666,-0.1633333333333334,-0.0666666666666667,Growth
1959-10-31,0.4839519270326326,-0.7351664129597792,0.8311735107499494,-1.1209384843715526,0.1921246488564935,3,0.9977159560543521,0.9961715185746726,0.017611054367444794,0.0007395877956807159,1.8670227048816425e-08,0.001544437479679542,0.9977159560543521,0.0112517471453985,0.0128,0.0152,-0.021,0.003,0.049937233718807,0.0152196471809062,0.2000000000000001,-0.2399999999999999,0.0233333333333334,Growth
1959-11-30,0.024166951495948,-0.7857959143181305,0.8311735107499482,-1.042843493393815,0.192124648856491,3,0.9957980594315347,0.993430477050029,0.030089214539476026,0.0018311490510662077,3.2091357370469276e-06,0.0023675823815056487,0.9957980594315347,0.0132127662636454,0.016,0.0126,-0.0322,0.0026,0.0261204543250022,0.0138169257340241,0.1999999999999998,-0.2233333333333333,0.0233333333333331,Growth
1959-12-31,1.2225422756031257,-0.7363041438585762,-0.2698449988958488,-0.6836065348962223,0.2485455693320877,3,0.9999873116171408,0.9999775837540151,0.0001626911072637731,9.72786312567276e-06,7.178267548856325e-09,2.953341531078808e-06,0.9999873116171408,0.0276252684295437,0.0246,-0.0063,-0.0001,0.0034,0.0881960815068714,0.0151881256472212,-0.0666666666666667,-0.1466666666666665,0.0299999999999999,Growth
1960-01-31,1.457455583139563,-0.8365947072270827,-0.6827269400130225,-0.1681795944431559,-0.3720845558994608,3,0.999999816886901,0.9999996635036588,3.1064749342086697e-06,2.9471982928659228e-08,2.5788414279812984e-10,1.5338324222140514e-07,0.999999816886901,-0.0714643316566244,-0.0698,0.0212,0.0265,0.0033,0.1003645487686251,0.0124095139607032,-0.1666666666666666,-0.0366666666666667,-0.0433333333333333,Growth
1960-02-29,0.8640857433928921,-0.7742096237315512,-1.3708635085416456,0.2379143586410801,0.3331769500454815,3,0.9997887621214904,0.9996621590514659,0.0021410609840511853,8.463334969344601e-05,1.458882951929884e-09,0.00012660307002446835,0.9997887621214904,0.0091709821243604,0.0116,0.006,-0.0197,0.0029,0.0696280973313243,0.0141379310344826,-0.3333333333333333,0.0500000000000001,0.04,Growth
1960-03-31,0.388026484712212,-0.7363041438585762,0.1430369422213261,1.159435252178382,1.1512802969416145,0,0.9883669596449379,0.9789473121450774,0.06903834684611976,0.9883669596449379,6.362370069990057e-11,0.0022133927916590667,0.009419647499860594,-0.0138987668236343,-0.0163,-0.0055,-0.0275,0.0034999999999999,0.0449683129850839,0.0151881256472212,0.0333333333333335,0.2466666666666666,0.1366666666666667,Balanced
1960-04-30,-0.1892483272029549,-0.5870367146666443,0.0054096285156007,1.0657212630050974,0.8409652343258391,0,0.9999268765279438,0.9998787479639046,0.0008178239083743444,0.9999268765279438,2.4122511229356034e-07,4.812856403918245e-05,2.4753682827671303e-05,-0.0175280306835663,-0.0171,0.0022,-0.0214,0.0019,0.0150655811071329,0.0193236714975844,0.0,0.2266666666666667,0.0999999999999999,Balanced
1960-05-31,-0.5021059206255567,-0.6257647057895624,0.4182915696327744,0.8314362900718836,0.2203351090942931,0,0.9999448404366704,0.9999029129579231,0.0006353846121921735,0.9999448404366704,7.735592999584439e-06,4.192747874737034e-05,5.4964916340407505e-06,0.0268530978085732,0.0312,0.0129,-0.0373,0.0027,-0.0011403862051423,0.0182506887052342,0.0999999999999999,0.1766666666666664,0.0266666666666669,Balanced
1960-06-30,-0.7662887411554387,-0.6645460367355357,0.0054096285156007,1.1750542503739303,0.3049664898076819,0,0.9999267558022674,0.9998630547286527,0.0008033547948987664,0.9999267558022674,7.913598652403593e-06,6.3701073614707e-05,1.6295253491281116e-06,0.0195234874107479,0.0208,-0.0028,-0.0027,0.0024,-0.0148250089983273,0.0171762281003091,0.0,0.2500000000000001,0.0366666666666664,Balanced
1960-07-31,-0.3673590146709503,-0.7892175602937291,0.4182915696327744,0.8626742864629794,1.123069836703816,0,0.9992119968667146,0.9986360334809105,0.006886851167732868,0.9992119968667146,0.0005759633858041457,0.00021048514674573785,1.5546008665155568e-06,-0.0247716073923098,-0.0237,-0.0052,0.021,0.0013,0.0058394793926246,0.0137221269296741,0.0999999999999999,0.1833333333333332,0.1333333333333333,Balanced
1960-08-31,0.290236803115159,-0.7526187077054803,0.6935461970442239,0.6908653063119579,0.9820175355148272,0,0.9956425907117762,0.9917641712770271,0.029708062230950263,0.9956425907117762,0.003878419434749087,0.000426963450008059,5.202640326134873e-05,0.0261214340980617,0.03,0.0069,-0.0018,0.0017,0.039902824990682,0.0147361206305689,0.1666666666666666,0.1466666666666668,0.1166666666666665,Balanced
1960-09-30,0.1042149484959199,-0.8402698342673671,0.1430369422213249,-0.5742735475273913,0.2767560295698873,0,0.987048520849901,0.9741888996210476,0.06972503939478743,0.987048520849901,0.012859621228853422,4.3435723412208695e-06,8.75143489373815e-05,-0.0603932352879326,-0.06,-0.0112,0.0168,0.0016,0.0302669262344832,0.0123076923076923,0.0333333333333332,-0.1233333333333335,0.0333333333333335,Balanced
1960-10-31,0.2261695121702447,-0.792592573956204,0.8311735107499482,-0.01198961248768,-0.287453175186067,1,0.5626784262220559,0.12567840219386034,0.6880899455938514,0.43700002402819554,0.5626784262220559,7.888002580709659e-05,0.00024266972415656803,-0.002429018441766,-0.0070999999999999,-0.0409,0.0283,0.0022,0.0365841507930038,0.0136286201022146,0.1999999999999998,-0.0033333333333332,-0.0333333333333332,Slowdown / Shock
1960-11-30,-0.1758525494523374,-0.7556994558582799,0.6935461970442239,0.0973433748811521,-0.372084555899462,1,0.7715613174489337,0.5431235986129256,0.5373957975100071,0.2284377188360082,0.7715613174489337,9.614426080712255e-07,2.2725707366653286e-09,0.040269742469706,0.0469,0.0038,-0.0239,0.0013,0.0157594799956786,0.0146507666098807,0.1666666666666666,0.02,-0.0433333333333334,Slowdown / Shock
1960-12-31,-1.670141989256121,-0.7935961269816506,1.5193100792785712,0.4253423369876496,0.1357037283808968,1,0.9999998337671197,0.9999996675770572,2.7614969064806507e-06,4.262848048581542e-11,0.9999998337671197,1.6619006244548294e-07,7.863227977217467e-16,0.0462729501703289,0.0473,-0.0158,-0.0077,0.0016,-0.0616444453865231,0.0136008160489629,0.3666666666666665,0.09,0.0166666666666666,Slowdown / Shock
1961-01-31,-2.112120780789269,-0.7069022253154124,0.6935461970442239,0.0192483839034135,0.1074932681430984,1,0.9999999632077567,0.9999999264918932,6.671442480352959e-07,7.625162101967097e-11,0.9999999632077567,3.671586357415855e-08,3.2312386279308317e-14,0.0631560511168114,0.062,0.006,0.0365,0.0019,-0.0845388676377034,0.0160027238678923,0.1666666666666666,0.0033333333333331,0.0133333333333331,Slowdown / Shock
1961-02-28,-1.9750994976694003,-0.7567782753606367,1.1064281381613987,-0.3087505782030832,0.3895978705210781,1,0.9999999749970815,0.9999999499964253,4.6268071476996423e-07,2.1850092745208877e-12,0.9999999749970815,2.5000656206687583e-08,4.978314754659579e-14,0.0268695351280645,0.0356999999999999,0.0389,-0.0058,0.0014,-0.0774411897100748,0.014620877252635,0.2666666666666669,-0.0666666666666667,0.0466666666666668,Slowdown / Shock
1961-03-31,-1.7043889066550832,-0.7567782753606367,0.4182915696327756,-0.3712265709852725,0.051072347667503,1,0.9999998275975635,0.9999996811362928,2.936576413201961e-06,1.4646127067936506e-07,0.9999998275975635,2.4245083014407848e-08,1.6960000485865172e-09,0.025535923186523,0.0289,0.0322,-0.0081999999999999,0.002,-0.0634184295747991,0.014620877252635,0.1000000000000002,-0.0799999999999999,0.0066666666666665,Slowdown / Shock
1961-04-30,-1.1853153587511118,-0.954598406813428,0.5559188833384998,-0.1681795944431552,-0.0899799535214836,1,0.9998252857456372,0.9996531584292707,0.00169998839496212,0.00017212731636653312,0.9998252857456372,2.339449616752165e-08,2.563543431924753e-06,0.0038426069686652,0.0029,0.0007,0.0213,0.0017,-0.0365305127498568,0.0091401489505755,0.1333333333333334,-0.0366666666666666,-0.0099999999999999,Slowdown / Shock
1961-05-31,-0.8772273301308336,-0.954933106585278,0.280664255927049,0.0973433748811521,0.0228618874297047,1,0.9437761531036467,0.8888327084779744,0.22255722045802118,0.05494344462567233,0.9437761531036467,4.316827659875571e-08,0.0012803591022964677,0.0191394893083336,0.024,0.0197,0.0038,0.0018,-0.0205716080402009,0.0091308758877239,0.0666666666666664,0.02,0.0033333333333331,Slowdown / Shock
1961-06-30,-0.368402727560936,-1.0041372064359717,0.0054096285156007,0.3160093496188167,-0.3720845558994582,1,0.4903101428701434,0.08512609051810127,0.9515419732248379,0.40518405235204213,0.4903101428701434,1.0344752983136842e-06,0.10450477030236278,-0.0288461273943874,-0.0308,-0.0249,-0.0009,0.002,0.005785415251833,0.0077676460655184,0.0,0.0666666666666665,-0.043333333333333,Slowdown / Shock
1961-07-31,-0.0764962460945345,-0.8325653206375951,0.0054096285156007,0.3003903514232695,-0.1746113342348774,3,0.4805384989604662,0.07563813619419196,0.9665686215250413,0.4805384989604662,0.11454964856435826,1.1489708854444841e-05,0.4049003627662742,0.0327970725030906,0.0283,-0.0194,-0.0008,0.0018,0.0209061187167343,0.0125211505922167,0.0,0.0633333333333333,-0.02,Growth
1961-08-31,0.1259625058052671,-0.8822399852073195,-0.6827269400130225,0.3628663442054596,-0.6541891582774366,3,0.6824297984949949,0.38903921515919343,0.7108240880486848,0.2933905833358014,0.02413935396581757,4.0264203299517736e-05,0.6824297984949949,0.0196224912623663,0.0256999999999999,-0.0171,-0.003,0.0014,0.0313934458085216,0.0111448834853091,-0.1666666666666666,0.0766666666666666,-0.0766666666666665,Growth
1961-09-30,0.3139222240703992,-0.8334810967158619,-0.2698449988958488,0.2379143586410801,-0.0335590330458894,3,0.8271598863726073,0.6552539027869904,0.4662314205424733,0.17190598358561698,0.0009226133570898411,1.1516684828136803e-05,0.8271598863726073,-0.0196855640355249,-0.0215,-0.0107,-0.0060999999999999,0.0017,0.0411297255545421,0.0124957784532253,-0.0666666666666667,0.0500000000000001,-0.0033333333333334,Growth
1961-10-31,0.7236727594190778,-1.0054565645951516,-0.6827269400130225,-0.0900846034654173,0.1074932681430997,3,0.9979852916993092,0.9960418015380238,0.014838949784656644,0.0019434901612853548,6.822289401983272e-05,2.995245552846577e-06,0.9979852916993092,0.0283230824901803,0.0258,-0.0161,0.0018,0.0019,0.0623547299068523,0.0077310924369748,-0.1666666666666666,-0.0199999999999998,0.0133333333333333,Growth
1961-11-30,1.3398589702755317,-1.042098080501603,-0.6827269400130225,-0.2931315800075353,0.276756029569886,3,0.9999994638011759,0.9999992510536291,8.854599134011484e-06,1.975419150776108e-07,1.2590953286208183e-07,2.127475467747306e-07,0.9999994638011759,0.0393470830686708,0.0445,0.0126,-0.0121999999999999,0.0015,0.0942730652816492,0.0067159167226327,-0.1666666666666666,-0.0633333333333333,0.0333333333333333,Growth
1961-12-31,1.938975883775256,-1.0423420282386957,-0.957981567424472,-0.371226570985274,-0.2874531751860683,3,0.9999998953512713,0.999999790736867,1.786957827179722e-06,9.065541168528751e-12,2.5278333304115427e-11,1.0461440440747738e-07,0.9999998953512713,0.0032249489332272,-0.0017,-0.0087,0.0176,0.0019,0.1253072141101634,0.006709158000671,-0.2333333333333334,-0.0800000000000002,-0.0333333333333333,Growth
1962-01-31,1.7248807834080333,-1.0425854854642644,-0.957981567424472,-0.4024645673763682,-0.5977682378018425,3,0.9999998443795569,0.9999996888814979,2.596093785329473e-06,1.222351886902124e-10,1.3913066837525221e-14,1.5549805898125528e-07,0.9999998443795569,-0.0378757036796605,-0.0387,0.0174,0.0511,0.0024,0.1142171262516187,0.0067024128686326,-0.2333333333333334,-0.0866666666666667,-0.0699999999999999,Growth
1962-02-28,2.103293787629517,-0.9579151200350944,-0.8203542537187466,-0.2306555872253453,-0.4002950161372591,3,0.9999999056881324,0.9999998113807304,1.6200081749663208e-06,4.4401528683255215e-12,6.065437037305107e-16,9.430740195209138e-08,0.9999999056881324,0.0162696514550155,0.0181,-0.0115,0.0081999999999999,0.002,0.133818852103513,0.0090482573726542,-0.1999999999999998,-0.0499999999999999,-0.0466666666666667,Growth
1962-03-31,2.0876675662728843,-0.8853405210958141,-0.5450996263072982,-0.3868455691808197,0.1921246488564922,3,0.9999998807775299,0.9999997615931562,2.0202452827857017e-06,3.8258826805615464e-11,9.07541673990392e-17,1.1918437373022986e-07,0.9999998807775299,-0.0058604350783337,-0.0068,0.0066,-0.0158,0.002,0.133009416635607,0.011058981233244,-0.1333333333333334,-0.0833333333333331,0.0233333333333332,Growth
1962-04-30,1.692950461855712,-0.8001832412155306,-0.2698449988958488,-0.3868455691808204,0.5024397114722665,3,0.9999996428060242,0.9999993076767328,5.742535756664079e-06,2.206477657069572e-08,5.136948762314781e-16,3.3512929132580633e-07,0.9999996428060242,-0.0619698777695358,-0.0659,-0.0085,0.0014,0.0022,0.1125631413133392,0.0134183160013419,-0.0666666666666667,-0.0833333333333333,0.0599999999999999,Growth
1962-05-31,1.3445184953826133,-0.8006701556666522,0.0054096285156007,-0.1994175908342502,0.2767560295698847,3,0.9999985920486232,0.9999976672850244,2.128329735970689e-05,9.247635987780339e-07,2.6568056758001114e-13,4.831875286519738e-07,0.9999985920486232,-0.0859901437668464,-0.0866,-0.0314,0.0273,0.0024,0.0945144278477612,0.0134048257372654,0.0,-0.0433333333333333,0.0333333333333332,Growth
1962-06-30,1.0083809675598594,-0.8369574551362965,-0.1322176851901234,-0.043227608878775,-0.0053485728080923,3,0.9999891747974503,0.9999787764426066,0.00013639530341406686,1.0398354843680136e-05,3.468643075139864e-11,4.268128213732782e-07,0.9999891747974503,-0.0818380174526715,-0.085,-0.0046,0.0242,0.002,0.0771025641025642,0.0123994638069704,-0.0333333333333332,-0.0099999999999999,-1.480297366166875e-16,Growth
1962-07-31,0.9694240599040138,-0.922598069214378,-0.2698449988958476,-0.0276086106832279,-0.4002950161372579,3,0.9999914681439062,0.9999833094158459,0.00010965036278031436,8.158728060252373e-06,6.294183165202656e-10,3.72498599324757e-07,0.9999914681439062,0.0635616354746362,0.0626999999999999,0.0152,-0.0337,0.0027,0.0750846032624539,0.0100267379679144,-0.0666666666666664,-0.0066666666666666,-0.0466666666666665,Growth
1962-08-31,0.8039945509794516,-0.8746183553429296,0.2806642559270502,-0.0276086106832279,-0.1464008739970803,3,0.999936170700402,0.999874511196892,0.000689858458156192,6.165950351001028e-05,1.878998424939869e-09,2.1679172846591696e-06,0.999936170700402,0.0152842073955863,0.0213,0.0121999999999999,-0.0112,0.0023,0.0665153843255306,0.0113560454241816,0.0666666666666667,-0.0066666666666666,-0.0166666666666667,Growth
1962-09-30,0.9579714730776698,-0.7547724106403387,0.1430369422213249,0.0348673820989621,-0.1746113342348749,3,0.9997998680584667,0.9996009893898657,0.0019121676687870266,0.00019887866860088257,2.4718832202553455e-09,1.250801106298106e-06,0.9997998680584667,-0.0482070115969509,-0.0521999999999999,-0.024,0.0133,0.0021,0.074491361315796,0.0146764509673116,0.0333333333333332,0.0066666666666666,-0.0199999999999997,Growth
1962-10-31,0.5887884619706383,-0.802929538333208,0.0054096285156007,0.1598193676633422,0.0510723476675043,3,0.9962427344445307,0.9924882547702366,0.024753929266769604,0.003754479674294135,8.55379083541812e-09,2.777327380672362e-06,0.9962427344445307,0.0044428647230534,-0.0005,-0.0395,0.013,0.0026,0.055367747454309,0.0133422281521013,0.0,0.0333333333333333,0.0066666666666666,Growth
1962-11-30,0.3619258754570429,-0.802929538333208,0.0054096285156007,-0.1057036016609658,-0.1181904137592807,3,0.9905890511077781,0.9811816676112862,0.05330935972685606,0.009407383496491832,2.131004767181392e-07,3.352295444786282e-06,0.9905890511077781,0.1015569323651885,0.1089,0.025,0.0085,0.002,0.0436163060998031,0.0133422281521013,0.0,-0.0233333333333334,-0.0133333333333331,Growth
1962-12-31,0.1876972783188231,-0.8394926890990179,-0.1322176851901234,-0.324369576398631,0.0228618874297059,3,0.988266060255761,0.9765375622062266,0.06387574022131759,0.011728498049534472,1.4696276967075217e-06,3.972067204902182e-06,0.988266060255761,0.0134918113593551,0.0101,-0.0375999999999999,0.0032,0.0023,0.0345912959691665,0.0123292235921359,-0.0333333333333332,-0.0700000000000001,0.0033333333333332,Growth
1963-01-31,0.5093805045928232,-0.8038913984069657,0.4182915696327744,-0.4180835655719155,0.0510723476675043,3,0.9916251362002171,0.9832644493221151,0.04850514238567312,0.00836068687810194,3.4398110148138233e-06,1.0737110852149831e-05,0.9916251362002171,0.0491283446764658,0.0494,0.0301,0.0224,0.0025,0.0512544294826364,0.0133155792276964,0.0999999999999999,-0.09,0.0066666666666666,Growth
1963-02-28,0.4106860836925318,-0.8409706304014487,0.2806642559270502,-0.1369415980520602,-0.2028217944726757,3,0.9931705812786552,0.9863511234508099,0.04094250417542036,0.0068194578278452855,3.494009842745708e-06,6.466883516300142e-06,0.9931705812786552,-0.0288519051474904,-0.024,0.0046,0.0215,0.0023,0.0461420761543489,0.0122882763201594,0.0666666666666667,-0.0299999999999999,-0.0233333333333334,Growth
1963-03-31,0.4264360382224914,-0.8777430807582908,0.2806642559270502,0.081724376685605,-0.3156636354238666,3,0.9955920762593714,0.9911965060594127,0.028401670565535324,0.004395570199958745,5.199649397399384e-06,7.153891394975457e-06,0.9955920762593714,0.0354642828873597,0.0308,-0.0258,0.021,0.0023,0.0469579209784749,0.0112694729864102,0.0666666666666667,0.0166666666666667,-0.0366666666666667,Growth
1963-04-30,0.568346911138079,-0.9619150110392036,0.0054096285156007,0.2379143586410801,-0.51313685708845,3,0.9985743517649127,0.9971538324626753,0.01080458459439611,0.0014205193022373565,2.24054855347049e-06,2.8883841479289e-06,0.9985743517649127,0.0485204051635999,0.0451,-0.0126,0.01,0.0025,0.0543088787818866,0.0089374379344586,0.0,0.0500000000000001,-0.06,Growth
1963-05-31,0.8371310170816914,-0.9622350366386196,0.0054096285156007,0.003629385707867,-0.1464008739970803,3,0.9999018804706689,0.9998048559519936,0.0010102415115573488,9.702451867522969e-05,2.1224467470633475e-07,8.82765985549633e-07,0.9999018804706689,0.014326646938088,0.0176,0.0108,0.0255,0.0024,0.0682318473354977,0.0089285714285716,0.0,0.0,-0.0166666666666667,Growth
1963-06-30,0.9430392033517904,-0.8065959201171784,-0.1322176851901246,-0.0588466070743229,-0.2874531751860683,3,0.9999738968227546,0.9999482602411788,0.0003039454028826283,2.563658157585949e-05,4.156262411293609e-09,4.624393718220972e-07,0.9999738968227546,-0.0201977435527846,-0.02,-0.0032,0.0065,0.0023,0.0737178724180891,0.0132406487917906,-0.0333333333333335,-0.0133333333333333,-0.0333333333333333,Growth
1963-07-31,0.6639593894815046,-0.7231483802278659,-0.1322176851901246,-0.3556075727897267,-0.2310322547104716,3,0.9998478665658322,0.9996965541977683,0.00149460402560183,0.00015131236806393644,1.105705721092773e-09,8.199602657839603e-07,0.9998478665658322,-0.0034597878573082,-0.0039,-0.0056999999999999,-0.0081,0.0027,0.0592615880376474,0.0155526141628061,-0.0333333333333335,-0.0766666666666669,-0.0266666666666665,Growth
1963-08-31,0.6831375073661998,-0.724260703414856,-0.6827269400130225,-0.4961785565496527,-0.2592427149482686,3,0.9999751682266782,0.9999508179731651,0.00029054882235842453,2.4350253513075e-05,8.081884854830218e-09,4.7343813144464675e-07,0.9999751682266782,0.0487487759362728,0.0508,-0.0095,0.017,0.0025,0.060255011109628,0.0155217965653897,-0.1666666666666666,-0.1066666666666666,-0.0299999999999998,Growth
1963-09-30,0.7569108677801042,-0.928546503567564,-0.1322176851901234,-0.4649405601585576,-0.2592427149482699,3,0.9999560812579428,0.9999128924918091,0.0004882897134964987,4.318876613360486e-05,1.8845618968509984e-09,7.28091298309496e-07,0.9999560812579428,-0.0110345248518318,-0.0157,-0.0025,0.0,0.0027,0.0640764579676222,0.0098619329388558,-0.0333333333333332,-0.0999999999999999,-0.0299999999999999,Growth
1963-10-31,0.8771835897437095,-0.844912472070718,-0.1322176851901234,-0.2775125818119868,-0.2874531751860695,3,0.9999734573987691,0.9999474244849993,0.00030874811951836295,2.6032913769744208e-05,2.0695734587671564e-09,5.076177933660743e-07,0.9999734573987691,0.0322176469499126,0.0254,-0.0056999999999999,-0.0004,0.0029,0.0703065634267143,0.0121790651744568,-0.0333333333333332,-0.0599999999999997,-0.0333333333333335,Growth
1963-11-30,0.8916629909454078,-0.8092701739741324,0.4182915696327744,-0.121322599856513,-0.3156636354238666,3,0.9999696794065329,0.9999424056798284,0.0003556928635296705,2.7273726704512285e-05,5.0962736917760704e-09,3.041770487121284e-06,0.9999696794065329,-0.0105390995376696,-0.0086,-0.0116,0.0173,0.0027,0.071056593815969,0.0131665569453589,0.0999999999999999,-0.0266666666666666,-0.0366666666666667,Growth
1963-12-31,0.8513591589388472,-0.6904625136522043,0.0054096285156007,-0.1369415980520608,-0.1181904137592819,3,0.9999360726922379,0.9998728931991397,0.0006853962171190508,6.317949309820978e-05,7.813699559968878e-10,7.470334942493226e-07,0.9999360726922379,0.0244434412683025,0.0183,-0.0196,-0.0021,0.0029,0.068968862535701,0.0164581961816985,0.0,-0.0300000000000001,-0.0133333333333333,Growth
1964-01-31,0.8817017239618183,-0.6916334170062328,0.1430369422213249,-0.0119896124876807,-0.1746113342348761,3,0.9999409494062629,0.9998830121713242,0.000639572780132837,5.793723493859316e-05,2.4593187956792996e-09,1.110899504620772e-06,0.9999409494062629,0.0269262111816908,0.0224,-0.0024,0.0163,0.003,0.070540601970098,0.0164257555847568,0.0333333333333332,-0.0033333333333334,-0.0199999999999998,Growth
1964-02-29,0.7870666395132093,-0.7753039681983768,-0.4074723126015729,0.0348673820989628,-0.1181904137592819,3,0.9999560185724113,0.9999124710915395,0.00048764813600103826,4.354748087187942e-05,3.691522319949546e-09,4.302550383539672e-07,0.9999560185724113,0.0098650328037221,0.0155,0.0012,0.0281,0.0026,0.0656385215430555,0.0141076115485563,-0.0999999999999999,0.0066666666666668,-0.0133333333333333,Growth
1964-03-31,0.6612932491912906,-0.7758046533970603,-0.1322176851901234,0.1129623730766993,-0.3156636354238641,3,0.9998272276282134,0.9996554586105272,0.0016757721394372964,0.00017176901768622705,4.491571044327345e-09,9.988623377897106e-07,0.9998272276282134,0.0151670984433094,0.0141,0.0095,0.0329,0.0031,0.0591234824480708,0.0140937397574565,-0.0333333333333332,0.0233333333333332,-0.0366666666666664,Growth
1964-04-30,0.8069778310487404,-0.7279368196343254,-0.4074723126015729,0.1754383658588901,-0.1181904137592844,3,0.9999474855373159,0.9998954594306019,0.0005728240931622418,5.202610671405069e-05,8.000274269390066e-09,4.803558688634105e-07,0.9999474855373159,0.0060774336178466,0.001,-0.0135,-0.0054,0.0029,0.0666699176988694,0.0154199475065617,-0.0999999999999999,0.0366666666666667,-0.0133333333333336,Growth
1964-05-31,0.6758648068116507,-0.7284840802003323,-0.4074723126015742,0.1598193676633415,-0.0899799535214849,3,0.9998940302629907,0.9997887065257247,0.0010797998961309039,0.00010532373726599583,3.978383984985171e-09,6.420214556991424e-07,0.9998940302629907,0.0114523492649674,0.0141,-0.0084,0.0181,0.0026,0.0598782865233087,0.0154047853162897,-0.1000000000000002,0.0333333333333332,-0.01,Growth
1964-06-30,0.6724134539183689,-0.8128410020530719,-0.2698449988958488,0.0192483839034149,0.192124648856491,3,0.999872375462198,0.9997456407420534,0.0012773322998613226,0.00012673472014454348,1.4866901695723476e-08,8.74950859421145e-07,0.999872375462198,0.0164240344620412,0.0127,-0.0023,0.0068,0.003,0.0596995070615102,0.0130676249591636,-0.0666666666666667,0.0033333333333334,0.0233333333333331,Growth
1964-07-31,0.8891598666003347,-0.8963957915435559,-0.5450996263072971,-0.043227608878775,0.0510723476675055,3,0.9999922833737729,0.9999849012420561,9.998540720894609e-05,7.382131716809162e-06,1.1696570178686997e-08,3.227977476937567e-07,0.9999922833737729,0.0182396599245822,0.0174,0.0019,0.0079,0.003,0.0709269324231576,0.010752688172043,-0.1333333333333331,-0.0099999999999999,0.0066666666666668,Growth
1964-08-31,0.9827136782694372,-0.9323665010589112,-0.1322176851901234,-0.043227608878775,-0.0617694932836853,3,0.9999899925961084,0.9999804279315513,0.00012703137796425478,9.56466455714628e-06,4.62410759557104e-10,4.4227693906950353e-07,0.9999899925961084,-0.0162298445439785,-0.0144,0.0001,0.0007,0.0028,0.0757730031138577,0.0097560975609756,-0.0333333333333332,-0.0099999999999999,-0.0066666666666665,Growth
1964-09-30,0.8539034048154669,-0.8615269808188634,-0.1322176851901246,-0.0276086106832272,-0.1746113342348761,3,0.9999447592546526,0.9998900956101155,0.000600020964805268,5.466364453705894e-05,7.161831567218183e-10,5.763844665318422e-07,0.9999447592546526,0.0287180547664276,0.0269,-0.0063,0.0172,0.0028,0.0691006540164824,0.01171875,-0.0333333333333335,-0.0066666666666665,-0.0199999999999998,Growth
1964-10-31,0.4283682594483153,-0.8502018277448903,0.280664255927049,-0.1681795944431552,-0.0617694932836878,3,0.9994845899777399,0.998974606328773,0.004447515949805087,0.0005099836489669775,3.1736794748252146e-08,5.394636670618013e-06,0.9994845899777399,0.0080779318449821,0.006,0.0048,0.0108,0.0029,0.0470580096919475,0.0120325203252031,0.0666666666666664,-0.0366666666666666,-0.0066666666666668,Growth
1964-11-30,0.9513171812956328,-0.7802669004309599,-0.2698449988958488,-0.2775125818119882,0.0792828079053001,3,0.9999732791366434,0.9999469538500825,0.00031021010907097973,2.6325286560837487e-05,1.324621121554929e-08,3.8233046988563024e-07,0.9999732791366434,-0.0051850393382224,-0.0001,0.0062,-0.0204,0.0029,0.0741466701931472,0.0139701104613385,-0.0666666666666667,-0.06,0.0099999999999997,Growth
1964-12-31,1.2371690918996954,-0.8520301589747183,-0.1322176851901234,-0.5117975547452013,0.0228618874297059,3,0.9999982382111797,0.9999968069382427,2.5956335130078402e-05,1.431272937036567e-06,2.2014791088559826e-10,3.30295626650171e-07,0.9999982382111797,0.0039090480716934,0.0004,-0.0024,-0.0243,0.0031,0.0889537479716411,0.0119818652849741,-0.0333333333333332,-0.1100000000000001,0.0033333333333332,Growth
1965-01-31,1.278327488434458,-0.887866010802495,-0.2698449988958476,-0.3712265709852733,-0.0335590330458882,3,0.9999992085048183,0.999998625189136,1.2367676444572272e-05,5.833156822920137e-07,1.3722724597551699e-11,2.0816573869669425e-07,0.9999992085048183,0.0331563133757375,0.0354,0.0256999999999999,0.0036,0.0028,0.0910857455414333,0.0109890109890109,-0.0666666666666664,-0.08,-0.0033333333333332,Growth
1965-02-28,1.266480130636516,-0.8524498975605699,0.4182915696327744,-0.3556075727897261,-0.2592427149482674,3,0.9999975107338346,0.999995922656415,3.62392393243786e-05,9.011658265059235e-07,2.2739522564749875e-11,1.5880774195756874e-06,0.9999975107338346,-0.0014846648817112,0.0044,0.0331,0.0022,0.003,0.0904720545291428,0.0119702361695244,0.0999999999999999,-0.0766666666666668,-0.0299999999999996,Growth
1965-03-31,1.5451779597643929,-0.8528688221737268,-0.4074723126015729,-0.090084603465418,-0.1746113342348761,3,0.9999998467751656,0.9999997264474854,2.6372604548342157e-06,3.289295684269823e-08,4.0815824141223636e-12,1.2032768029163953e-07,0.9999998467751656,-0.0145258679930625,-0.0134,0.0179,0.0115,0.0036,0.1049085521683341,0.0119586296056883,-0.0999999999999999,-0.02,-0.0199999999999998,Growth
1965-04-30,1.2931489190469072,-0.7830365212878684,-0.1322176851901246,-0.1681795944431559,-0.0335590330458882,3,0.9999987440136167,0.9999977405340383,1.8952122439571398e-05,1.0034795782921044e-06,2.6445872535314734e-13,2.5250649898992463e-07,0.9999987440136167,0.03423858893752,0.0311,0.0113999999999999,0.0073,0.0031,0.0918534929929137,0.0138933764135702,-0.0333333333333335,-0.0366666666666667,-0.0033333333333332,Growth
1965-05-31,1.3377481171448853,-0.7019674517079152,-0.6827269400130225,0.0661053784900571,0.0792828079053001,3,0.9999996951051354,0.999999532951529,5.090121983803287e-06,1.4273353533584874e-07,7.72816304459436e-12,1.6215360637891986e-07,0.9999996951051354,-0.007743266038381,-0.0078,0.0002,-0.0155,0.0031,0.0941637234674965,0.0161394448030987,-0.1666666666666666,0.0133333333333333,0.0099999999999997,Growth
1965-06-30,1.4413435820232945,-0.5861370512024785,-0.1322176851901246,0.2066763622499851,0.192124648856491,3,0.999999032072551,0.9999984343567653,1.5015822574062283e-05,5.977157857407836e-07,2.455471096438881e-13,3.7021162762313387e-07,0.999999032072551,-0.0486314805633361,-0.0550999999999999,-0.0407,0.0023,0.0034999999999999,0.0995299499961641,0.0193485972267009,-0.0333333333333335,0.0433333333333334,0.0233333333333331,Growth
1965-07-31,1.5008235781174355,-0.63290475996691,-0.5450996263072971,0.144200369467795,0.2203351090942905,3,0.999999731136122,0.9999995437790001,4.501487453896754e-06,8.150544818393648e-08,1.4049516705846235e-12,1.8735712179253748e-07,0.999999731136122,0.013433157590617,0.0144,0.0086,0.0219,0.0031,0.1026110031420721,0.0180528691166987,-0.1333333333333331,0.0300000000000001,0.0266666666666666,Growth
1965-08-31,1.4522252066110062,-0.7032807314325082,-0.2698449988958476,0.144200369467795,0.0792828079053026,3,0.9999995151653177,0.9999992508850066,7.868153184449325e-06,2.6428031103121867e-07,2.809297236260703e-13,2.205538926754815e-07,0.9999995151653177,0.02252197265625,0.0273,0.0285,-0.0098,0.0033,0.1000936162011096,0.0161030595813205,-0.0666666666666664,0.0300000000000001,0.01,Growth
1965-09-30,1.4272816237835506,-0.6573890298328542,-0.4074723126015729,-0.0588466070743229,-0.0617694932836853,3,0.9999996648212452,0.9999994696152684,5.559984769839112e-06,1.9520597686948438e-07,5.711645527234119e-13,1.399721299930623e-07,0.9999996648212452,0.0320064354036122,0.0286,0.0063,-0.0014,0.0031,0.0988015430775823,0.0173745173745174,-0.0999999999999999,-0.0133333333333333,-0.0066666666666665,Growth
1965-10-31,1.942090593053036,-0.6697933403558451,-0.2698449988958488,-0.0588466070743243,-0.287453175186067,3,0.9999998763501102,0.9999997537127293,2.096268770905844e-06,1.0122254910108034e-09,7.711929580203429e-14,1.226373809568555e-07,0.9999998763501102,0.0273454769843062,0.026,0.0252,0.0155,0.0031,0.1254685554929655,0.0170308483290486,-0.0666666666666667,-0.0133333333333336,-0.0333333333333332,Growth
1965-11-30,1.3785167936311855,-0.6600011583847912,-0.4074723126015742,-0.0744656052698701,-0.3720845558994608,3,0.9999995495764884,0.99999925083731,7.32025288482138e-06,2.9873917842206293e-07,3.1002267266042166e-15,1.5168433105648022e-07,0.9999995495764884,-0.0087643104808664,-0.0003,0.0469,0.0016,0.0034999999999999,0.0962755336085701,0.0173021467478371,-0.1000000000000002,-0.0166666666666666,-0.0433333333333333,Growth
1965-12-31,1.3914484627272712,-0.5915004849104449,-0.4074723126015729,-0.1994175908342502,-0.625978698039642,3,0.9999994726714729,0.9999991432624877,8.499044873139646e-06,3.29408985207775e-07,4.931949220567641e-13,1.9791888326122076e-07,0.9999994726714729,0.0089509844925332,0.0101,0.0207,0.0215,0.0033,0.0969453917519242,0.0192000000000001,-0.0999999999999999,-0.0433333333333333,-0.0733333333333335,Growth
1966-01-31,1.371568652957325,-0.5921651271710181,-0.2698449988958488,-0.4649405601585563,-0.3720845558994632,3,0.9999992706400849,0.9999987411354332,1.146430736697369e-05,5.295046516738645e-07,2.7532210512052025e-13,1.9985513395463077e-07,0.9999992706400849,0.00486851613931,0.0072,0.0401999999999999,0.0327,0.0038,0.0959156211659477,0.0191815856777493,-0.0666666666666667,-0.0999999999999996,-0.0433333333333335,Growth
1966-02-28,1.3771496156554912,-0.3613865644740653,-0.4074723126015729,-0.2775125818119888,-0.5977682378018425,3,0.9999993269482266,0.999998861918283,1.0654271924345366e-05,4.650299435748042e-07,5.887972958937341e-14,2.0802172231675883e-07,0.9999993269482266,-0.0178724815008944,-0.0121,0.0444,0.0038,0.0034999999999999,0.0962047140342654,0.0255754475703324,-0.0999999999999999,-0.0600000000000002,-0.0699999999999999,Growth
1966-03-31,1.3865439373537294,-0.2815759519897899,-0.2698449988958488,0.0661053784900571,0.1357037283808993,3,0.9999989289527826,0.9999981217065185,1.6392493033873054e-05,8.072462641303232e-07,2.004578925645463e-14,2.6380103604534625e-07,0.9999989289527826,-0.0218153676511668,-0.0250999999999999,0.0086,-0.0213,0.0038,0.0966913382158847,0.0277866496327052,-0.0666666666666667,0.0133333333333333,0.0166666666666669,Growth
1966-04-30,1.328210551297582,-0.2493067271413216,-0.2698449988958488,0.1754383658588887,0.5870710921856629,3,0.9999962248733345,0.9999933513611874,5.299070706737857e-05,2.8735121471496845e-06,6.777881396878967e-14,9.016145546679518e-07,0.9999962248733345,0.0205087317361167,0.0213,0.0344,-0.0036,0.0034,0.0936696792646081,0.02868068833652,-0.0666666666666667,0.0366666666666664,0.0700000000000002,Growth
1966-05-31,1.363991803611289,-0.2869920011243577,0.1430369422213255,-0.0588466070743215,1.1512802969416145,3,0.9999694568026557,0.9999509572499591,0.0003685646041987472,1.2043640012253413e-05,4.692534427006822e-12,1.849955269663012e-05,0.9999694568026557,-0.0541401321914544,-0.0567,-0.046,-0.016,0.0040999999999999,0.0955231417266968,0.0276365946632783,0.0333333333333333,-0.013333333333333,0.1366666666666667,Growth
1966-06-30,1.3004140011021823,-0.4052790263194905,0.0054096285156007,0.0504863802945086,0.8973861548014358,3,0.9999851677143358,0.9999745554941143,0.00018860580591475667,1.0612220221423587e-05,3.383118823540869e-11,4.220031434072515e-06,0.9999851677143358,-0.0161383888769748,-0.0144,0.0102,0.0049,0.0038,0.092229822942335,0.0243593799430561,0.0,0.0099999999999997,0.1066666666666667,Growth
1966-07-31,1.2185201126509335,-0.2901506737467016,0.0054096285156007,0.1442003694677943,-0.0053485728080911,3,0.9999933707341918,0.9999873152559408,8.762898805489546e-05,6.055478251064623e-06,1.1751033991477875e-12,5.737861824700838e-07,0.9999933707341918,-0.0134529079347055,-0.0163,-0.0034999999999999,0.0091,0.0034999999999999,0.0879877341862429,0.0275490816972769,0.0,0.0299999999999999,0.0,Growth
1966-08-31,1.1462524548042026,-0.0260810394652503,-0.132217685190124,0.1910573640544358,-0.2592427149482699,3,0.999992064822997,0.9999846842623257,0.00010313796662706238,7.380560671237882e-06,7.940606445180434e-15,5.546162206851977e-07,0.999992064822997,-0.0777511975913745,-0.0794,-0.0326,0.005,0.0040999999999999,0.0842442824515847,0.0348652931854198,-0.0333333333333333,0.0399999999999997,-0.0299999999999999,Growth
1966-09-30,1.288187691365754,0.0053776459195805,-0.1322176851901234,-0.7773205240695079,0.3895978705210756,3,0.9999693700072289,0.9999411781933931,0.00035749212079139105,2.8191813835697887e-05,1.2605480644376375e-15,2.4381789838365267e-06,0.9999693700072289,-0.0070039030637412,-0.0106,-0.0101,0.0048,0.004,0.0915965022874942,0.0357368753953193,-0.0333333333333332,-0.1666666666666666,0.0466666666666665,Growth
1966-10-31,1.2223432116644024,0.083983249413137,-0.1322176851901234,-0.8710345132427924,1.2077012174172086,3,0.9945812105684233,0.9894918409951361,0.03492035972484296,0.005089369573287253,4.458858885798097e-15,0.0003294198581854851,0.9945812105684233,0.0475444031573097,0.0385999999999999,-0.066,0.0274,0.0045,0.0881857700304942,0.0379146919431281,-0.0333333333333332,-0.1866666666666665,0.1433333333333332,Growth
1966-11-30,0.9913641787152916,9.625379506775118e-05,-0.2698449988958482,-0.6523685385051279,1.010227995752624,3,0.9019247941991421,0.8043412656263678,0.3239272691452782,0.09758352857277429,2.1194003035710908e-12,0.000491677226025689,0.9019247941991421,0.0031172071011591,0.0138,0.0407,-0.0463,0.004,0.0762210974878081,0.0355905511811025,-0.0666666666666665,-0.1399999999999999,0.1199999999999998,Growth
1966-12-31,0.7837449455930929,-0.0719315559146377,0.1430369422213249,0.1129623730767,1.2077012174172086,0,0.6906395328042642,0.38279692366910734,0.6281729042781761,0.6906395328042642,3.054617179260455e-10,0.0015178577552405386,0.3078426091351568,-0.0014915490582889,0.0013,0.0192999999999999,-0.0095,0.004,0.0654664583928474,0.0335949764521192,0.0333333333333332,0.0233333333333334,0.1433333333333332,Balanced
1967-01-31,0.6797738409425226,-0.1296814128177265,0.2806642559270497,0.3160093496188174,0.8409652343258391,0,0.9048125083645484,0.8099833608336008,0.31673629241838486,0.9048125083645484,3.5528039348969567e-09,0.0003583405516126101,0.09482914753094765,0.0781775007612299,0.0815,0.081,0.0236,0.0043,0.060080773791252,0.0319949811794229,0.0666666666666665,0.0666666666666667,0.0999999999999999,Balanced
1967-02-28,0.317361084553549,-0.2493927781877088,0.2806642559270497,0.3628663442054603,0.6152815524234599,0,0.9929720468597256,0.9859786993976024,0.0420653457166429,0.9929720468597256,1.592750796714236e-08,3.458975055386327e-05,0.006993347462123251,0.0019628006898431,0.0077,0.0332,-0.0226,0.0036,0.0413078579117329,0.0286783042394016,0.0666666666666665,0.0766666666666668,0.0733333333333335,Balanced
1967-03-31,-0.0658790441263841,-0.3647715079667011,0.0054096285156007,0.6283893135297677,-0.0899799535214849,0,0.9998077581771077,0.9996175768637595,0.0018487376672514822,0.9998077581771077,2.898629594679582e-08,2.0315232221898782e-06,0.00019018131334808973,0.0394099817590827,0.0399,0.0147,0.0046999999999999,0.0039,0.0214560878773397,0.0254816656308265,0.0,0.1333333333333334,-0.01,Balanced
1967-04-30,0.088562134591011,-0.367620731347413,-0.132217685190124,1.3937202251115943,-0.428505476375055,0,0.9999888245926372,0.999982990891787,0.00014634003819408042,0.9999888245926372,1.0049457164183978e-09,5.340701529666245e-06,5.833700850214444e-06,0.0422395267948236,0.0389,0.0046999999999999,-0.0229,0.0032,0.0294561132773387,0.0254027261462206,-0.0333333333333333,0.2966666666666666,-0.0499999999999998,Balanced
1967-05-31,-0.270531304356301,-0.4477055941072346,0.0054096285156007,1.8466711727824712,-0.2310322547104728,0,0.9999681992544291,0.9999366804750364,0.00036274477610594066,0.9999681992544291,2.8124860903837276e-10,3.1518779392762554e-05,2.8168496703190115e-07,-0.0524412317109799,-0.0432,0.0210999999999999,0.008,0.0033,0.0108551374468692,0.0231839258114374,0.0,0.3933333333333331,-0.0266666666666666,Balanced
1967-06-30,-0.3645077960828118,-0.2589830317739568,0.1430369422213255,1.877909169173566,-0.5131368570884463,0,0.9999306370087843,0.9998614497664902,0.0007348179604898878,0.9999306370087843,3.3139693777807674e-11,6.918724229404874e-05,1.7571567258390937e-07,0.0175123206839664,0.0242,0.0584999999999999,0.008,0.0027,0.0059871720048896,0.0284126003705988,0.0333333333333333,0.3999999999999997,-0.0599999999999996,Balanced
1967-07-31,-0.5142088362528451,-0.2278265827345119,0.0054096285156007,0.3160093496188174,-0.4002950161372604,0,0.9999865682286179,0.9999769337662687,0.00017231186345166197,0.9999865682286179,3.642800866364112e-08,3.7608811084633236e-06,9.634462349132425e-06,0.0453442259270464,0.0458,0.0317,0.0275,0.0032,-0.0017673150672272,0.0292758089368256,0.0,0.0666666666666667,-0.0466666666666668,Balanced
1967-08-31,-0.1602304300338254,-0.3448468451261054,0.0054096285156007,-0.3712265709852712,-0.1746113342348786,0,0.999971901664639,0.9999449616900721,0.00032756866739200015,0.999971901664639,4.121622248795111e-08,1.1171447293071977e-06,2.693997456696839e-05,-0.0117150460195415,-0.009,0.0043,0.0143,0.0031,0.0165687029839245,0.0260336906584992,0.0,-0.0799999999999996,-0.0200000000000001,Balanced
1967-09-30,-0.3731311662043518,-0.3477160175539991,-0.132217685190124,-0.9335105060249824,-0.0899799535214849,0,0.9999819965543713,0.9999665121776732,0.00022207320223530222,0.9999819965543713,1.5636582101476505e-08,2.5034324252037163e-06,1.5484376698109825e-05,0.0327851315125446,0.031,0.0304,-0.0247,0.0032,0.0055404829768801,0.0259541984732825,-0.0333333333333333,-0.1999999999999998,-0.01,Balanced
1967-10-31,-0.3496953375661106,-0.350567721656611,0.2806642559270502,-0.0432276088787744,-0.1746113342348786,0,0.9999725739631021,0.9999492067455683,0.0003279433887130453,0.9999725739631021,2.492569196984278e-07,3.809562227589962e-06,2.336721753379464e-05,-0.0352600151483439,-0.0308,0.0147,-0.0329,0.0039,0.006754454703417,0.0258751902587519,0.0666666666666667,-0.0099999999999997,-0.0200000000000001,Balanced
1967-11-30,0.0649186665710172,-0.1648036574176178,0.1430369422213255,0.0192483839034128,-0.2310322547104728,0,0.9997637713939918,0.9995291715833975,0.002218634181802081,0.9997637713939918,3.854548005717459e-09,1.6249408248057443e-06,0.00023459981059421612,0.0075026465739114,0.0037,0.0018,-0.0171,0.0036,0.0282313858680114,0.0310218978102188,0.0333333333333333,0.0033333333333329,-0.0266666666666666,Balanced
1967-12-31,0.2324326176420677,-0.1003796554117109,0.0054096285156007,-0.2306555872253446,0.361387410283276,0,0.9976944653384414,0.9953911242529814,0.016320569418757203,0.9976944653384414,1.5884586197380989e-09,2.1919878650282806e-06,0.0023033410854600292,0.0262766087308843,0.0305,0.0562,-0.0054,0.0033,0.0369085785348377,0.0328068043742404,0.0,-0.0499999999999998,0.043333333333333,Balanced
1968-01-31,0.1170105751250749,0.03198917400755,-0.4074723126015729,-0.6055115439184864,0.7563338536124479,0,0.9829600497654573,0.9659374928159642,0.08642112078735772,0.9829600497654573,1.0837256910038085e-09,1.7392201360707773e-05,0.017022556949493044,-0.0438478625832732,-0.0403,0.0399,0.0484999999999999,0.004,0.0309297374024131,0.0364741641337387,-0.0999999999999999,-0.1300000000000002,0.0900000000000001,Balanced
1968-02-29,0.4174374323454938,0.0279998104036995,-0.132217685190124,-0.6836065348962236,0.7563338536124479,0,0.8658024276426162,0.7316769398143053,0.3949037520794943,0.8658024276426162,1.7371041729928705e-09,7.208279202703194e-05,0.1341254878283109,-0.0312228677376107,-0.0374,-0.0294,0.0123,0.0039,0.0464917948055305,0.0363636363636363,-0.0333333333333333,-0.1466666666666668,0.0900000000000001,Balanced
1968-03-31,0.5953997285792372,0.1373748625424935,-0.1322176851901234,-0.2462745854208931,-0.3438740956616637,3,0.655572063233518,0.31117234303029373,0.6442226348555631,0.3443997202032243,1.6806867569781087e-10,2.821639533578122e-05,0.655572063233518,0.0094001380052959,0.0021,-0.013,-0.0063,0.0038,0.0557102098806787,0.0393939393939393,-0.0333333333333332,-0.0533333333333333,-0.04,Growth
1968-04-30,0.4341945147396999,0.1330791656307009,-0.2698449988958488,-0.4180835655719161,0.0510723476675055,3,0.8488589940878397,0.6977330384100877,0.42483691536039103,0.15112595567775206,1.0489718676951978e-10,1.5050129561723378e-05,0.8488589940878397,0.0804878312844772,0.0902,0.0566,-0.011,0.0043,0.0473598086726665,0.0392749244712991,-0.0666666666666667,-0.0900000000000001,0.0066666666666668,Growth
1968-05-31,0.8409818634737914,0.242123779545509,-0.4074723126015729,-0.5742735475273892,-0.2310322547104728,3,0.9956838709105987,0.9913720691247406,0.027844040553840863,0.004311801785858054,6.895754119123641e-13,4.327303030668493e-06,0.9956838709105987,0.0125179687273102,0.0227999999999999,0.0629,0.0081999999999999,0.0045,0.068431320488993,0.0422960725075527,-0.0999999999999999,-0.123333333333333,-0.0266666666666666,Growth
1968-06-30,0.9193212104247952,0.23295486306019,0.0054096285156007,-0.5742735475273906,0.6717024728990566,3,0.9995220184189427,0.9990508776367512,0.004168327246519642,0.0004711407821916179,7.696191223915698e-14,6.840798966784165e-06,0.9995220184189427,0.0091204045712969,0.0069999999999999,-0.0019,0.0066,0.0043,0.0724892846319251,0.0420420420420422,0.0,-0.1233333333333333,0.0800000000000003,Growth
1968-07-31,0.9347459139483794,0.3364767538610244,0.2806642559270502,-0.1057036016609644,0.4178083307588752,3,0.9999263312290346,0.9998597594096241,0.0007980428590112829,6.6571819410514e-05,1.4256651058051044e-15,7.0969515323187986e-06,0.9999263312290346,-0.0184776454453864,-0.0269,-0.0128,0.0530999999999999,0.0048,0.0732882815121673,0.0449101796407185,0.0666666666666667,-0.0233333333333331,0.0500000000000001,Growth
1968-08-31,0.6019397365264538,0.3316380148487151,0.0054096285156007,0.1910573640544372,0.6717024728990542,3,0.9995332372392973,0.9990818226152197,0.004114083438292856,0.00045141462407762543,6.767576110026456e-16,1.5348136537407024e-05,0.9995332372392973,0.0114590011362911,0.0135,0.0242,0.0098999999999999,0.0042,0.0560489811211499,0.0447761194029849,0.0,0.04,0.08,Growth
1968-09-30,0.7124296814209062,0.326828077854344,-0.4074723126015735,0.1129623730766986,-0.0617694932836878,3,0.9999378431708045,0.9998768841813438,0.0006701132735592755,6.09589894607251e-05,1.1179894011558449e-15,1.197839940893908e-06,0.9999378431708045,0.0385393236402105,0.0405,0.0274,0.003,0.0043,0.0617723404799746,0.0446428571428572,-0.1,0.0233333333333331,-0.0066666666666668,Growth
1968-10-31,0.5872692265108703,0.4291498532629033,-0.4074723126015735,0.0661053784900571,-0.625978698039642,3,0.9999263125471163,0.9998550691687703,0.0007855988187080715,7.124337834601017e-05,2.2059977070389274e-17,2.444074402809759e-06,0.9999263125471163,0.0072076118278132,0.0043,-0.005,0.0282,0.0044,0.05528905132956,0.0474777448071215,-0.1,0.0133333333333333,-0.0733333333333335,Growth
1968-11-30,0.5597645086455316,0.312568530127652,-0.132217685190124,-0.121322599856513,-0.2592427149482724,3,0.9997506256760551,0.9995034541161171,0.0023309015470642275,0.0002471715599379796,3.238328663149468e-16,2.2027637854156714e-06,0.9997506256760551,0.0479644029477011,0.0542999999999999,0.0233999999999999,-0.0096,0.0042,0.0538643118697224,0.0442477876106195,-0.0333333333333333,-0.0266666666666666,-0.0300000000000002,Growth
1968-12-31,0.4065808642369745,0.4140294061876916,0.0054096285156007,-0.3087505782030818,-0.3720845558994608,3,0.9995839507114311,0.999173597293076,0.0036848824953938366,0.00041035341835511793,1.3766099224937127e-16,5.69587013305985e-06,0.9995839507114311,-0.0416167022416423,-0.0393,0.0336,0.0004,0.0043,0.04592942652172,0.0470588235294118,0.0,-0.0666666666666664,-0.0433333333333333,Growth
1969-01-31,0.5505913149343612,0.409048379145314,0.0054096285156007,-0.5117975547452006,0.0510723476675055,3,0.999752066088831,0.9995086867985409,0.002329054301377863,0.00024337929029012113,1.1776740372969747e-16,4.55462079272299e-06,0.999752066088831,-0.0081840792328704,-0.0125,-0.0063,0.0166,0.0053,0.0533891420782333,0.0469208211143694,0.0,-0.11,0.0066666666666668,Growth
1969-02-28,0.607669774943649,0.4040964809160466,0.0054096285156007,-0.2775125818119875,-0.5695577775640454,3,0.9998615561953286,0.9997270989558774,0.001386584884956924,0.00013445723945118768,1.2134256747060936e-16,3.98656522745229e-06,0.9998615561953286,-0.0473740877741047,-0.0586,-0.0395999999999999,0.0089,0.0046,0.0563457960850166,0.0467836257309939,0.0,-0.0599999999999999,-0.0666666666666667,Growth
1969-03-31,0.7036121451509462,0.6096327407278068,0.0054096285156007,0.3316283478143645,0.0228618874297059,3,0.9999588664051746,0.9999237863907977,0.0004737122137936009,3.5080014376935944e-05,1.6208341562645758e-19,6.0535804774285734e-06,0.9999588664051746,0.0344441554816692,0.0266,-0.003,-0.0042,0.0046,0.0613155936802485,0.0524781341107873,0.0,0.0699999999999999,0.0033333333333332,Growth
1969-04-30,0.5987622023913114,0.7090502804074849,0.0054096285156007,0.253533356836626,0.2485455693320877,3,0.9999441513939827,0.9998997485564092,0.0006310901811200708,4.440283757356709e-05,3.614898160579011e-21,1.1445768485408423e-05,0.9999441513939827,0.0214757192325749,0.0146,-0.0081,0.0002,0.0053,0.0558843854219872,0.0552325581395347,0.0,0.053333333333333,0.0299999999999999,Growth
1969-05-31,0.2963990860709038,0.7032718714345338,0.0054096285156007,0.3316283478143645,0.2485455693320877,3,0.9997637151682189,0.9995572394015331,0.00229890267780784,0.000206475766685844,1.8086619638858236e-20,2.9809064977920338e-05,0.9997637151682189,-0.0022181825780509,-0.0009,-0.0032,0.0062,0.0048,0.0402220301442386,0.0550724637681159,0.0,0.0699999999999999,0.0299999999999999,Growth
1969-06-30,0.4184026807333959,0.6918149683411782,0.1430369422213255,-0.230655587225346,-0.2310322547104728,3,0.9999082055320735,0.9998296238466142,0.0009829316906127335,7.858168545924976e-05,5.536670768600787e-20,1.3212782679623193e-05,0.9999082055320735,-0.0555770350945514,-0.0719,-0.0533999999999999,-0.011,0.0051,0.0465417944991657,0.0547550432276655,0.0333333333333333,-0.0500000000000001,-0.0266666666666666,Growth
1969-07-31,0.5562679186160195,0.6804893764580676,0.1430369422213255,-0.5274165529407477,-0.7106100787530333,3,0.9999400626398434,0.9998975578934074,0.0006787959401519568,4.250474643599239e-05,1.61017923762305e-20,1.7432613710534068e-05,0.9999400626398434,-0.0601780504402069,-0.07,-0.0324,0.0118,0.0053,0.0536831891323683,0.0544412607449855,0.0333333333333333,-0.1133333333333332,-0.0833333333333333,Growth
1969-08-31,0.546276041493033,0.6748751187674426,0.1430369422213255,-0.8866535114383409,-0.0899799535214823,3,0.9999211802233449,0.9998743153028974,0.0008767481667762436,4.686492044744253e-05,2.606358629748386e-21,3.195485612532867e-05,0.9999211802233449,0.0400740523989764,0.0469,0.0081,-0.0375,0.005,0.0531656116867582,0.0542857142857142,0.0333333333333333,-0.19,-0.0099999999999997,Growth
1969-09-30,0.46501873938112,0.7721240967497027,0.2806642559270502,-0.0900846034654173,-0.6823996185152338,3,0.999625841624027,0.9993070349401441,0.003483323674353057,5.5351692130245646e-05,1.9931228906518683e-21,0.0003188066838829938,0.999625841624027,-0.0250235507925072,-0.0297,0.0123,-0.0322,0.0062,0.0489564979890428,0.0569800569800569,0.0666666666666667,-0.0199999999999998,-0.0799999999999997,Growth
1969-10-31,0.4307972080706447,0.7604718309592748,0.2806642559270502,0.597151317138672,-0.0053485728080886,3,0.9959435118123047,0.9922409147941513,0.02759026011426581,0.00035389116947165844,2.008177131342039e-21,0.0037025970181533367,0.9959435118123047,0.0429553251935101,0.0506,0.0392,-0.0312,0.006,0.0471838287956043,0.0566572237960341,0.0666666666666667,0.1266666666666666,2.96059473233375e-16,Growth
1969-11-30,-0.015488373328554,0.8566548664383182,0.0054096285156007,0.3003903514232688,-0.1746113342348761,3,0.9754648840284272,0.9528050822078159,0.12182305393358,0.0018753141510789318,7.410014854468971e-22,0.02265980182061137,0.9754648840284272,-0.0340816010541635,-0.038,-0.0255,-0.0125,0.0052,0.0240663156006291,0.0593220338983051,0.0,0.0633333333333331,-0.0199999999999998,Growth
1969-12-31,-0.1306288703457942,0.8446259019343815,-0.2698449988958488,-0.3712265709852733,0.3049664898076819,3,0.8654866372150655,0.7355450867953688,0.4148312067928175,0.004571812365067693,6.070864675907595e-22,0.1299415504196967,0.8654866372150655,-0.0186547281264659,-0.0263,-0.0368,-0.0288,0.0064,0.018102058474672,0.0589887640449438,-0.0666666666666667,-0.08,0.0366666666666664,Growth
1970-01-31,-0.6105464639015552,0.9397649509220688,0.2806642559270497,-0.2775125818119875,-0.1464008739970841,2,0.8300958857570482,0.6614565414027894,0.46319199963791513,0.001264769888726249,2.302576185114628e-26,0.8300958857570482,0.16863934435425879,-0.076471878147146,-0.081,0.0291,0.0317,0.006,-0.006757586927141,0.0616246498599437,0.0666666666666665,-0.0599999999999999,-0.0166666666666672,Inflationary Stress
1970-02-28,-0.7450096357487478,1.0343724968428052,0.9688008244556736,0.3316283478143659,1.2077012174172064,2,0.9999934182390601,0.9999868828928737,8.538630804057388e-05,4.641485718964042e-08,2.420689646764885e-31,0.9999934182390601,6.5353461863245826e-06,0.0526935254507441,0.0513999999999999,-0.0239,0.0369,0.0062,-0.0137227551489554,0.064245810055866,0.2333333333333334,0.0700000000000002,0.1433333333333329,Inflationary Stress
1970-03-31,-0.9176892023116971,0.9151193468646318,1.244055451867123,0.9563882756362652,1.574437200508581,2,0.9999999999508873,0.9999999999208045,1.2498974224323772e-09,3.0082791063448194e-11,2.5778163406181823e-30,0.9999999999508873,1.9248328366246617e-11,0.001452483278413,-0.0106,-0.0231,0.0408,0.0056999999999999,-0.0226675257731958,0.0609418282548475,0.3000000000000001,0.2033333333333334,0.1866666666666668,Inflationary Stress
1970-04-30,-0.896732110681803,0.9030002275140836,0.968800824455673,1.5030532124804272,0.6717024728990542,2,0.9999999958795343,0.9999999927490458,8.594484975180858e-08,3.1304884400192924e-09,1.5102176885097268e-31,0.9999999958795343,9.899967204134048e-10,-0.090483106759688,-0.1099,-0.0613999999999999,0.0613999999999999,0.005,-0.0215819521797953,0.0606060606060607,0.2333333333333332,0.32,0.08,Inflationary Stress
1970-05-31,-0.8471324808035237,0.8969906092646933,0.8311735107499482,1.5030532124804272,-1.3312402039845794,2,0.9999999895794645,0.9999999801805798,2.0528224672850193e-07,9.398884711807133e-09,2.890778918208693e-30,0.9999999895794645,1.0215555514620802e-09,-0.0609665578504573,-0.069,-0.0461,0.0332,0.0053,-0.0190127002344778,0.0604395604395604,0.1999999999999998,0.32,-0.1566666666666663,Inflationary Stress
1970-06-30,-1.0910538424615244,0.8850698910978756,0.6935461970442239,1.1281972557872868,-0.4285054763750575,2,0.9999998822272642,0.9999998150589041,2.0772383223146593e-06,6.716836010449696e-08,3.429011180417866e-29,0.9999998822272642,5.060420202914294e-08,-0.0500326803183156,-0.0579999999999999,-0.0208,0.0044,0.0058,-0.0316477830865524,0.0601092896174861,0.1666666666666666,0.2399999999999999,-0.0500000000000001,Inflationary Stress
1970-07-31,-1.1435985240679454,0.7751978568084208,0.5559188833384998,0.2066763622499844,1.7719104221731656,2,0.9999999291394513,0.9999998592786286,1.2426563063621185e-06,6.986082280189822e-08,6.84974003878707e-27,0.9999999291394513,9.99768086251471e-10,0.0732948534321153,0.0692,-0.0055,0.0093,0.0052,-0.0343695881839832,0.0570652173913044,0.1333333333333334,0.0433333333333333,0.2100000000000002,Inflationary Stress
1970-08-31,-1.2194805125130197,0.7696160175887141,0.4182915696327744,0.0817243766856043,2.364330087166912,2,0.9999999875931281,0.9999999751941034,2.3833618505062396e-07,1.2399024687187254e-08,4.2137580852168746e-27,0.9999999875931281,7.819334919066444e-12,0.0444585964847112,0.045,0.0148,0.0141,0.0053,-0.0383002615963757,0.056910569105691,0.0999999999999999,0.0166666666666666,0.2799999999999996,Inflationary Stress
1970-09-30,-1.3432919655948283,0.7585426114817033,0.6935461970442239,0.1754383658588887,1.6590685812219743,2,0.9999999926180863,0.9999999856080379,1.470768283732639e-07,7.010048291491504e-09,3.3158002794706833e-26,0.9999999926180863,3.7204283582974203e-10,0.034102140863224,0.0418,0.0861,-0.0541,0.0054,-0.0447136726936694,0.0566037735849056,0.1666666666666666,0.0366666666666664,0.1966666666666669,Inflationary Stress
1970-10-31,-1.717511545656954,0.7475879550380398,0.6935461970442239,0.6440083117253149,0.1639141886186939,2,0.9999999910542101,0.9999999836927682,1.7890353526853851e-07,1.5843043457385404e-09,3.7728764850300494e-30,0.9999999910542101,7.361441849098162e-09,-0.0124555517644897,-0.0227,-0.0417,0.0021,0.0046,-0.0640981799250738,0.0563002680965147,0.1666666666666666,0.1366666666666667,0.0199999999999998,Inflationary Stress
1970-11-30,-1.6560279255348958,0.7367501482631075,1.1064281381613987,0.6908653063119564,1.771910422173168,2,0.9999999999977263,0.999999999996086,5.943649095760493e-11,1.6402412560111048e-12,6.711739049181672e-27,0.9999999999977263,5.305437096277862e-13,0.047447410789696,0.0462,-0.0397,0.0158,0.0046,-0.0609133394133317,0.056,0.2666666666666669,0.1466666666666665,0.2100000000000005,Inflationary Stress
1970-12-31,-1.189776341183754,0.726027331480472,0.9688008244556724,0.3941043405965546,2.0540150245511364,2,0.9999999935025699,0.9999999870120752,1.2903869687442303e-07,6.490494727976369e-09,1.763398526770082e-20,0.9999999935025699,6.983052385525279e-12,0.0567661095283615,0.0574,0.0282,0.0104,0.0042,-0.0367615908409881,0.055702917771883,0.2333333333333331,0.0833333333333333,0.2433333333333328,Inflationary Stress
1971-01-31,-0.6932378236918105,0.6201834700047891,0.5559188833384998,0.597151317138672,1.4051744390817933,2,0.9926579219783267,0.9853171400547635,0.04340750623641699,0.0073407819235631906,1.7841928590669682e-17,0.9926579219783267,1.2960981613080838e-06,0.0404774353312578,0.0483,0.0728,0.0155,0.0038,-0.0110409845557812,0.0527704485488127,0.1333333333333334,0.1266666666666666,0.1666666666666666,Inflationary Stress
1971-02-28,-0.7170711251226048,0.4207165330437872,0.0054096285156007,1.3312442323294054,-0.7388205389908329,0,0.542064664278393,0.08417552302271958,0.6900753784007625,0.45788914125567337,3.528422919859903e-16,0.542064664278393,4.61944658479642e-05,0.009073871208846,0.0141,0.0186,-0.0124,0.0033,-0.0122755453017924,0.0472440944881888,0.0,0.2833333333333335,-0.0866666666666668,Balanced
1971-03-31,-0.7129501058321012,0.317572402750284,-0.1322176851901234,1.2531492413516685,0.0792828079053051,0,0.8839753552902367,0.7680015407362939,0.35937271268253385,0.8839753552902367,9.095280551968783e-14,0.11597381455394283,5.08301559252029e-05,0.0367958403989017,0.0412,0.026,-0.0395,0.003,-0.0120620772405427,0.0443864229765014,-0.0333333333333332,0.2666666666666669,0.0100000000000003,Balanced
1971-04-30,-0.5563963634460525,0.215499899784495,0.0054096285156007,0.2691523550321752,0.3331769500454789,0,0.9967500075040513,0.9935622686115444,0.02217212467069541,0.9967500075040513,1.5458795676203433e-11,0.0031877388925069185,6.225358814887356e-05,0.0362875035214931,0.0315,-0.0049,0.0086,0.0028,-0.0039526214208286,0.0415584415584415,0.0,0.0566666666666667,0.0399999999999997,Balanced
1971-05-31,-0.4362978122228994,0.3051210564962971,0.0054096285156007,-0.2462745854208931,-0.1464008739970815,0,0.9998495368615806,0.9997569309891059,0.0015750413041797473,0.9998495368615806,1.2853471939031954e-12,9.260587247475402e-05,5.7857264723930356e-05,-0.0415584398427177,-0.0399,-0.0104,-0.0133,0.0029,0.0022684620250987,0.044041450777202,0.0,-0.0533333333333333,-0.0166666666666669,Balanced
1971-06-30,-0.2920982231520457,0.2969271293222907,-0.1322176851901234,-0.8554155150472466,-1.5005029654113695,0,0.9998930232062532,0.9997981977297553,0.0011229137633496052,0.9998930232062532,7.817538942585954e-13,9.482547649791103e-05,1.2151316241796011e-05,-0.0093345411102465,-0.0009,-0.0153,-0.0197,0.0037,0.0097379749154864,0.0438144329896907,-0.0333333333333332,-0.1833333333333335,-0.1766666666666667,Balanced
1971-07-31,-0.3962202139630564,0.2928617618554946,0.1430369422213249,-0.9959864988071732,-1.6697657268381545,0,0.9997166576548092,0.9994373718320302,0.0026191373391199744,0.9997166576548092,1.3085749886523706e-12,0.0002792858227790759,4.056521053913605e-06,-0.0316108937553829,-0.0449,-0.0151,-0.0002,0.004,0.0043444744378011,0.0437017994858612,0.0333333333333332,-0.2133333333333333,-0.1966666666666666,Balanced
1971-08-31,-0.4743526987795095,0.2888172424269874,0.280664255927049,-0.949129504220531,-0.146400873997079,0,0.9998810195571884,0.999797854694702,0.001266929774669089,0.9998810195571884,6.464324891534401e-13,8.316486248651261e-05,3.581557961223973e-05,0.036095384831027,0.0379,-0.0022,0.0264,0.0046999999999999,0.0002972257163935,0.0435897435897436,0.0666666666666664,-0.2033333333333334,-0.0166666666666666,Balanced
1971-09-30,-0.0243160437481738,0.1887141727300887,0.1430369422213249,-0.4961785565496533,0.6152815524234574,0,0.9999322338419292,0.9998740914588061,0.0007459711078986421,0.9999322338419292,4.720113408977227e-12,9.623770099040514e-06,5.814238312306997e-05,-0.0069676103192126,-0.0086,0.005,-0.0289999999999999,0.0037,0.0236090438537655,0.040816326530612,0.0333333333333332,-0.1066666666666667,0.0733333333333332,Balanced
1971-10-31,0.5300264371953388,0.0896273778524651,-0.2698449988958488,0.2222953604455316,1.4615953595573925,0,0.9995960977982256,0.9992286763094206,0.0036825468016388743,0.9995960977982256,2.194881808582282e-10,3.6480493414426636e-05,0.0003674214888049352,-0.0417937068742134,-0.0441999999999999,-0.0175,-0.0051,0.0037,0.0523238850941416,0.0380710659898477,-0.0666666666666667,0.0466666666666665,0.1733333333333337,Balanced
1971-11-30,0.7405052996082323,-0.0084585403092371,-0.1322176851901234,-0.0744656052698701,1.0948593764660228,0,0.9947676988684406,0.9895678641539124,0.03290074822678751,0.9947676988684406,9.238177723349514e-10,3.246549335985893e-05,0.005199834714528244,-0.0025470177715578,-0.0046,-0.0277,-0.0167,0.0037,0.0632266524742535,0.0353535353535352,-0.0333333333333332,-0.0166666666666666,0.1300000000000004,Balanced
1971-12-31,0.5113474381864577,-0.1055586703486985,0.0054096285156007,0.7377223008986006,-0.0053485728080886,0,0.9873667447124745,0.9750065053277166,0.0690953679781708,0.9873667447124745,9.353695977035108e-10,0.00027301496758115205,0.012360239384757925,0.0861793665094168,0.0871,0.0329,-0.0038,0.0037,0.0513563162905452,0.0326633165829146,0.0,0.1566666666666668,2.96059473233375e-16,Balanced
1972-01-31,0.8379879180875859,-0.1085134125665231,0.0054096285156007,1.7217191872180932,-0.7670309992286299,0,0.9282667489890509,0.8907846222391779,0.30774834238020454,0.9282667489890509,1.073258182013223e-10,0.03425112415391921,0.03748212674987306,0.0181213259856782,0.0247,0.0584,0.0212,0.0029,0.0682762346541479,0.0325814536340853,0.0,0.3666666666666668,-0.0900000000000001,Balanced
1972-02-29,1.0858863639694696,0.0724077263096788,-0.4074723126015729,2.0184801529334946,-1.1901879027955964,0,0.5975299420678503,0.32572982334667416,0.9276932869484076,0.5975299420678503,8.146032327578382e-12,0.13066993920275444,0.2718001187211761,0.0253030324383585,0.0287,0.0132,-0.0283,0.0025,0.0811173297567973,0.037593984962406,-0.0999999999999999,0.43,-0.1400000000000002,Balanced
1972-03-31,1.2529977692782932,-0.0212189630587625,-0.2698449988958488,0.6596273099208627,-0.7952414594664297,3,0.9934919733331201,0.9876985390614859,0.04150533138970573,0.005793434271634213,7.443588281839502e-10,0.0007145916509339649,0.9934919733331201,0.0059115816385666,0.0062,-0.0029,-0.0161,0.0027,0.0897736706252287,0.0349999999999999,-0.0666666666666667,0.1400000000000001,-0.0933333333333337,Growth
1972-04-30,1.3448314385356015,-0.0243692918672445,-0.1322176851901234,-0.1369415980520602,-0.6541891582774392,3,0.9999855164085837,0.9999724397044444,0.00018048345387748635,1.3076704139265751e-05,3.9865938238830385e-12,1.4068835120613537e-06,0.9999855164085837,0.0043843398701779,0.0029,0.0016,0.0003,0.0029,0.0945306382470436,0.0349127182044888,-0.0333333333333332,-0.0299999999999999,-0.0766666666666668,Growth
1972-05-31,1.2410958763676312,-0.1201857441069225,0.0054096285156007,-0.6836065348962228,-0.146400873997079,3,0.9999956323635955,0.9999919338411022,6.014017838062397e-05,3.69852249330334e-06,2.3339680163831272e-14,6.691137256159045e-07,0.9999956323635955,0.0172750129282348,0.0129,-0.0271,-0.0272,0.003,0.0891571547038656,0.0322580645161292,0.0,-0.1466666666666666,-0.0166666666666666,Growth
1972-06-30,1.2087248445572334,-0.2150558610158489,-0.1322176851901234,-0.2150365890297981,-0.2310322547104753,3,0.9999956717913836,0.9999916647066008,5.892729115720097e-05,4.007084782796265e-06,7.65512223877507e-14,3.2112364386434216e-07,0.9999956717913836,-0.0218205004682259,-0.0243,0.0028,-0.0246,0.0029,0.0874803410531408,0.0296296296296296,-0.0333333333333332,-0.0466666666666667,-0.0266666666666669,Growth
1972-07-31,1.2462773624588108,-0.2176899618883788,-0.1322176851901246,-0.5430355511362956,0.1921246488564935,3,0.999995880371289,0.9999922406626613,5.6684565288255605e-05,3.6397086276333093e-06,5.3613287882567205e-14,4.799200071314209e-07,0.999995880371289,0.0023333955705076,-0.008,-0.0289999999999999,0.006,0.0031,0.0894255547554803,0.0295566502463053,-0.0333333333333335,-0.1166666666666667,0.0233333333333334,Growth
1972-08-31,1.663837653798379,-0.2203111187762803,-0.1322176851901246,-0.3868455691808197,-0.3438740956616662,3,0.9999997331865772,0.9999995123153256,4.4280470282488e-06,4.594213081087678e-08,1.2359228783157819e-14,2.2087125156740138e-07,0.9999997331865772,0.0344538315417741,0.0327,-0.0399,0.0455999999999999,0.0029,0.1110551030695354,0.0294840294840292,-0.0333333333333335,-0.0833333333333331,-0.0400000000000003,Growth
1972-09-30,1.4892442146036218,-0.1344543111553929,-0.2698449988958488,-0.4805595583541062,-1.5569238858869612,3,0.9999905442888615,0.9999823111092918,0.00012248854449713463,1.2225316114751088e-06,1.5158932580842926e-15,8.233179569686287e-06,0.9999905442888615,-0.0048608632994313,-0.0113999999999999,-0.0266,0.0049,0.0034,0.1020111941857067,0.0318627450980393,-0.0666666666666667,-0.1033333333333335,-0.183333333333333,Growth
1972-10-31,1.5993664981591968,-0.1372661607986817,0.0054096285156007,-0.6055115439184856,-1.5287134256491666,3,0.9999859663087339,0.9999725493193505,0.00017337678912537734,6.167017985975717e-07,2.4923583386689302e-14,1.3416989383391995e-05,0.9999859663087339,0.0093170398088062,0.0052,-0.0273,0.0121999999999999,0.004,0.1077155087530188,0.0317848410757948,0.0,-0.13,-0.18,Growth
1972-11-30,1.7607898809046858,-0.0520307155515173,-0.4074723126015729,-1.0740814897849111,-0.7670309992286275,3,0.9999990476017034,0.9999981083309911,1.4225992871109329e-05,1.312759615834443e-08,2.20929859732651e-17,9.39270712318664e-07,0.9999990476017034,0.0456174606055077,0.046,-0.0118,0.0487999999999999,0.0037,0.1160772110712893,0.0341463414634146,-0.0999999999999999,-0.2300000000000001,-0.0899999999999998,Growth
1972-12-31,1.7522053287994082,-0.0550294262564112,-0.4074723126015729,-0.9335105060249824,0.0792828079053001,3,0.9999996157935868,0.9999992421705363,6.10818386485946e-06,1.0583351251151104e-08,5.302432619582563e-19,3.7362305054147e-07,0.9999996157935868,0.0118282755161629,0.0062,-0.0195,-0.0218,0.0037,0.1156325328095706,0.0340632603406325,-0.0999999999999999,-0.1999999999999998,0.0099999999999997,Growth
1973-01-31,1.4013722616987856,0.0295926509688306,-0.9579815674244708,-1.0740814897849111,-0.4002950161372579,3,0.9999992539044852,0.9999985270572954,1.1361714044089198e-05,1.9248412958730266e-08,5.622146449196222e-19,7.268471897162689e-07,0.9999992539044852,-0.0171114292269461,-0.0327,-0.0349,0.027,0.0044,0.0974594427614796,0.0364077669902913,-0.2333333333333331,-0.2300000000000001,-0.0466666666666665,Growth
1973-02-28,1.4895605175323912,0.110427385928588,-0.4074723126015729,-0.714844531287318,-1.077346061844403,3,0.9999984536351026,0.9999970912811058,2.280040622295716e-05,1.8401073885144368e-07,4.507327475341798e-19,1.3623539968121973e-06,0.9999984536351026,-0.0374902914753564,-0.0484999999999999,-0.0389,0.0163999999999999,0.0042,0.1020275786207729,0.038647342995169,-0.0999999999999999,-0.1533333333333333,-0.1266666666666666,Growth
1973-03-31,1.3537513591322332,0.4591594362262041,-0.4074723126015729,-1.042843493393815,-0.7106100787530333,3,0.9999979088819636,0.9999959718768774,2.9988543344750077e-05,1.5411312924821513e-07,1.6044340298144029e-22,1.9370050862715713e-06,0.9999979088819636,-0.0014326975436259,-0.013,-0.0278,0.0256999999999999,0.0046,0.0949926885365561,0.0483091787439613,-0.0999999999999999,-0.2233333333333333,-0.0833333333333333,Growth
1973-04-30,1.1135288582536371,0.6289037113108294,0.1430369422213249,-0.9959864988071724,-0.0617694932836878,3,0.9999902400776299,0.9999815669592155,0.00012577179945526403,1.086804020774398e-06,2.7637948836826105e-24,8.673118414414147e-06,0.9999902400776299,-0.0407998167084429,-0.0567999999999999,-0.0384,0.0538999999999999,0.0052,0.0825492060104571,0.0530120481927711,0.0333333333333332,-0.2133333333333332,-0.0066666666666668,Growth
1973-05-31,1.2530394013713675,0.711068044674358,-0.1322176851901234,-0.8554155150472466,-0.3438740956616611,3,0.9998446961836497,0.9996896459344101,0.0015192066154126264,2.53567139744995e-07,7.579928819614669e-25,0.0001550502492395101,0.9998446961836497,-0.0188838389212805,-0.0297,-0.0626999999999999,0.0038,0.0051,0.0897758271601945,0.0552884615384614,-0.0333333333333332,-0.1833333333333335,-0.0399999999999997,Growth
1973-06-30,1.225772335702639,0.8793941011531886,0.0054096285156007,-1.4176994500869555,-0.2592427149482674,3,0.9693149803515191,0.9386323235572022,0.13714010304329183,2.362854034097718e-06,2.0876015439424404e-29,0.03068265679431696,0.9693149803515191,-0.0065745100721822,-0.0157,-0.0283999999999999,0.0113999999999999,0.0051,0.0883633980415821,0.0599520383693046,0.0,-0.3033333333333334,-0.0299999999999996,Growth
1973-07-31,1.324104199152752,0.7878685936837674,-0.2698449988958488,-2.0112213815177604,-0.8798728401798184,2,0.5650570759050585,0.13012009103277783,0.6847307532833213,5.939222761041061e-06,5.916479615587414e-32,0.5650570759050585,0.43493698487228066,0.0379819585971075,0.0504,0.0791999999999999,-0.0526,0.0064,0.0934569709588777,0.0574162679425838,-0.0666666666666667,-0.43,-0.1033333333333332,Inflationary Stress
1973-08-31,1.0055790439701815,1.3859211021125892,-0.1322176851901246,-2.745314296708492,-0.2310322547104778,2,0.9992755645043861,0.9985511355371758,0.005962009387784159,6.5282585800279254e-09,8.161721695802872e-44,0.9992755645043861,0.0007244289672103411,-0.0366845423759212,-0.0382,-0.02,0.0103,0.0069999999999999,0.0769574249623916,0.0739856801909308,-0.0333333333333335,-0.5866666666666663,-0.0266666666666672,Inflationary Stress
1973-09-30,1.005844670496198,1.3732350122438244,-0.1322176851901246,-1.4176994500869542,0.8691756945636387,2,0.9994581123245352,0.9989162440881114,0.0046171993837059765,1.9438846893364915e-08,1.5913801358684736e-37,0.9994581123245352,0.0005418682364237606,0.0400959261887365,0.0474,0.0293,0.0222,0.0068,0.0769711843688705,0.0736342042755344,-0.0333333333333335,-0.303333333333333,0.1033333333333335,Inflationary Stress
1973-10-31,0.9187461481206473,1.6235278221725071,-0.2698449988958488,0.7064843045075049,1.4333848993195903,2,0.9999555075826859,0.9999110158798294,0.0004903225785123182,7.143656673338692e-10,2.9335957664979577e-41,0.9999555075826859,4.449170285648824e-05,-0.0012911499516223,-0.0083,-0.0021,0.0166,0.0065,0.0724594965075533,0.0805687203791469,-0.0666666666666667,0.15,0.1699999999999999,Inflationary Stress
1973-11-30,0.7698028356896367,1.6949375154058393,0.0054096285156007,0.2691523550321745,1.574437200508581,2,0.9999914012847949,0.9999828030158251,0.00010889806085243373,4.4631737643854107e-10,1.1556349754923123e-41,0.9999914012847949,8.5982689698431e-06,-0.1138609449331597,-0.1278,-0.0771999999999999,0.0409,0.0056,0.0647442595966227,0.0825471698113207,0.0,0.0566666666666666,0.1866666666666668,Inflationary Stress
1973-12-31,0.4849274900799997,1.94270660549229,0.1430369422213261,0.7689602972896936,0.5588606319478607,2,0.9999575729294696,0.9999151459229647,0.000469571125016711,6.409054103047811e-11,1.1496971871635214e-48,0.9999575729294696,4.242700650492268e-05,0.0165694454194971,0.0059,-0.054,0.0401,0.0064,0.0499877677099553,0.0894117647058823,0.0333333333333335,0.1633333333333331,0.0666666666666664,Inflationary Stress
1974-01-31,0.2068271610099216,2.1811770663257795,0.6935461970442239,-0.5430355511362949,-0.3720845558994608,2,0.9999905219746201,0.9999810439495179,0.00011910588596018578,8.51382304709028e-14,6.74983300646683e-57,0.9999905219746201,9.478025102228044e-06,-0.0100461642878024,-0.0016,0.0968,0.0595,0.0063,0.0355822204667568,0.0960187353629975,0.1666666666666666,-0.1166666666666665,-0.0433333333333333,Inflationary Stress
1974-02-28,-0.137389929125643,2.3248759053184376,0.5559188833384998,1.4718152160893316,-0.3438740956616637,2,0.9999999738602131,0.9999999477206194,4.82530315978741e-07,2.4290529034497993e-15,5.5198246538565284e-61,0.9999999738602131,2.6139593740780413e-08,-0.0036242981798398,-0.0046,0.0,0.0247,0.0058,0.0177518368406566,0.0999999999999998,0.1333333333333334,0.3133333333333332,-0.04,Inflationary Stress
1974-03-31,-0.1461937989150895,2.3747751226536544,0.280664255927049,-0.0588466070743229,-0.9362937606554176,2,0.9999966486990838,0.999993297398388,4.559833340900284e-05,2.0288946277468105e-14,7.8944105778361185e-59,0.9999966486990838,3.351300695706444e-06,-0.023279960874575,-0.0282,0.025,-0.0014,0.0056,0.0172957979621737,0.1013824884792626,0.0666666666666664,-0.0133333333333333,-0.1100000000000003,Inflationary Stress
1974-04-30,-0.1745908923332933,2.349654235208006,0.0054096285156007,-0.0588466070743243,-0.3720845558994632,2,0.9999778600726871,0.9999557201453949,0.00025943825685867844,1.4169175777364453e-13,2.1920762096729176e-58,0.9999778600726871,2.2139927292165094e-05,-0.0390509221882154,-0.0528,-0.0068,0.0092,0.0075,0.0158248336085056,0.1006864988558351,0.0,-0.0133333333333336,-0.0433333333333335,Inflationary Stress
1974-05-31,-0.1529906571517507,2.579752165769444,-0.1322176851901246,-0.7617015258739609,-0.2874531751860645,2,0.9999909559228106,0.999981911845767,0.00011407652303843301,8.516013200238743e-16,3.1921618668874796e-68,0.9999909559228106,9.044077043627126e-06,-0.0335510891507996,-0.047,-0.0293,-0.0208,0.0075,0.0169437219227064,0.1070615034168565,-0.0333333333333335,-0.1633333333333334,-0.0333333333333329,Inflationary Stress
1974-06-30,-0.2140014765387885,2.6351843111601827,0.4182915696327756,0.6127703153342191,0.8973861548014358,2,0.9999999542128545,0.9999999084257912,8.195528256818266e-07,1.5561591237544164e-17,8.135047047829498e-73,0.9999999542128545,4.5787063235409834e-08,-0.0146654307653415,-0.0283999999999999,-0.0024,0.0083,0.006,0.0137833724043685,0.1085972850678731,0.1000000000000002,0.1299999999999999,0.1066666666666667,Inflationary Stress
1974-07-31,-0.2413610137990396,2.880164631561561,0.5559188833384998,1.6904811908269974,0.8691756945636412,2,0.999999999951342,0.999999999902582,1.2044298248265343e-09,1.9581236883994887e-21,7.821576359534803e-81,0.999999999951342,4.875995061182051e-11,-0.0777907260628634,-0.0806,0.0078,0.0516,0.0069999999999999,0.0123661532738752,0.1153846153846152,0.1333333333333334,0.36,0.1033333333333337,Inflationary Stress
1974-08-31,-0.4224346680512121,2.645709391592245,0.5559188833384998,-0.4180835655719175,0.7281233933746484,2,0.9999999441829475,0.9999998883658129,9.88027338584301e-07,4.9952963387831416e-18,2.771077571870914e-72,0.9999999441829475,5.581713456776431e-08,-0.0902786061419946,-0.0939,-0.0069,0.0260999999999999,0.006,0.0029865704105591,0.1088888888888888,0.1333333333333334,-0.0900000000000004,0.0866666666666666,Inflationary Stress
1974-09-30,-0.5760165074558696,3.027586417289825,0.6935461970442239,0.5346753243564806,1.1512802969416172,2,0.9999999998494786,0.999999999699109,3.549572337639801e-09,3.21716385855336e-23,5.8526575603292355e-90,0.9999999998494786,1.5036956849893002e-10,-0.1193347252704257,-0.1178999999999999,0.0027,0.0542999999999999,0.0081,-0.0049689413669318,0.1194690265486724,0.1666666666666666,0.113333333333333,0.136666666666667,Inflationary Stress
1974-10-31,-0.7890343628414066,2.989761090688501,0.6935461970442239,0.284771353227723,2.561803308831496,2,1.0,0.9999999999999986,-9.610415177870626e-13,3.486303050382121e-25,6.34620567540797e-94,1.0,1.4132441385472623e-15,0.1630469068473035,0.1611,-0.0343,-0.0991,0.0051,-0.0160032281283398,0.1184210526315789,0.1666666666666666,0.0600000000000002,0.303333333333333,Inflationary Stress
1974-11-30,-1.4976303718323356,3.119096055162915,1.5193100792785712,1.7685761818047372,3.3516961954898328,2,1.0,1.0,-1.0000889005817344e-12,8.547062880270561e-37,4.504949953231445e-102,1.0,3.858349384379335e-27,-0.0531799759679239,-0.0453,-0.0116999999999999,-0.0025,0.0054,-0.0527083744976148,0.122004357298475,0.3666666666666665,0.3766666666666672,0.3966666666666665,Inflationary Stress
1974-12-31,-2.10683307197294,3.0810520217251183,1.794564706690021,0.4721993315742933,2.984960212398465,2,1.0,1.0,-1.0000889005747342e-12,8.952216019477923e-40,1.5387255959288549e-96,1.0,2.5720581728181094e-25,-0.0201515454839262,-0.0344,-0.0474,0.0012,0.0069999999999999,-0.0842649652679485,0.1209503239740821,0.4333333333333333,0.1000000000000002,0.3533333333333335,Inflationary Stress
1975-01-31,-2.2374220653055943,2.957288065762002,2.895583216335817,1.253149241351667,2.0540150245511417,2,1.0,1.0,-1.0000889005818317e-12,1.3284037948378846e-50,6.183824256318633e-92,1.0,3.372076911259855e-28,0.1228122243024267,0.1367,0.1106,0.0825999999999999,0.0058,-0.0910294517365037,0.1175213675213675,0.6999999999999998,0.2666666666666666,0.2433333333333334,Inflationary Stress
1975-02-28,-2.585417746354445,2.7598325080099446,2.0698193341014703,2.627621082559847,0.9538070752770323,2,1.0,1.0,-1.000088900579859e-12,1.5423105685381134e-41,1.4288619595169084e-93,1.0,7.172915145862983e-26,0.0598855908018327,0.0556,0.0012,-0.0447,0.0043,-0.1090555656952364,0.1120507399577168,0.5,0.5599999999999999,0.1133333333333335,Inflationary Stress
1975-03-31,-2.778267693013506,2.490997846433017,1.932192020395745,3.064953032035179,-1.2748192835089902,2,1.0,1.0,-1.0000889005817786e-12,5.262726463358608e-40,1.1598159831352174e-88,1.0,2.2617937595246492e-27,0.0216938883675246,0.0266,0.0375,0.0242,0.0040999999999999,-0.1190451583963129,0.104602510460251,0.4666666666666665,0.6533333333333337,-0.1500000000000003,Inflationary Stress
1975-04-30,-2.68872898472237,2.392411020672334,0.9688008244556748,2.159051136693422,-2.713552755636672,2,1.0,1.0,-1.0000889003918322e-12,1.6391339239736447e-31,1.850079457978504e-79,1.0,6.87664955132539e-24,0.0472649041813584,0.0421999999999999,-0.0064,-0.0113,0.0044,-0.1144070693415606,0.1018711018711018,0.2333333333333337,0.4599999999999999,-0.3200000000000003,Inflationary Stress
1975-05-31,-2.878886278698174,2.0575146667569366,1.244055451867123,1.4718152160893327,-1.7826075677893505,2,1.0,1.0,-1.0000849189676512e-12,2.55999082614965e-29,9.462189697225516e-60,1.0,1.4409942335915275e-19,0.0441007828125565,0.052,0.0393,-0.0405,0.0044,-0.1242571831158487,0.0925925925925925,0.3000000000000001,0.3133333333333334,-0.2100000000000005,Inflationary Stress
1975-06-30,-2.742431222697004,2.0302329077200496,0.2806642559270515,0.4409613351831975,0.0228618874297034,2,0.9999999999990905,0.9999999999979746,2.990684688345504e-11,4.519960987019201e-22,5.2966526039069925e-56,0.9999999999990905,1.1159125073984462e-12,0.0443225545572845,0.0487,0.0081,0.0135,0.0040999999999999,-0.1171888356515679,0.0918367346938775,0.066666666666667,0.0933333333333334,0.0033333333333329,Inflationary Stress
1975-07-31,-2.600808124743225,2.1564871333643967,-0.26984499889585,-1.0740814897849098,0.3895978705210781,2,0.999999999996362,0.9999999999926517,9.94085281942829e-11,6.371933744321695e-22,1.343586655745892e-59,0.999999999996362,3.710347164721685e-12,-0.0676541892660457,-0.066,0.0266,0.0176,0.0048,-0.1098527845396427,0.0953346855983774,-0.066666666666667,-0.2299999999999998,0.0466666666666668,Inflationary Stress
1975-08-31,-2.2455036278900145,1.8257837335347995,-0.8203542537187466,-1.3552234573047657,-1.246608823271188,2,0.9999999999763531,0.9999999999529315,5.949673981133581e-10,1.7304695937234144e-18,1.7414332581969837e-50,0.9999999999763531,2.3421630445651868e-11,-0.0210704534826143,-0.0283999999999999,-0.0317,-0.0091,0.0048,-0.0914480752311182,0.0861723446893789,-0.1999999999999998,-0.29,-0.1466666666666665,Inflationary Stress
1975-09-30,-2.019026499391316,1.5687614144458868,-0.5450996263072982,-0.7929395222650566,-1.6415552666003548,2,0.9999999997835403,0.9999999995670098,5.033256648548758e-09,1.0116579281388305e-14,4.1046827931869366e-41,0.9999999997835403,2.1653046283980083e-10,-0.034645425897703,-0.0426,-0.0016,0.0033,0.0053,-0.0797166005327555,0.0790513833992094,-0.1333333333333334,-0.1700000000000002,-0.193333333333333,Inflationary Stress
1975-10-31,-1.892155909979229,1.4756107945936616,-0.2698449988958476,0.3941043405965546,-0.0335590330458932,2,0.999999971920261,0.999999943844468,5.163676395758882e-07,3.757281838817629e-12,2.32938774341461e-37,0.999999971920261,2.8075793072646958e-08,0.061642995107163,0.0532,-0.0408,0.0034999999999999,0.0056,-0.0731447267213882,0.076470588235294,-0.0666666666666664,0.0833333333333333,-0.0033333333333338,Inflationary Stress
1975-11-30,-1.2580412345100582,1.378728609632342,-0.1322176851901234,0.9563882756362652,0.8973861548014358,2,0.9999995929921088,0.9999991890895749,6.414130687228611e-06,3.1054187801383238e-09,1.803142792844635e-32,0.9999995929921088,4.0390253392130195e-07,0.0247079618780476,0.0265,-0.0121999999999999,0.0203,0.0040999999999999,-0.0402977000903094,0.0737864077669903,-0.0333333333333332,0.2033333333333334,0.1066666666666667,Inflationary Stress
1975-12-31,-0.301928575024543,1.288657925806946,-0.26984499889585,0.8626742864629794,1.066648916228223,2,0.9954921975239908,0.9910122652487819,0.02901806223470197,2.787020084573823e-05,8.445081630716745e-29,0.9954921975239908,0.004479932275208778,-0.0115080605759223,-0.016,-0.0087,0.017,0.0048,0.0092287644489255,0.071290944123314,-0.066666666666667,0.1833333333333332,0.1266666666666669,Inflationary Stress
1976-01-31,0.2338710758567294,1.130952057019413,-0.6827269400130225,1.081340261200644,0.5306501717100687,2,0.6244825232759266,0.24913613443855376,0.6633143864350848,0.00017108788661395098,5.459657128932812e-26,0.6244825232759266,0.3753463888373728,0.1183057753643734,0.1215,0.0487,0.0863,0.0046999999999999,0.0369830904127559,0.0669216061185469,-0.1666666666666666,0.2299999999999998,0.0633333333333337,Inflationary Stress
1976-02-29,0.9047353197434902,0.979937051261898,-0.8203542537187478,0.5346753243564819,-0.1746113342348761,3,0.9932663838921699,0.9865342503071334,0.04039727116007374,1.4825229547984595e-06,2.060918793018339e-24,0.006732133585036509,0.9932663838921699,-0.0114019583474093,0.0031,0.0697,0.0571,0.0034,0.0717337381066971,0.0627376425855512,-0.2000000000000001,0.1133333333333332,-0.0199999999999998,Growth
1976-03-31,1.1837670330825147,0.9030002275140756,-0.8203542537187466,0.2691523550321759,-0.4849263968506566,3,0.9999730715163958,0.9999461498800252,0.00031034192288764245,6.847298669278916e-09,1.4670286343476902e-25,2.6921636370614474e-05,0.9999730715163958,0.0306889738911879,0.0232,-0.0116999999999999,-0.0011,0.004,0.0861875308882333,0.0606060606060605,-0.1999999999999998,0.0566666666666669,-0.0566666666666672,Growth
1976-04-30,1.2387351668239264,0.8266440590398263,-0.2698449988958488,-0.2618935836164417,-0.8234519197042242,3,0.9999977139494813,0.9999954837031959,3.224113934014666e-05,5.5804294846192395e-08,3.7982951802706514e-27,2.2302462854357687e-06,0.9999977139494813,-0.0109954003145742,-0.0149,-0.0008,-0.0016,0.0042,0.0890348703722612,0.0584905660377359,-0.0666666666666667,-0.0566666666666669,-0.0966666666666666,Growth
1976-05-31,1.3977338967290598,0.9586146608049908,-0.4074723126015729,-0.3243695763986304,-1.387661124460181,3,0.9999860068961852,0.999972022433899,0.00017046566680753607,8.641619254471484e-09,1.7725967788705192e-28,1.3984462286126604e-05,0.9999860068961852,-0.0143644145340416,-0.0134,-0.0118999999999999,-0.0129,0.0037,0.0972709761076118,0.0621468926553672,-0.0999999999999999,-0.0699999999999999,-0.1633333333333337,Growth
1976-06-30,1.286869293383397,0.8743787185431792,0.0054096285156007,-0.4337025637674633,-1.020925141368804,3,0.9999922367875411,0.9999845283555071,9.943198260356372e-05,5.478035606230731e-08,6.366988089570814e-28,7.708432034057502e-06,0.9999922367875411,0.0409263172452722,0.0406,-0.0132,0.0073,0.0043,0.0915282095081089,0.0598130841121495,0.0,-0.0933333333333334,-0.1199999999999995,Growth
1976-07-31,1.1870490435049923,0.7207084739494163,0.1430369422213249,-0.1525605962476073,-1.1055565220822,3,0.9999871796234036,0.9999748482643882,0.00015931199526525238,4.890177289592712e-07,1.3363991006729215e-24,1.2331359015321132e-05,0.9999871796234036,-0.0080552008795898,-0.0106,0.0028,0.0174,0.0046999999999999,0.0863575384403703,0.0555555555555555,0.0333333333333332,-0.0333333333333332,-0.1299999999999999,Growth
1976-08-31,1.1255742303369802,0.7799028441106342,0.5559188833384987,-0.1057036016609658,-0.2592427149482649,3,0.9999838097988731,0.9999677644600645,0.00019561330184623597,1.4486223120448366e-07,2.106252648570276e-24,1.604533880857482e-05,0.9999838097988731,-0.0051237313107865,-0.0056999999999999,-0.0204999999999999,0.0079,0.0042,0.0831731541272706,0.0571955719557195,0.1333333333333331,-0.0233333333333334,-0.0299999999999993,Growth
1976-09-30,0.9304237703854804,0.6986732070350066,0.0054096285156007,0.0973433748811514,-0.6259786980396396,3,0.999993336340514,0.9999893067803627,9.055843512548307e-05,2.634099547016123e-06,5.670770308243047e-24,4.02956015136262e-06,0.999993336340514,0.0226410855965992,0.0206,0.0008,-0.0031,0.0044,0.0730643952496252,0.0549450549450549,0.0,0.0199999999999998,-0.0733333333333332,Growth
1976-10-31,0.8334317553973967,0.6878361905197243,-0.1322176851901234,-0.1681795944431545,-0.3156636354238691,3,0.9999944187862865,0.9999908439046669,7.673733226768564e-05,3.5748816195926336e-06,9.313708277461978e-23,2.0063322588640186e-06,0.9999944187862865,-0.0222348573298118,-0.0242,0.0014,-0.0017,0.0040999999999999,0.0680402262427206,0.0546448087431694,-0.0333333333333332,-0.0366666666666664,-0.036666666666667,Growth
1976-11-30,1.1196102156112702,0.5430317014876578,0.0054096285156007,-0.1369415980520602,0.192124648856491,3,0.9999961457148555,0.9999937351168984,5.445204766749678e-05,1.4436874131435782e-06,5.420222287833035e-21,2.4105979571201503e-06,0.9999961457148555,-0.0077745679290064,0.0036,0.0233999999999999,0.0153,0.004,0.0828642192325237,0.0506329113924051,0.0,-0.0299999999999999,0.0233333333333331,Growth
1976-12-31,1.0609902476735658,0.533170914526774,0.2806642559270502,0.0192483839034156,1.2359116776550032,3,0.999786024725282,0.999596184964522,0.002097356562766797,2.4135513926438354e-05,2.447274123452928e-19,0.00018983976076007578,0.999786024725282,0.0524975581827276,0.0565,0.0302999999999999,0.0223,0.004,0.079827715391104,0.0503597122302157,0.0666666666666667,0.0033333333333335,0.1466666666666662,Growth
1977-01-31,0.6456338074008334,0.5913401327099813,-0.2698449988958488,0.1598193676633415,-0.0335590330458857,3,0.9999737837414154,0.9999514419863125,0.00031375550551626327,2.2341755102919972e-05,4.809478258681013e-20,3.87450358213645e-06,0.9999737837414154,-0.0505304331978203,-0.0403,0.0475,0.0432,0.0036,0.0583123261676419,0.0519713261648746,-0.0666666666666667,0.0333333333333332,-0.0033333333333329,Growth
1977-02-28,0.7668759186073555,0.9108267070946696,-0.2698449988958488,0.2847713532277217,-0.597768237801845,3,0.9999884951637495,0.9999784425897984,0.0001467084609035027,1.4522621218865398e-06,8.225409124708626e-25,1.0052573951185427e-05,0.9999884951637495,-0.0216602872774031,-0.0194,0.0103,0.0045,0.0034999999999999,0.0645926458159174,0.0608228980322003,-0.0666666666666667,0.0599999999999999,-0.0700000000000002,Growth
1977-03-31,0.984621871754209,1.035812790825474,-0.5450996263072971,0.5346753243564819,-1.6697657268381545,3,0.9996839723013284,0.9993683683169493,0.0028662861958335516,4.237143761888873e-07,8.601565025558056e-27,0.00031560398437912587,0.9996839723013284,-0.0140252607709785,-0.0135,0.0098999999999999,0.0109,0.0038,0.0758718471946466,0.0642857142857142,-0.1333333333333331,0.1133333333333332,-0.1966666666666666,Growth
1977-04-30,1.0806863429095406,1.2246915573340715,-0.4074723126015729,0.3784853424010074,-0.4849263968506516,3,0.9999907583323457,0.9999815227238125,0.00011641954324897074,6.0589654472986155e-09,3.061611805792836e-32,9.235608533256094e-06,0.9999907583323457,0.000203254143803,0.0015,-0.0013,0.0338,0.0038,0.0808479695971207,0.0695187165775401,-0.0999999999999999,0.08,-0.0566666666666666,Growth
1977-05-31,1.1561906082388391,1.147348748249694,-0.8203542537187466,-0.3399885745941775,-0.5131368570884488,3,0.9999980271633282,0.9999960548638941,2.789304086982716e-05,5.374502052625666e-10,1.4991741380306013e-32,1.972299434054915e-06,0.9999980271633282,-0.023567651740004,-0.0147,0.0125,0.0081,0.0037,0.0847590770197592,0.0673758865248228,-0.1999999999999998,-0.0733333333333332,-0.0599999999999999,Growth
1977-06-30,1.2973998038678018,1.134481819342216,-0.2698449988958488,-0.9335105060249824,-0.0899799535214823,3,0.9999958597667716,0.9999917221772953,5.547950700232521e-05,2.643935792534338e-09,2.1388457262805047e-34,4.137589476363844e-06,0.9999958597667716,0.0453599717620336,0.0472,0.0207,-0.0062,0.004,0.0920736880653811,0.0670194003527335,-0.0666666666666667,-0.1999999999999998,-0.0099999999999997,Growth
1977-07-31,1.204810677852414,1.1217503317916715,-0.4074723126015729,-1.0740814897849111,-0.4567159366128571,3,0.9999936674289949,0.9999873401303362,8.21748415405881e-05,5.2724581633164106e-09,9.858058958820829e-34,6.327298658692506e-06,0.9999936674289949,-0.0162221818108649,-0.0169,0.0209,-0.006,0.0042,0.0872775879187861,0.0666666666666666,-0.0999999999999999,-0.2300000000000001,-0.0533333333333336,Growth
1977-08-31,1.0820280051854432,1.1091521582468904,0.0054096285156007,-0.9178915078294352,-0.3720845558994608,3,0.999989878887223,0.9999797914042299,0.000126748328284818,3.3629662982063666e-08,8.974450065524497e-33,1.0087482993171605e-05,0.999989878887223,-0.0210420016506043,-0.0176,0.0155,-0.0277,0.0044,0.0809174674627455,0.0663176265270506,0.0,-0.1966666666666666,-0.0433333333333333,Growth
1977-09-30,1.0958770578475798,1.0340224253886725,-0.5450996263072982,-1.1365574825671012,-0.4849263968506491,3,0.9999929788542442,0.9999859758940725,9.046460889246209e-05,1.818544186772283e-08,2.8638514412909904e-31,7.0029601717081654e-06,0.9999929788542442,-0.0024800854820193,-0.0027,0.015,-0.0026,0.0043,0.0816348459105347,0.0642361111111109,-0.1333333333333334,-0.2433333333333334,-0.0566666666666663,Growth
1977-10-31,1.1317176973589966,1.0220093516029272,-0.1322176851901246,-1.2146524735448383,-0.4849263968506466,3,0.9999856073722019,0.9999712750910669,0.0001752435488062662,6.034660666223673e-08,1.5257348085267966e-31,1.4332281135050411e-05,0.9999856073722019,-0.0434062208058878,-0.0438999999999999,0.0118999999999999,0.0162,0.0049,0.0834913846188296,0.0639032815198619,-0.0333333333333335,-0.26,-0.056666666666666,Growth
1977-11-30,0.8555774618249611,1.1383166047490108,-0.2698449988958488,-0.667987536700675,-0.1464008739970815,3,0.9999946303313221,0.9999893357039238,7.092418509988824e-05,7.504129270699195e-08,6.544335319081919e-32,5.294627398259982e-06,0.9999946303313221,0.0269656226111665,0.04,0.0368,0.0023,0.005,0.0691873698697815,0.0671256454388984,-0.0666666666666667,-0.1433333333333332,-0.0166666666666669,Growth
1977-12-31,0.6713634806769523,1.125870624851691,-0.5450996263072971,0.1442003694677943,-0.4567159366128571,3,0.9999940452626049,0.9999882189445559,7.82178108602168e-05,1.2841927843697028e-07,1.1635268005664163e-30,5.826318049055187e-06,0.9999940452626049,0.0028471647986194,0.0027,0.0136,-0.0029,0.0049,0.0596451186356357,0.0667808219178081,-0.1333333333333331,0.0299999999999999,-0.0533333333333336,Growth
1978-01-31,0.5122980038419519,1.1750403912664544,-0.5450996263072971,0.2535333568366273,-0.4567159366128571,3,0.9999881054057195,0.999976447640155,0.0001479343968793985,2.368289327609581e-07,5.583018346589738e-31,1.1657765564446269e-05,0.9999881054057195,-0.061514180525597,-0.06,0.0227999999999999,0.0338,0.0049,0.0514055554212711,0.0681431005110733,-0.1333333333333331,0.0533333333333333,-0.0533333333333336,Growth
1978-02-28,0.303635432100424,0.9675554859433853,-0.6827269400130225,0.1598193676633401,-0.5695577775640429,3,0.9999847395047526,0.9999715668313919,0.0001905939620046145,2.087821757840404e-06,1.3645659220629604e-26,1.3172673360763743e-05,0.9999847395047526,-0.0247618945038953,-0.0139,0.0359,0.0081,0.0046,0.0405968715726718,0.0623946037099494,-0.1666666666666666,0.0333333333333329,-0.0666666666666664,Growth
1978-03-31,0.430353494998917,1.0167796441685255,-0.1322176851901246,0.206676362249983,-0.3438740956616587,3,0.9999794299002323,0.9999638489359651,0.0002539513580501987,4.989135438119534e-06,5.5579056202103554e-27,1.5580964267142726e-05,0.9999794299002323,0.0249310448773008,0.0285,0.0344,0.0115,0.0053,0.0471608445379496,0.0637583892617448,-0.0333333333333335,0.043333333333333,-0.0399999999999994,Growth
1978-04-30,0.6439469104276456,1.0615940531153316,-0.4074723126015742,0.5346753243564832,-0.1181904137592819,3,0.9999859701703943,0.9999726945998965,0.0001737420671689011,7.542591935340466e-07,7.782207802322489e-28,1.3275570497814631e-05,0.9999859701703943,0.0854164647997213,0.0787,0.0036,-0.0354,0.0054,0.0582249452065228,0.0649999999999999,-0.1000000000000002,0.1133333333333335,-0.0133333333333333,Growth
1978-05-31,0.5787064501685762,1.2936254137240668,-0.4074723126015729,0.5659133207475776,-0.0899799535214823,3,0.9999250079516745,0.9998501533912979,0.0007882771016369916,1.3748814048079424e-07,1.123832864606062e-32,7.485456037655065e-05,0.9999250079516745,0.0042341838785688,0.0176,0.0453,-0.0055,0.0051,0.0548455010484643,0.0714285714285714,-0.0999999999999999,0.1200000000000001,-0.0099999999999997,Growth
1978-06-30,0.5526829443432332,1.4001595554177009,-0.5450996263072971,-0.0276086106832258,-0.1181904137592895,3,0.9991609338097673,0.9983218959045388,0.006782324857515216,2.8285101917665235e-08,2.4845221761843703e-35,0.0008390379052285448,0.9991609338097673,-0.0175853467918449,-0.0169,0.0174,0.006,0.0054,0.0534974881070406,0.0743801652892561,-0.1333333333333331,-0.0066666666666662,-0.0133333333333342,Growth
1978-07-31,0.5099611114834117,1.505642373344621,0.1430369422213261,-0.3556075727897247,-0.597768237801845,3,0.9713525617654258,0.9427052625362968,0.13001046808676925,1.3900547190808878e-07,4.587323142204854e-38,0.02864729922912904,0.9713525617654258,0.0539097832271198,0.0512,0.0029,-0.01,0.0056,0.0512845048155929,0.0773026315789473,0.0333333333333335,-0.0766666666666665,-0.0700000000000002,Growth
1978-08-31,0.573132853241936,1.551016084703025,-0.1322176851901234,-0.9491295042205296,-0.2028217944726757,3,0.8397582231604986,0.6795167256330632,0.4400745661116251,2.793120314586083e-07,1.0806086994135085e-40,0.1602414975274354,0.8397582231604986,0.0259237246964667,0.0378,0.0506,-0.0066,0.0056,0.0545567897257925,0.0785597381342062,-0.0333333333333332,-0.2033333333333331,-0.0233333333333334,Growth
1978-09-30,0.5409207260537975,1.777286941184725,0.1430369422213249,-1.8081744049756432,-0.4002950161372554,2,0.9491970087866419,0.8983940224720003,0.20087293284318747,4.898933989776724e-09,2.2395375365824792e-47,0.9491970087866419,0.05080298631464159,-0.0072611094331712,-0.0144,-0.0049,0.0187999999999999,0.0062,0.0528882073060439,0.0848287112561174,0.0333333333333332,-0.3866666666666667,-0.0466666666666662,Inflationary Stress
1978-10-31,0.6644794944285799,1.9381569709705488,-0.5450996263072982,-1.5270324374557889,-0.0335590330458882,2,0.9791141174618432,0.9582282349525194,0.10146707274690886,2.8817568514422168e-11,2.337732618847349e-49,0.9791141174618432,0.02088588250932378,-0.0915740131247311,-0.119,-0.0989,0.0126,0.0068,0.0592885293807647,0.0892857142857141,-0.1333333333333334,-0.3266666666666668,-0.0033333333333332,Inflationary Stress
1978-11-30,0.7844384459275147,1.917365630414211,0.0054096285156007,-1.8081744049756432,-0.1464008739970815,2,0.9942167557604897,0.9884335115384009,0.035566335087879465,1.727907787788376e-11,1.8256543941862098e-49,0.9942167557604897,0.005783244222088879,0.016639778818819,0.0271,0.0306,-0.0208,0.0069999999999999,0.0655023815859774,0.0887096774193547,0.0,-0.3866666666666667,-0.0166666666666669,Inflationary Stress
1978-12-31,0.8500759504767917,1.959882753799093,0.0054096285156007,-0.9959864988071738,-0.2028217944726757,2,0.9937237770626051,0.9874475541478096,0.038083131011055156,2.249876513717369e-11,3.2704604893780834e-48,0.9937237770626051,0.006276222914795469,0.0148891626984952,0.0087,0.0118999999999999,-0.0214,0.0078,0.0689023925671654,0.0898876404494384,0.0,-0.2133333333333335,-0.0233333333333334,Inflationary Stress
1979-01-31,1.0448901313448795,2.0543165658172056,0.1430369422213261,-1.4020804518914085,0.2203351090942956,2,0.9964224670388653,0.9928449340782737,0.023723661884018487,4.654849433139849e-13,1.0125173347038078e-51,0.9964224670388653,0.003577532960591586,0.0397461208049643,0.0421999999999999,0.0355,0.0219,0.0077,0.0789937322485114,0.0925039872408293,0.0333333333333335,-0.3000000000000001,0.0266666666666672,Inflationary Stress
1979-02-28,1.0331933251405256,2.2675842113409805,0.0054096285156007,-0.6055115439184864,-0.1181904137592794,2,0.9961358083741146,0.9922716167483672,0.025326175382590074,3.8465454921168256e-14,3.4856029287057686e-56,0.9961358083741146,0.0038641916257474993,-0.0365255830554606,-0.0356,0.0044,0.0116999999999999,0.0073,0.0783878397818078,0.0984126984126985,0.0,-0.1300000000000002,-0.013333333333333,Inflationary Stress
1979-03-31,0.7083417155860442,2.4159642768157386,-0.2698449988958488,-0.4493215619630119,0.5870710921856629,2,0.9986730923422613,0.997346184684741,0.010116662922855856,8.710029569715893e-15,1.2299489371411166e-60,0.9986730923422613,0.001326907657520256,0.0551516163888399,0.0567,0.032,-0.0068,0.0081,0.0615605845818079,0.1025236593059937,-0.0666666666666667,-0.0966666666666669,0.0700000000000002,Inflationary Stress
1979-04-30,0.0597274051963555,2.499978688319989,-0.1322176851901246,-0.0432276088787771,0.3331769500454789,2,0.9998928960956934,0.9997857921916025,0.0010862111186175061,7.760989040464573e-15,1.2911969182073698e-62,0.9998928960956934,0.00010710390409093721,0.0016734501867132,-0.0007,0.0217,0.0112,0.008,0.0279624794584629,0.1048513302034428,-0.0333333333333335,-0.0100000000000003,0.0399999999999997,Inflationary Stress
1979-05-31,0.1466888610429355,2.576692885824046,-0.4074723126015742,-0.215036589029796,0.6717024728990542,2,0.9999791188617646,0.9999582377233965,0.0002459099361546104,7.116996993784542e-16,3.273769311198055e-66,0.9999791188617646,2.0881138368068514e-05,-0.0263364804335199,-0.022,0.0021,0.0132,0.0081999999999999,0.0324670672981255,0.1069767441860465,-0.1000000000000002,-0.0466666666666662,0.08,Inflationary Stress
1979-06-30,0.0223443871146318,2.7135780136886285,-0.1322176851901234,0.3316283478143659,0.925596615039233,2,0.9999991094854849,0.9999982189709881,1.3296684959478272e-05,2.4976529183885735e-17,3.596627758009777e-70,0.9999991094854849,8.90514496825088e-07,0.0386556495788663,0.0384,0.0113,0.0141999999999999,0.0081,0.0260260458164376,0.1107692307692307,-0.0333333333333332,0.0700000000000002,0.11,Inflationary Stress
1979-07-31,0.0055312739387663,2.848373292272841,-0.1322176851901234,-0.01198961248768,0.5306501717100637,2,0.9999971924092583,0.9999943848187426,3.8697530707542066e-05,1.9720628557332125e-18,9.576124957887912e-76,0.9999971924092583,2.807590515735588e-06,0.0087454461612825,0.0083,0.0128,0.0179,0.0077,0.0251551295648457,0.1145038167938932,-0.0333333333333332,-0.0033333333333332,0.0633333333333331,Inflationary Stress
1979-08-31,-0.205193923101524,2.987599096805869,0.5559188833384998,-0.1994175908342516,0.2767560295698847,2,0.9999998894391017,0.9999997788782883,1.881488846186673e-06,3.689392903023279e-21,6.6556283076804e-81,0.9999998894391017,1.1056081339314562e-07,0.0530777600020695,0.0554,0.0197999999999999,-0.0158,0.0077,0.0142396020951487,0.1183611532625188,0.1333333333333334,-0.0433333333333335,0.0333333333333332,Inflationary Stress
1979-09-30,-0.2579894358812445,3.0033301761042197,0.2806642559270502,-1.214652473544837,-0.7388205389908354,2,0.999999958347872,0.9999999166957237,7.49483106703989e-07,3.394903517134521e-21,1.3323006895278288e-84,0.999999958347872,4.165214828022664e-08,0.0,-0.0083,-0.0026,-0.0093999999999999,0.0083,0.0115048039878602,0.1187969924812031,0.0666666666666667,-0.2599999999999998,-0.0866666666666671,Inflationary Stress
1979-10-31,-0.2625803471862481,3.072570933873836,0.4182915696327744,-1.730079413997902,-0.6823996185152362,2,0.999999997985924,0.9999999959716276,4.2344323913073915e-08,8.411376617081773e-23,1.5088159021586004e-87,0.999999997985924,2.01429635279781e-09,-0.0686059277436595,-0.081,-0.0338,-0.0183,0.0087,0.0112669956044084,0.1207153502235471,0.0999999999999999,-0.3699999999999992,-0.08,Inflationary Stress
1979-11-30,-0.4420795528633714,3.2606402402837107,-0.1322176851901234,-1.0116054970027184,0.051072347667503,2,0.9999999439937726,0.9999998879876821,9.911830252188012e-07,1.3352701090777255e-23,2.1938368698305653e-94,0.9999999439937726,5.6006090456671296e-08,0.0426242779443435,0.0521999999999999,0.0281,-0.0321,0.0098999999999999,0.0019689688953252,0.125925925925926,-0.0333333333333332,-0.2166666666666662,0.0066666666666665,Inflationary Stress
1979-12-31,-0.52516524787989,3.4996509498666724,0.1430369422213249,-1.1209384843715513,1.292332598130605,2,0.9999999999408828,0.9999999998819873,1.4444242002869928e-09,1.094781497858626e-27,1.7133859629757194e-104,0.9999999999408828,5.889550101187926e-11,0.0167671318565731,0.0178,0.0412999999999999,-0.0213,0.0095,-0.0023348552274172,0.1325478645066273,0.0333333333333332,-0.2399999999999996,0.1533333333333336,Inflationary Stress
1980-01-31,-0.3155249024567094,3.7212041256889257,0.4182915696327744,0.316009349618816,1.4615953595573876,2,0.9999999999863576,0.9999999999726606,3.5428908975930037e-10,9.796663322552438e-31,2.117041984028856e-111,0.9999999999863576,1.3696883489503486e-11,0.0576246162684641,0.055,0.0162,0.0185,0.008,0.0085244771227903,0.1386861313868612,0.0999999999999999,0.0666666666666664,0.1733333333333332,Inflationary Stress
1980-02-29,-0.4031311217028848,3.827044251455908,0.5559188833384987,1.081340261200644,-0.5131368570884488,2,0.9999999999608917,0.9999999999217061,9.761165931182468e-10,2.7009910585791825e-32,9.651529140714713e-117,0.9999999999608917,3.918570944751054e-11,-0.0043798176590804,-0.0123,-0.0186,0.0059,0.0089,0.0039864906544939,0.1416184971098264,0.1333333333333331,0.2299999999999998,-0.0599999999999999,Inflationary Stress
1980-03-31,-0.5448556572915261,3.982400837087077,0.4182915696327744,-1.245890469935934,0.0792828079053001,2,0.999999999949523,0.9999999998988924,1.2487595324167233e-09,3.15421264759706e-34,3.253511918099665e-133,0.999999999949523,5.0630611505664014e-11,-0.1017948878359558,-0.129,-0.067,-0.0096,0.0121,-0.0033548149087514,0.1459227467811157,0.0999999999999999,-0.2666666666666669,0.0099999999999997,Inflationary Stress
1980-04-30,-0.6976982163537809,3.981303748757568,0.8311735107499494,-0.8241775186561494,3.0978020533496538,2,1.0,1.0,-1.0000886842798165e-12,1.7613619141949923e-39,6.404952298198001e-133,1.0,7.828231308633414e-21,0.0411402167528327,0.0395,0.0105,0.0103,0.0126,-0.0112720320968974,0.1458923512747876,0.2000000000000001,-0.1766666666666664,0.3666666666666665,Inflationary Stress
1980-05-31,-1.334587109238872,3.9223031373960007,1.6569373929842968,3.2055240157951035,5.157165650708887,2,1.0,1.0,-1.000088900581841e-12,5.073670164783883e-56,2.583948666422825e-143,1.0,1.5781582875508728e-48,0.046570673681489,0.0526,0.0204999999999999,0.0038,0.0081,-0.0442627626933098,0.1442577030812324,0.4000000000000001,0.683333333333333,0.61,Inflationary Stress
1980-06-30,-1.5768348632294968,3.864610018806991,1.794564706690021,8.063032454610376,3.464538036441031,2,1.0,1.0,-1.000088900581841e-12,5.992418273975801e-72,6.448971053978741e-211,1.0,1.9764913978716294e-79,0.0269687168070065,0.0298,0.0166,-0.008,0.0060999999999999,-0.0568111529679266,0.1426592797783932,0.4333333333333333,1.7199999999999995,0.4100000000000007,Inflationary Stress
1980-07-31,-1.6746207421884851,3.462076789884838,1.244055451867122,6.126276678362484,-0.908083300417613,2,1.0,1.0,-1.000088900581841e-12,2.676321526732192e-48,2.470427404058008e-154,1.0,1.5657583022973592e-44,0.0650385192937066,0.0650999999999999,0.0409999999999999,-0.0629,0.0053,-0.0618764439863577,0.1315068493150684,0.2999999999999998,1.306666666666666,-0.1066666666666661,Inflationary Stress
1980-08-31,-1.4973619218988026,3.368020059298911,0.2806642559270502,0.5815323189431234,-2.657131835161073,2,1.0,0.9999999999999998,-9.939724954192871e-13,1.247088669894701e-30,2.9639643119403043e-102,1.0,2.2136185747681944e-16,0.0058354491259775,0.0175,0.039,-0.0246,0.0064,-0.0526944688391323,0.1289009497964721,0.0666666666666667,0.123333333333333,-0.3133333333333332,Inflationary Stress
1980-09-30,-1.192462248703833,3.3242463413930983,-0.1322176851901234,-2.292363349037614,-2.092922630405126,2,1.0,0.9999999999999986,-9.617063672435658e-13,4.136147606309461e-29,7.323339112405843e-107,1.0,1.3891799966094983e-15,0.0251675265580926,0.0219,0.0096,-0.0461,0.0075,-0.0369007203695318,0.1276881720430107,-0.0333333333333332,-0.4899999999999996,-0.2466666666666673,Inflationary Stress
1980-10-31,-1.0918686774977937,3.2752171163223003,-0.4074723126015729,-3.213884242574916,0.2203351090942905,2,1.0,0.9999999999999987,-9.632409848316361e-13,1.2173491761843275e-28,1.622487755969226e-116,1.0,1.3336348661388653e-15,0.0160210597074619,0.0104,0.0239,-0.0293,0.0095,-0.0316899913955093,0.1263297872340425,-0.0999999999999999,-0.6866666666666662,0.0266666666666666,Inflationary Stress
1980-11-30,-0.7494131252755005,3.2747118844185223,-0.2698449988958488,-4.713308069347478,-0.2592427149482699,2,1.0,1.0,-1.0000888996042765e-12,8.476319096439242e-32,3.315787490963959e-132,1.0,3.5379241006339177e-23,0.1023770528499712,0.096,-0.0327,-0.0810999999999999,0.0096,-0.0139508551178576,0.1263157894736841,-0.0666666666666667,-1.0066666666666666,-0.0299999999999999,Inflationary Stress
1980-12-31,-0.6355369472307183,3.174417110032404,-0.4074723126015729,-6.072160912360112,0.3049664898076868,2,1.0,1.0,-1.000088900581841e-12,9.457612354527983e-36,1.173320026142459e-145,1.0,2.1664572669182446e-33,-0.0338742500775589,-0.0446,-0.0028,0.0279999999999999,0.0131,-0.0080520894882577,0.1235370611183355,-0.0999999999999999,-1.2966666666666669,0.036666666666667,Inflationary Stress
1981-01-31,-0.8606464471971854,2.972712752602089,0.0054096285156007,-4.026072148743388,-0.0617694932836903,2,1.0,1.0,-1.0000643333578157e-12,1.694106178238393e-26,1.561870767526614e-101,1.0,8.891174974881054e-19,-0.0457424256507718,-0.0506,0.0291,0.0674,0.0104,-0.0197127212735678,0.1179487179487179,0.0,-0.86,-0.0066666666666671,Inflationary Stress
1981-02-28,-0.9463899303920862,2.82744734742456,-0.1322176851901234,-0.8554155150472439,0.615281552423455,2,0.999999983064754,0.9999999661293677,3.199726869656303e-07,7.45204303484541e-20,4.202511137223749e-87,0.999999983064754,1.6935386325189355e-08,0.0132767362422674,0.0060999999999999,-0.0046999999999999,0.0097,0.0107,-0.0241542183479898,0.1139240506329113,-0.0333333333333332,-0.183333333333333,0.0733333333333329,Inflationary Stress
1981-03-31,-0.773146860228568,2.545674231546203,0.2806642559270502,3.767807950834815,-0.2310322547104728,2,1.0,1.0,-1.0000797313918693e-12,5.384820992756511e-22,3.738415224192794e-96,1.0,3.3130557255721696e-19,0.0360325708356159,0.0366999999999999,0.0334,0.0060999999999999,0.0121,-0.015180258338153,0.1061173533083645,0.0666666666666667,0.8033333333333333,-0.0266666666666666,Inflationary Stress
1981-04-30,-0.4731417061618519,2.373952721049446,-0.4074723126015729,3.814664945421456,-1.6415552666003526,2,1.0,1.0,-1.0000846988731817e-12,1.7181100134527e-20,1.307536370611863e-77,1.0,1.3488380764479424e-19,-0.0234559003044577,-0.0216,0.045,0.0227999999999999,0.0108,0.0003599549171218,0.1013597033374535,-0.0999999999999999,0.8133333333333331,-0.1933333333333327,Inflationary Stress
1981-05-31,0.1274147633226602,2.2497725953430856,0.1430369422213249,-0.9335105060249852,-0.9362937606554153,2,0.9999898261957274,0.9999796523917662,0.00012712869910475925,2.7610844492127097e-13,4.586122769246437e-57,0.9999898261957274,1.0173803961201803e-05,-0.0016565109912457,0.0013,0.0194,-0.0043,0.0115,0.0314686724878501,0.0979192166462668,0.0333333333333332,-0.2000000000000004,-0.11,Inflationary Stress
1981-06-30,0.4908784666155065,2.215500853179644,0.1430369422213249,-1.5895084302379774,0.3049664898076819,2,0.9999929184414846,0.9999858368829916,9.1054772932549e-05,1.3423701736161376e-13,1.0875751040983434e-57,0.9999929184414846,7.081558493104637e-06,-0.0104079467692772,-0.0233999999999999,-0.0083,0.0513999999999999,0.0135,0.0502960272287846,0.0969696969696969,0.0333333333333332,-0.3399999999999998,0.0366666666666664,Inflationary Stress
1981-07-31,0.7683636024954992,2.604537055581328,0.0054096285156007,-1.0272244951982683,0.0228618874297109,2,0.9999500695508816,0.9999001391016538,0.0005444842853720462,6.852218897019408e-17,1.5903922538178873e-73,0.9999500695508816,4.993044922787378e-05,-0.0022102624044086,-0.0155,-0.0207,-0.0060999999999999,0.0124,0.0646697075749065,0.1077481840193705,0.0,-0.22,0.0033333333333338,Inflationary Stress
1981-08-31,0.6785795624016892,2.6198730411351008,-0.1322176851901234,2.549526091582111,-1.274819283508985,2,0.9999999999654392,0.9999999999309143,8.642570084420947e-10,1.7409519310077496e-19,1.308499165085477e-85,0.9999999999654392,3.452489605345686e-11,-0.0620989716401205,-0.0702,-0.0195,0.0471,0.0128,0.0600189103767101,0.1081730769230768,-0.0333333333333332,0.5433333333333336,-0.1499999999999997,Inflationary Stress
1981-09-30,0.2494475096445319,2.673337781798779,0.1430369422213249,2.9400010464707984,-2.0647121701673186,2,1.0,0.9999999999999993,-9.821501295204034e-13,1.7402491080947564e-21,2.505512866748946e-92,1.0,6.492392834918372e-16,-0.0538317498254509,-0.0719,-0.0268,0.0511,0.0124,0.0377899468935125,0.1096543504171632,0.0333333333333332,0.6266666666666669,-0.2433333333333328,Inflationary Stress
1981-10-31,-0.1580366539956841,2.4228873156765838,0.9688008244556736,3.564760974292699,0.1921246488564835,2,1.0,1.0,-1.0000077499490072e-12,6.064088504655962e-22,5.3030314442346834e-92,1.0,2.93633324007784e-18,0.0491478659792901,0.0492,0.0213,-0.0409,0.0121,0.0166823401898355,0.1027154663518299,0.2333333333333334,0.7600000000000003,0.0233333333333322,Inflationary Stress
1981-11-30,-0.7055955411320558,2.1730796880977805,1.244055451867123,4.845518826327595,4.508325065239538,2,1.0,1.0,-1.000088900581841e-12,6.934809853618194e-34,5.343577180558246e-100,1.0,8.103674696746316e-47,0.0365903610370468,0.034,-0.0109,0.0191,0.0107,-0.011681112106147,0.0957943925233646,0.3000000000000001,1.033333333333334,0.5333333333333332,Inflationary Stress
1981-12-31,-1.0333041104070877,1.932189086181228,1.244055451867123,3.517903979706055,3.464538036441021,2,1.0,1.0,-1.0000889005776958e-12,1.5002139960488034e-25,2.30581332527409e-70,1.0,4.795234364767773e-31,-0.0300751521033186,-0.0363,0.0118,0.0079,0.0087,-0.0286563573080428,0.0891203703703702,0.3000000000000001,0.75,0.4099999999999995,Inflationary Stress
1982-01-31,-1.3019699606786903,1.6957184953090283,0.9688008244556724,1.096959259396191,1.5462267402707888,2,0.9999999999986358,0.9999999999973315,3.5393276412270434e-11,2.869354688190895e-15,6.977083180113246e-48,0.9999999999986358,1.3042769725235091e-12,-0.017543871663315,-0.0323,-0.0125,0.0319,0.008,-0.0425732002390212,0.0825688073394494,0.2333333333333331,0.2333333333333331,0.1833333333333341,Inflationary Stress
1982-02-28,-0.8448908525211695,1.4635473697254149,0.8311735107499482,-2.464172329188641,-0.7106100787530333,2,0.9999999999427018,0.9999999998874798,1.4181359570729478e-09,2.2106143758338693e-12,2.1282808922651385e-49,0.9999999999427018,5.5222046005015586e-11,-0.0605481795941706,-0.0586,0.0046,0.0608999999999999,0.0092,-0.0188965842908861,0.0761363636363636,0.1999999999999998,-0.5266666666666673,-0.0833333333333333,Inflationary Stress
1982-03-31,-1.065978520935214,1.2005102451828222,0.6935461970442239,-2.635981309339663,0.361387410283281,2,0.9999999999472493,0.9999999999114646,1.334531695317738e-09,3.578468089828299e-11,7.574546574416692e-45,0.9999999999472493,1.710210297304674e-11,-0.0101671074146706,-0.0182,-0.0019,0.0375999999999999,0.0098,-0.0303488859220164,0.0688487584650114,0.1666666666666666,-0.5633333333333338,0.0433333333333335,Inflationary Stress
1982-04-30,-1.1568960547538345,1.1055466203637032,0.9688008244556748,-1.776936408584549,1.1230698367038174,2,0.9999999999222382,0.9999999998656111,1.929040019712166e-09,2.1077965815988327e-11,1.4239628550457196e-36,0.9999999999222382,5.6627153258561157e-11,0.0400143211286869,0.0324,0.0163999999999999,-0.0308,0.0113,-0.0350583978921702,0.0662177328843995,0.2333333333333337,-0.3800000000000001,0.1333333333333334,Inflationary Stress
1982-05-31,-1.3863629199835883,1.2102746214826088,0.6935461970442239,0.9095312810496224,0.7563338536124504,2,0.9999999977385414,0.9999999956342405,4.7845299356630876e-08,1.5700812498097987e-10,3.217128532783988e-36,0.9999999977385414,2.104300905592731e-09,-0.0391618438026306,-0.0393,0.0017,0.0178,0.0106,-0.0469447404177949,0.0691192865105909,0.1666666666666666,0.1933333333333333,0.0900000000000004,Inflationary Stress
1982-06-30,-1.5272797105297828,1.3078692050444296,0.8311735107499482,1.0188642684184552,-0.9645042208932122,2,0.999999999652573,0.9999999993074831,7.929828621223941e-09,2.496313363341672e-12,6.746522460132893e-41,0.999999999652573,3.4508994350214027e-10,-0.0202895664890361,-0.0308,-0.0043,0.0156,0.0096,-0.0542442049324938,0.0718232044198894,0.1999999999999998,0.2166666666666667,-0.1133333333333332,Inflationary Stress
1982-07-31,-1.7057991645655344,1.0823035916760428,0.6935461970442239,2.2371461276711595,-0.1746113342348786,2,0.999999999998181,0.9999999999968989,4.983041943352104e-11,1.282125781797697e-12,4.441073369941766e-47,0.999999999998181,5.383338930330758e-13,-0.0229906418978976,-0.032,0.0091,0.0007,0.0105,-0.0634914806820093,0.0655737704918033,0.1666666666666666,0.4766666666666665,-0.0200000000000001,Inflationary Stress
1982-08-31,-1.8484864561278656,0.8685980961472125,0.5559188833384998,4.455043871438908,0.671702472899049,2,1.0,1.0,-9.997102239618628e-13,1.3704770468830176e-17,1.0318873286188802e-61,1.0,2.0210576035977827e-25,0.1159772735368502,0.1123,-0.0428,0.0109,0.0076,-0.0708826568322801,0.0596529284164859,0.1333333333333334,0.9500000000000004,0.0799999999999994,Inflationary Stress
1982-09-30,-1.806126680007436,0.4988646965178832,0.6935461970442239,4.04894991835467,1.8847522631243536,2,1.0,0.9999999999999999,-9.958923499515104e-13,1.5187906644903272e-16,1.4427775684992695e-48,1.0,1.3424151717208257e-25,0.0076143922387144,0.0131,0.0287,0.0023,0.0051,-0.0686884280150952,0.0494092373791623,0.1666666666666666,0.8633333333333333,0.2233333333333333,Inflationary Stress
1982-10-31,-1.83864730504006,0.5317808321393563,0.8311735107499482,0.940769277440718,2.7310660702582816,2,0.9999999999995453,0.9999999999991475,1.0314285347313036e-11,3.9778660281314874e-13,1.597919382019304e-31,0.9999999999995453,5.760296782795911e-17,0.1104467966616171,0.113,0.0237999999999999,-0.0362,0.0059,-0.070372990567942,0.0503211991434688,0.1999999999999998,0.2000000000000001,0.323333333333333,Inflationary Stress
1982-11-30,-1.6865867750098813,0.3316380148487231,1.381682765572847,-2.9639802714461587,1.3769639788439962,2,1.0,0.9999999999999984,-9.572402244225936e-13,1.536518901054366e-15,7.716768130468046e-33,1.0,1.4311785321661058e-17,0.0359706664274921,0.0467999999999999,0.0463,-0.018,0.0063,-0.0624962823436106,0.0447761194029852,0.3333333333333333,-0.6333333333333334,0.1633333333333334,Inflationary Stress
1982-12-31,-1.6214804195084171,0.0963446888921309,0.9688008244556748,-2.83902828588178,0.8691756945636387,2,0.9999999989477146,0.9999999978954618,2.2804354484650614e-08,1.0522528954266258e-09,5.270421202349478e-22,0.9999999989477146,5.6100093635913294e-14,0.0152313623687614,0.0056,-0.0031,-0.0006,0.0067,-0.0591237847879803,0.0382571732199787,0.2333333333333337,-0.606666666666667,0.1033333333333335,Inflationary Stress
1983-01-31,-0.8929485492226781,0.0537214858007492,0.0054096285156007,-0.9335105060249824,-0.9645042208932172,2,0.967205350863088,0.9344458599488564,0.14460186754871657,0.03275949091423154,5.698508222747848e-13,0.967205350863088,3.515822199382153e-05,0.0331342696411613,0.0359,0.0282,-0.0072,0.0069,-0.0213859643737786,0.0370762711864407,0.0,-0.1999999999999998,-0.1133333333333338,Inflationary Stress
1983-02-28,-1.3861562712489046,-0.026745463845286,-0.5450996263072982,0.2066763622499858,-1.472292505173575,2,0.9631230001637816,0.9262532920122486,0.15795958003853441,0.036869708151533016,3.180489626273099e-07,0.9631230001637816,6.973635687518262e-06,0.0189951441766507,0.0259,0.0318,0.0066,0.0062,-0.0469340360503452,0.0348468848996832,-0.1333333333333334,0.0433333333333335,-0.1733333333333337,Inflationary Stress
1983-03-31,-1.1067655406476502,0.0113683346824857,-0.6827269400130225,-0.6836065348962208,-1.4158715846979808,2,0.8423229810624892,0.6847764520540309,0.4368543644094653,0.15754652900845817,1.4662352443639368e-08,0.8423229810624892,0.00013047526660400598,0.033094753721945,0.0281,0.0175,0.0206,0.0063,-0.0324616462389188,0.0359028511087644,-0.1666666666666666,-0.1466666666666662,-0.1666666666666672,Inflationary Stress
1983-04-30,-0.6940496337058599,0.1592498729702571,-0.26984499889585,-0.6367495403095821,-1.6697657268381545,0,0.6847832516854415,0.3696274388714927,0.6237932668568666,0.6847832516854415,5.433882639195169e-11,0.31515581281394883,6.093544617774573e-05,0.0749868296186091,0.0666,0.0046,0.0043,0.0070999999999999,-0.0110830361691288,0.04,-0.066666666666667,-0.136666666666667,-0.1966666666666666,Balanced
1983-05-31,-0.4501518893531376,-0.0424837998379842,-0.4074723126015742,-0.6523685385051279,-1.47229250517357,0,0.8371988761580573,0.6744750492315743,0.44495457395284777,0.8371988761580573,3.8999517619554355e-09,0.16272382692648307,7.729301559488479e-05,-0.0124064548865803,0.0051,0.062,-0.0139999999999999,0.0069,0.0015508233107617,0.0344108446298228,-0.1000000000000002,-0.1399999999999999,-0.1733333333333332,Balanced
1983-06-30,-0.2809308079678373,-0.3914591524378692,-0.26984499889585,-0.1525605962476073,-1.6415552666003574,0,0.8335784890690698,0.6674348071271915,0.45240429762889317,0.8335784890690698,0.00010356031152532515,0.16614368194187834,0.00017426867742371998,0.0323295770659055,0.0306999999999999,0.0093,-0.0389,0.0067,0.0103164450221506,0.0247422680412372,-0.066666666666667,-0.0333333333333332,-0.1933333333333333,Balanced
1983-07-31,0.0748226018839402,-0.4330581016890754,-1.0956088811301952,0.1754383658588915,-2.487869073734285,2,0.7729468238866858,0.5754361111605316,0.624613324702584,0.19751071272615417,0.029353428471293574,0.7729468238866858,0.00018903491577837182,-0.0303030413358995,-0.0406,0.015,0.0554,0.0074,0.0287444079436089,0.0235897435897436,-0.2666666666666663,0.036666666666667,-0.293333333333333,Inflationary Stress
1983-08-31,0.4948686030288183,-0.3978576085686554,-0.8203542537187466,0.5034373279653849,-2.600710914685473,2,0.8049903513350094,0.6437719881443675,0.5968412675055077,0.1612183631906419,0.029147052390171232,0.8049903513350094,0.004644233084179759,0.0113188752800479,-0.005,-0.0429,0.0559,0.0076,0.0505027155804345,0.0245649948822925,-0.1999999999999998,0.1066666666666661,-0.306666666666666,Inflationary Stress
1983-09-30,0.8406937040160637,-0.2870272077319987,-1.2332361948359216,0.9251502792451696,-1.754397107551546,2,0.5028771741840541,0.009138185728397363,0.7144903209829276,0.0030442637153628984,0.0003395736449759997,0.5028771741840541,0.4937389884556567,0.0101582329059324,0.0092,0.0060999999999999,0.0098999999999999,0.0076,0.0684163938806867,0.0276356192425792,-0.3000000000000001,0.1966666666666666,-0.2066666666666664,Inflationary Stress
1983-10-31,1.2015567475433098,-0.2910943784049001,-0.8203542537187466,0.9407692774407138,-0.2592427149482649,3,0.9977168121444852,0.9954850007279875,0.016413092356530018,5.1374310538363266e-05,2.128367648781706e-09,0.0022318114164976257,0.9977168121444852,-0.0151743491378375,-0.0343,-0.0355,0.0496,0.0076,0.0871090349114933,0.0275229357798165,-0.1999999999999998,0.1999999999999993,-0.0299999999999993,Growth
1983-11-30,1.363860861428455,-0.142759199568095,-1.3708635085416456,0.659627309920862,0.361387410283276,3,0.9999836986608809,0.9999674004655247,0.00019604156458465178,3.1330987539826557e-09,1.076862329369466e-11,1.6298195356250442e-05,0.9999836986608809,0.0174258073466659,0.0217,0.0202,-0.0073,0.0069999999999999,0.0955163589450753,0.0316326530612245,-0.3333333333333333,0.1399999999999999,0.043333333333333,Growth
1983-12-31,1.6214964823570093,0.08240746172351,-1.2332361948359192,0.2847713532277217,0.051072347667503,3,0.9999995475324,0.9999990952593298,7.064060686929246e-06,1.9445085722152112e-10,7.096254746562196e-18,4.5227307015246723e-07,0.9999995475324,-0.0088341422753752,-0.0177,-0.0025,0.0175,0.0073,0.1088618379713941,0.0378710337768679,-0.2999999999999995,0.0599999999999999,0.0066666666666665,Growth
1984-01-31,1.649332573725505,0.2639549790626711,-1.0956088811301974,-0.1994175908342488,0.1639141886186914,3,0.9999997010650523,0.9999994023398387,4.791578608105964e-06,2.0984173087233715e-10,1.26146970953091e-21,2.9872521358906703e-07,0.9999997010650523,-0.0092159648406694,-0.0192,-0.0034999999999999,0.0748,0.0076,0.1103037425193524,0.0429009193054135,-0.2666666666666669,-0.043333333333333,0.0199999999999995,Growth
1984-02-29,1.8794591182086584,0.409696420928886,-0.957981567424472,-0.2775125818119875,-0.4849263968506516,3,0.9999997440441221,0.9999994881094186,4.141137272062153e-06,2.113771939032447e-11,4.869508471307095e-24,2.559347034287271e-07,0.9999997440441221,-0.0388593474157544,-0.0476999999999999,-0.0168,0.0341,0.0070999999999999,0.1222242563121669,0.0469387755102039,-0.2333333333333334,-0.0599999999999999,-0.0566666666666666,Growth
1984-03-31,1.803315703471806,0.4815550724838521,-0.6827269400130237,-0.0432276088787744,-0.7106100787530333,3,0.9999996169681987,0.9999992341989924,6.044558281238328e-06,2.627132105585805e-10,3.732884325803829e-25,3.827692063234972e-07,0.9999996169681987,0.0134979953529963,0.0065,0.001,0.0053,0.0073,0.1182800410646769,0.0489296636085627,-0.1666666666666669,-0.0099999999999997,-0.0833333333333333,Growth
1984-04-30,1.6595708560692175,0.3594460716421198,-0.4074723126015729,0.2691523550321772,-0.8516623799420239,3,0.9999989893390753,0.9999979905896346,1.5027475787928294e-05,1.1911544376879956e-08,4.213172720337134e-23,9.987494407355857e-07,0.9999989893390753,0.0054655761779598,-0.0051,-0.0116,0.0118999999999999,0.0081,0.1108340837112695,0.0455465587044534,-0.0999999999999999,0.0566666666666672,-0.1000000000000002,Growth
1984-05-31,1.6466600908270277,0.2800475616025764,-0.5450996263072971,1.3000062359383098,-1.1901879027955942,3,0.9999005723245052,0.9998012999183995,0.0010169146497303687,1.552694162196912e-07,6.032763326480159e-21,9.92724061057806e-05,0.9999005723245052,-0.0593564499772476,-0.0598,0.0007,0.0026,0.0078,0.1101653083838036,0.0433467741935482,-0.1333333333333331,0.2766666666666666,-0.1399999999999999,Growth
1984-06-30,1.5942933525979792,0.2768995769408819,-0.8203542537187466,1.3937202251115957,-0.5131368570884488,3,0.9998005561819855,0.9996011534358373,0.001899070544745915,4.107180432978849e-08,4.0511018739002194e-20,0.0001994027461481239,0.9998005561819855,0.0174692100346174,0.0181,-0.0024,-0.0275,0.0075,0.1074527207214544,0.0432595573440643,-0.1999999999999998,0.2966666666666668,-0.0599999999999999,Growth
1984-07-31,1.3389118264652544,0.2706414591364614,-0.2698449988958488,0.4721993315742904,0.3049664898076868,3,0.9968536376348263,0.993758680722759,0.02153167875152455,5.140545305719095e-05,2.747352496639733e-20,0.0030949569120672584,0.9968536376348263,-0.0164511629074539,-0.0272,-0.022,0.0039,0.0081999999999999,0.0942240034018928,0.0430861723446893,-0.0666666666666667,0.0999999999999996,0.036666666666667,Growth
1984-08-31,1.11347646160063,0.2659806930793316,0.1430369422213249,-2.0736973742999507,1.630858120984175,2,0.9785884337655293,0.9619967792841781,0.11490170585607393,0.01659165448135109,5.711656608748294e-20,0.9785884337655293,0.00481991175314907,0.1063320630842441,0.1027,-0.0027,-0.0174,0.0083,0.0825464918732146,0.0429570429570431,0.0333333333333332,-0.4433333333333333,0.1933333333333333,Inflationary Stress
1984-09-30,0.7528727989383797,0.2613477802057932,0.1430369422213249,-2.4016963364064496,0.95380707527703,2,0.9116948505367465,0.8240805516721468,0.3026381226248076,0.08761429886459976,1.6987295565601712e-19,0.9116948505367465,0.0006908505985265041,-0.0034796412152104,-0.008,0.0015,0.0525,0.0086,0.0638672867247645,0.0428286852589641,0.0333333333333332,-0.5133333333333336,0.1133333333333332,Inflationary Stress
1984-10-31,0.5947870911580871,0.2552134603825127,-0.1322176851901234,-1.2771284663270284,-0.0335590330458932,0,0.9134929507322722,0.8644486142539092,0.3535655457652526,0.9134929507322722,2.776341587910227e-15,0.049044336478363024,0.03746271278951917,-6.026348740029164e-05,-0.0084,-0.0111,0.0059,0.01,0.0556784753719752,0.0426587301587302,-0.0333333333333332,-0.2733333333333334,-0.0033333333333338,Balanced
1984-11-30,0.5726470449783618,0.2149435196973148,-0.4074723126015729,1.112578257591741,-0.0053485728080911,0,0.9780906006569421,0.9597229497953361,0.11507269780078283,0.9780906006569421,3.531965501965125e-13,0.0035417484808965083,0.01836765086160591,-0.015112255778064,-0.0177,-0.0072,0.0387,0.0073,0.0545316249447387,0.0415430267062315,-0.0999999999999999,0.2366666666666669,0.0,Balanced
1984-12-31,0.477461536789678,0.1749118626848009,0.0054096285156007,2.0184801529334933,0.1921246488564935,0,0.9984037909394231,0.9969326968163457,0.012313358427506693,0.9984037909394231,1.0285198759506074e-15,0.0014710941230774383,0.00012511493762437968,0.0223743955320983,0.0184,-0.0066,-0.0029,0.0064,0.049601032666531,0.0404339250493095,0.0,0.4299999999999997,0.0233333333333334,Balanced
1985-01-31,0.0775185023532797,-0.011850845223751,-0.1322176851901246,1.877909169173569,0.2767560295698847,0,0.9998751941093267,0.9997513652286705,0.0012523588543108938,0.9998751941093267,1.3183332732662276e-13,0.00012382888065616478,9.770097937249698e-07,0.0740851410110416,0.0797,0.0327,-0.0521,0.0065,0.0288840551051348,0.0352595494613126,-0.0333333333333335,0.4000000000000003,0.0333333333333332,Balanced
1985-02-28,0.0450348366793997,0.0171262672086189,0.0054096285156007,0.4409613351831961,-0.5413473173262459,0,0.9999567456603369,0.9999164112818499,0.0004885819022700255,0.9999567456603369,9.635060414421996e-11,2.9198649311326705e-06,4.0334378486983634e-05,0.0086287799968605,0.0121999999999999,0.0070999999999999,-0.0024,0.0058,0.0272014070404522,0.0360623781676414,0.0,0.0933333333333331,-0.0633333333333331,Balanced
1985-03-31,-0.0217502619244788,0.0834845307306672,-0.1322176851901234,-0.1525605962476073,-0.2028217944726757,0,0.9999192650239604,0.9998402797334716,0.0008500408011391835,0.9999192650239604,3.491424207358952e-11,1.7496505230492043e-06,7.898529048894051e-05,-0.0028700134379759,-0.0083,-0.0107,0.0401,0.0062,0.0237419508927487,0.0379008746355684,-0.0333333333333332,-0.0333333333333332,-0.0233333333333334,Balanced
1985-04-30,-0.1807561940610088,0.0083059481599278,0.0054096285156007,-0.2150365890298002,0.5588606319478658,0,0.9999790452610812,0.9999609628227355,0.0002550793330266332,0.9999790452610812,2.512448210480088e-10,2.8720493673803574e-06,1.8082438345701134e-05,-0.0045942755132842,-0.0096,0.0009,0.036,0.0072,0.0155054720831016,0.0358180058083252,0.0,-0.0466666666666671,0.066666666666667,Balanced
1985-05-31,-0.2582352927487191,0.0058077708393095,0.0054096285156007,0.206676362249983,1.630858120984175,0,0.9999695001001031,0.9999394349638255,0.0003499236308338856,0.9999695001001031,2.052931257581124e-09,3.0065136277560543e-05,4.327107285753705e-07,0.0540510544499399,0.0507,-0.023,-0.0098,0.0066,0.0114920686461534,0.0357487922705315,0.0,0.043333333333333,0.1933333333333333,Balanced
1985-06-30,-0.3390323171476903,0.0381251768504914,0.2806642559270502,-0.1994175908342502,1.1512802969416145,0,0.9999687263713843,0.9999403892733487,0.00036541672323416567,0.9999687263713843,1.1131167600886335e-09,2.833709803557486e-05,2.935417449520879e-06,0.0121340174873527,0.0127,0.0048,0.0038,0.0055,0.0073067972515412,0.0366441658630665,0.0666666666666667,-0.0433333333333333,0.1366666666666667,Balanced
1985-07-31,-0.484514210093439,-0.0363013729862507,0.1430369422213261,-0.3868455691808191,0.1074932681430972,0,0.9999788535090738,0.999963610431698,0.00026130244924736857,0.9999788535090738,1.3139763680044762e-09,5.902099574951584e-06,1.5243077375753114e-05,-0.0048475783423665,-0.0072,0.0283,-0.0162,0.0062,-0.000229138749929,0.0345821325648416,0.0333333333333335,-0.083333333333333,0.013333333333333,Balanced
1985-08-31,-0.4457285943100872,-0.0744607269447162,-0.1322176851901246,-0.2775125818119861,-0.3720845558994632,0,0.9999743958627829,0.9999514422062905,0.0003048466178109967,0.9999743958627829,2.0692216926879452e-09,2.648411727286703e-06,2.2953656492412863e-05,-0.0119945176413965,-0.0101,-0.003,0.0233999999999999,0.0055,0.0017799492018613,0.0335249042145593,-0.0333333333333335,-0.0599999999999996,-0.0433333333333335,Balanced
1985-09-30,-0.3226619530894088,-0.112401402656997,-0.4074723126015742,0.0973433748811514,-0.3720845558994582,0,0.9999512700510395,0.9999047869791956,0.0005417273696957354,0.9999512700510395,5.914520123673264e-09,2.240962750029098e-06,4.648307184390375e-05,-0.0347240782601211,-0.0451,-0.0162,0.0121,0.006,0.0081547791781304,0.032473734479465,-0.1000000000000002,0.0199999999999998,-0.043333333333333,Balanced
1985-10-31,-0.3810485818094923,-0.1168622948077261,-0.4074723126015742,-0.230655587225346,-0.0053485728080911,0,0.9999514385435617,0.9999053167523165,0.0005406241468983743,0.9999514385435617,6.3537997487420875e-09,2.4333112765935426e-06,4.612179124517263e-05,0.0425088170876981,0.04,-0.015,0.0077,0.0065,0.0051303622663967,0.0323501427212178,-0.1000000000000002,-0.0500000000000001,0.0,Balanced
1985-11-30,-0.3781650147944465,-0.0162487861880606,-0.1322176851901234,-1.0116054970027224,0.1074932681431022,0,0.999978600367068,0.9999623092008191,0.00026325310822071057,0.999978600367068,6.091604232412741e-11,5.108405784526738e-06,1.6291166248941948e-05,0.0650615865988899,0.0646,0.0019,-0.0291,0.0060999999999999,0.0052797305213825,0.0351377018043685,-0.0333333333333332,-0.2166666666666671,0.0133333333333336,Balanced
1985-12-31,-0.1975889318236967,0.083983249413129,-0.1322176851901234,-1.7300794139979048,0.5870710921856578,0,0.9999637877971738,0.999931867041381,0.0004197008281407805,0.9999637877971738,8.498830203533042e-14,3.1920755792740166e-05,4.291446964479648e-06,0.0450610906309585,0.0388,-0.0053,-0.0146,0.0065,0.0146335392814267,0.0379146919431279,-0.0333333333333332,-0.3699999999999998,0.0699999999999996,Balanced
1986-01-31,-0.0857710985190224,0.1496886101342808,-0.5450996263072971,-1.4957944410646944,0.361387410283281,0,0.9999108284607047,0.9998562016333716,0.000980215753156485,0.9999108284607047,3.200361153979155e-13,3.454471157473789e-05,5.4626827333091e-05,0.0023665278440403,0.0065,0.0115,0.0046,0.0056,0.0204256830221005,0.0397350993377483,-0.1333333333333331,-0.3200000000000003,0.0433333333333335,Balanced
1986-02-28,-0.2777101453614132,-0.1300435386886712,0.2806642559270502,-1.4020804518914072,0.5588606319478607,0,0.9999383566879276,0.9998812136280716,0.0006753318388136353,0.9999383566879276,9.709933999822587e-11,5.714305985602477e-05,4.500155234557271e-06,0.0714892788597394,0.0713999999999999,-0.0056999999999999,-0.0063,0.0053,0.0104832747684022,0.0319849482596426,0.0666666666666667,-0.2999999999999998,0.0666666666666664,Balanced
1986-03-31,-0.4458895531061262,-0.5072005851743525,0.2806642559270502,-1.4645564446735972,1.123069836703815,0,0.9993568790496702,0.9987146250097356,0.005376128271218205,0.9993568790496702,5.6207826765311626e-08,0.0006422540399345321,8.107027446941015e-07,0.0527939177869187,0.0491,-0.0054,-0.0039,0.006,0.0017716115650512,0.0215355805243444,0.0666666666666667,-0.3133333333333332,0.1333333333333331,Balanced
1986-04-30,-0.3759235525965163,-0.7110484390949043,0.5559188833384987,-1.3708424555003116,1.8001208824109602,0,0.9965176863600435,0.9930509270145002,0.023287009595316387,0.9965176863600435,1.5374153955107786e-05,0.0034667593455432752,1.801403768373108e-07,-0.0141481360836199,-0.0128,0.0276,-0.0281,0.0052,0.0053958378618308,0.0158878504672896,0.1333333333333331,-0.293333333333333,0.2133333333333332,Balanced
1986-05-31,-0.3754761887970661,-0.6784487539703956,0.0054096285156007,-0.121322599856513,0.4742292512344669,0,0.9999547312110084,0.9999320471361157,0.0005440626249364318,0.9999547312110084,7.86580071053401e-06,2.2684074892660458e-05,1.4718913192741632e-05,0.0502292867546365,0.0462,-0.0136,-0.0014,0.0049,0.0054190112265277,0.0167910447761194,0.0,-0.0266666666666666,0.0566666666666663,Balanced
1986-06-30,-0.4442980369889736,-0.6465644646476751,0.0054096285156007,0.5815323189431234,-0.5131368570884488,0,0.9999818163671771,0.999972021268783,0.00023500542482935425,0.9999818163671771,3.934058030964638e-06,4.454476530678166e-06,9.795098394003942e-06,0.0141095215211535,0.0106,-0.0093,0.012,0.0052,0.0018540518149086,0.0176744186046511,0.0,0.123333333333333,-0.0599999999999999,Balanced
1986-07-31,-0.2253777624479369,-0.6812623661398121,-0.1322176851901234,0.3628663442054589,-0.0899799535214823,0,0.9999689990480499,0.9999432414862532,0.00037018329113470803,0.9999689990480499,3.605216202701646e-06,1.6381739670826246e-06,2.5757561796653063e-05,-0.0586828314288234,-0.0643,-0.0343,0.0466,0.0052,0.0131940828315573,0.0167130919220055,-0.0333333333333332,0.0766666666666665,-0.0099999999999997,Balanced
1986-08-31,-0.3208661862003507,-0.7158316377839724,-0.4074723126015729,0.1285813712722472,1.2077012174172113,0,0.999937990592107,0.9998926402084244,0.0007097834211515304,0.999937990592107,4.535038368253879e-05,1.058143467889907e-05,6.077589545762516e-06,0.0711926050576565,0.0607,-0.0416,0.0354,0.0046,0.0082477995813949,0.0157553290083409,-0.0999999999999999,0.0266666666666666,0.1433333333333335,Balanced
1986-09-30,-0.3369834770151705,-0.6501052769545037,-0.2698449988958488,1.0188642684184552,0.5870710921856578,0,0.9999885044404888,0.9999815398994726,0.00015234223743997247,0.9999885044404888,1.001117016659168e-06,6.964541016176952e-06,3.529901700851079e-06,-0.0854386034765884,-0.0859,0.024,0.0323,0.0045,0.0074129268034963,0.0175763182238668,-0.0666666666666667,0.2166666666666667,0.0699999999999996,Balanced
1986-10-31,-0.1931598339455739,-0.7189763521294664,0.0054096285156007,1.2219112449605725,-0.146400873997079,0,0.9999881723296385,0.9999812832515788,0.00015507658521836433,0.9999881723296385,2.627701044774212e-07,6.8890780597527e-06,4.6758220450039485e-06,0.0547293273494327,0.0464,-0.0253,-0.0141999999999999,0.0046,0.0148629657583438,0.015668202764977,0.0,0.26,-0.0166666666666666,Balanced
1986-11-30,-0.183618848739053,-0.8209111447286155,0.0054096285156007,0.4097233387921032,-0.5413473173262459,0,0.9999459994025357,0.9999065369081378,0.0006238846675081233,0.9999459994025357,1.1232698342348835e-05,3.3054045013642727e-06,3.94624943979202e-05,0.0214771931507686,0.0116999999999999,-0.0187,-0.0002,0.0039,0.0153571870834274,0.0128440366972477,0.0,0.0866666666666668,-0.0633333333333331,Balanced
1986-12-31,-0.1864466067492657,-0.8559903370194576,-0.5450996263072982,-1.0272244951982683,0.3049664898076868,0,0.9998206661190246,0.9996586616821437,0.0017947271510562338,0.9998206661190246,6.506285388861599e-06,1.0823158917500068e-05,0.0001620044368809224,-0.0282882714759097,-0.0326,0.0019,0.0036,0.0049,0.0152107097248976,0.0118721461187214,-0.1333333333333334,-0.22,0.036666666666667,Balanced
1987-01-31,-0.3623169711274982,-0.791865230105318,-0.5450996263072982,-0.9335105060249824,-0.4849263968506516,0,0.9998319208354361,0.9996851496781399,0.0017075188871966637,0.9998319208354361,1.0338577955401741e-05,1.0969429111282502e-05,0.00014677115729624119,0.1317668936887008,0.1245,-0.0189,-0.0318,0.0042,0.0061006563452385,0.0136487716105551,-0.1333333333333334,-0.1999999999999998,-0.0566666666666666,Balanced
1987-02-28,0.0328000719595394,-0.5935535852510513,-0.4074723126015742,-0.3712265709852733,-1.1901879027955942,0,0.9999187176498116,0.999844033663042,0.0008741876283431447,0.9999187176498116,2.934452834785874e-06,3.6639104818519326e-06,7.468398676962736e-05,0.0369236213170103,0.0438,0.0345,-0.0586,0.0043,0.0265676484189838,0.0191431175934366,-0.1000000000000002,-0.08,-0.1399999999999999,Balanced
1987-03-31,0.2038810240238336,-0.2589217287541734,0.0054096285156007,0.1285813712722472,-1.415871584697978,0,0.9999703026422662,0.9999499944000539,0.00035802626846865443,0.9999703026422662,3.332692786237814e-08,9.355788542172139e-06,2.030824221224075e-05,0.0263898651578398,0.0163,0.005,0.0166,0.0046999999999999,0.0354296110984762,0.0284142988084326,0.0,0.0266666666666666,-0.1666666666666669,Balanced
1987-04-30,0.3016346154673392,0.0436966900114741,-0.4074723126015729,1.143816253982834,-1.7543971075515508,0,0.9994514893007673,0.9989119529106126,0.004712556361145704,0.9994514893007673,6.042025508893307e-11,0.0005395363901546714,8.974248517416814e-06,-0.0114502115724911,-0.0209,-0.0172,-0.0036,0.0044,0.0404932296293873,0.0367985280588776,-0.0999999999999999,0.2433333333333331,-0.206666666666667,Balanced
1987-05-31,0.3988236794134453,0.0400411005474199,-0.4074723126015729,2.0184801529334933,-1.4158715846979757,0,0.9966263095463357,0.9934181113157177,0.0232304866617204,0.9966263095463357,6.429046533075145e-13,0.003208198230617993,0.00016549222260322504,0.0060341962836201,0.0011,-0.0053,0.0022,0.0038,0.0455276057370297,0.036697247706422,-0.0999999999999999,0.4299999999999997,-0.1666666666666666,Balanced
1987-06-30,0.5854419191718961,0.0681906430908997,-0.5450996263072971,1.6748621926314502,-0.6823996185152362,0,0.9235132245226689,0.850334362015494,0.28372868505558113,0.9235132245226689,2.6265991967241806e-11,0.0033079129439557934,0.07317886250717494,0.0479144901897192,0.0391,-0.0203,0.0113,0.0048,0.0551943971366382,0.0374771480804387,-0.1333333333333331,0.3566666666666667,-0.08,Balanced
1987-07-31,0.5912418329144725,0.1328799973861029,-0.2698449988958488,0.5971513171386706,0.3895978705210781,0,0.5240205003398648,0.04820028968720591,0.693426730562421,0.4758202106526589,3.490635588685521e-10,0.00015928865832575564,0.5240205003398648,0.0482236962569386,0.0384,-0.0056999999999999,0.0093999999999999,0.0046,0.0554948316298462,0.0392694063926939,-0.0666666666666667,0.1266666666666663,0.0466666666666668,Balanced
1987-08-31,0.7823400960790705,0.2633158441110796,-0.4074723126015729,-0.3556075727897247,0.3895978705210781,3,0.9729631943011181,0.9459481417527786,0.12446261754998064,0.027015052548339476,4.485466202937529e-12,2.175314595561822e-05,0.9729631943011181,0.0349588401519997,0.0352,-0.0085,-0.0098,0.0046999999999999,0.0653936874396037,0.0428832116788322,-0.0999999999999999,-0.0766666666666665,0.0466666666666668,Growth
1987-09-30,0.8107902258853076,0.2576874198951733,-0.4074723126015729,0.4565803333787433,-0.6541891582774342,3,0.9982392676981804,0.9964827381071296,0.01295536305168481,0.0017565295910507968,3.6946050659434015e-13,4.202710563740294e-06,0.9982392676981804,-0.0241661659057011,-0.0258,0.0058,0.0026,0.0045,0.0668673990686741,0.0427272727272727,-0.0999999999999999,0.0966666666666663,-0.0766666666666662,Growth
1987-10-31,0.9965781458343956,0.2876414949727499,-0.1322176851901234,0.987626272027361,-0.1746113342348786,3,0.9998192448943074,0.9996491004003215,0.0017789297327708582,0.0001701444939858577,2.110313088871824e-15,1.0610611695870063e-05,0.9998192448943074,-0.21763041421998,-0.2319,-0.0827,0.0418,0.006,0.0764911800508525,0.043557168784029,-0.0333333333333332,0.2100000000000002,-0.0200000000000001,Growth
1987-11-30,1.0146107888640292,0.3501806705082031,-0.2698449988958488,0.7064843045075035,0.925596615039233,3,0.9998891322938148,0.9998116377664484,0.0011883734080090002,7.749452736642882e-05,4.549367102331703e-16,3.3373178680235586e-05,0.9998891322938148,-0.0853488653536516,-0.0776,0.0268,0.0314,0.0034999999999999,0.0774252677304743,0.0452898550724638,-0.0666666666666667,0.1499999999999997,0.11,Growth
1987-12-31,0.9347478755931774,0.279128088960647,-0.2698449988958488,0.3160093496188188,1.1512802969416096,3,0.9998174179959227,0.9996725200274893,0.0018472480466332306,0.0001448979684334081,5.183395306661593e-15,3.7684035855825775e-05,0.9998174179959227,0.0728614787535444,0.0682,0.0003,-0.0441999999999999,0.0039,0.0732883831250166,0.0433212996389891,-0.0666666666666667,0.066666666666667,0.1366666666666661,Growth
1988-01-31,1.0031685179521996,0.2059060891070162,-0.4074723126015729,-0.8241775186561494,0.8409652343258417,3,0.9999613739366776,0.99992965267305,0.0004492625244239111,3.172126362758087e-05,2.6950507646755862e-15,6.904799471471235e-06,0.9999613739366776,0.0404322705970954,0.0421,-0.0075,0.0493,0.0029,0.0768325601463408,0.0412926391382404,-0.0999999999999999,-0.1766666666666664,0.1000000000000002,Growth
1988-02-29,0.8355529430458528,0.1360052286158938,-0.1322176851901234,-0.9647485024160752,0.1074932681430922,3,0.9998945524810217,0.9997918595545847,0.0010838148550304284,0.00010269292643695093,6.343605721910705e-16,2.7545924937813316e-06,0.9998945524810217,0.0418174026285456,0.0476999999999999,0.0333,-0.0153,0.0046,0.0681501033830451,0.0393559928443649,-0.0333333333333332,-0.2066666666666661,0.0133333333333324,Growth
1988-03-31,0.8565478479482768,0.0987719029640975,0.0054096285156007,-0.855415515047248,-0.287453175186062,3,0.9997168555729935,0.9994362954938624,0.002610977732661529,0.000280560079131122,5.3066096175178726e-15,2.584348032421644e-06,0.9997168555729935,-0.0333432620101855,-0.0226,0.0601,0.0086,0.0044,0.0692376356971911,0.0383244206773618,0.0,-0.1833333333333338,-0.0333333333333326,Growth
1988-04-30,0.8456779876720893,0.156687759947661,-0.4074723126015729,-0.0744656052698701,-0.625978698039642,3,0.998034395213576,0.9960724015780293,0.014239589263556698,0.001961993635546573,1.3832729726339018e-14,3.611150675200607e-06,0.998034395213576,0.0094247432723177,0.0056999999999999,0.0091,0.0151,0.0046,0.0686745788814757,0.0399290150842945,-0.0999999999999999,-0.0166666666666666,-0.0733333333333335,Growth
1988-05-31,0.674720083841683,0.152861595588696,-0.1322176851901246,0.4409613351831961,-1.3030297437467822,3,0.954594693370086,0.9092955937331486,0.18550694655212163,0.0452990996369374,8.593584893031164e-14,0.00010620699281344129,0.954594693370086,0.0031761264779854,-0.0027,-0.0254,0.0243999999999999,0.0051,0.0598189900784631,0.0398230088495574,-0.0333333333333335,0.0933333333333331,-0.153333333333333,Growth
1988-06-30,0.6283471253507166,0.1465296025893592,-0.4074723126015729,-0.3243695763986289,-0.3438740956616662,3,0.9205367335405082,0.8410932408901671,0.2776403892100049,0.07944349265034113,7.93550552993813e-13,1.9773808301133435e-05,0.9205367335405082,0.0432560122806011,0.0478,0.0202,-0.0135,0.0049,0.0574168791331712,0.0396475770925111,-0.0999999999999999,-0.0699999999999996,-0.0400000000000003,Growth
1988-07-31,0.4930444377912801,0.2061908004435355,0.0054096285156007,-0.7460825276784137,-0.3720845558994632,3,0.6751463552173768,0.3504240620969464,0.6316316190839143,0.3247222931204304,6.033117786513531e-14,0.00013135166226429365,0.6751463552173768,-0.0054113747214922,-0.0125,-0.0023,0.0218,0.0051,0.0504082241478043,0.0413005272407733,0.0,-0.1600000000000001,-0.0433333333333335,Growth
1988-08-31,0.4428895326049783,0.1996698397449076,0.0054096285156007,-0.9803675006116254,-0.0053485728080861,0,0.6544971712243612,0.3091907324866614,0.6462820642714633,0.6544971712243612,9.8281652782658e-14,0.0001963900376921347,0.34530643873769984,-0.0386001044925866,-0.0331,0.0007,0.0214,0.0059,0.0478102090409708,0.0411198600174977,0.0,-0.2099999999999999,5.921189464667501e-16,Balanced
1988-09-30,0.3005540523519421,0.2259619797499436,0.0054096285156007,-1.1209384843715526,-0.4567159366128545,0,0.906219371553838,0.8126381744841175,0.31262500451549197,0.906219371553838,6.324583954269983e-14,0.00019943137650092944,0.0935811970697206,0.039729332689343,0.0331,-0.0134,-0.0075,0.0062,0.0404372566535187,0.041848299912816,0.0,-0.2399999999999999,-0.0533333333333333,Balanced
1988-10-31,0.1219479728185833,0.2534075265506174,0.0054096285156007,-1.3708424555003116,-1.246608823271188,0,0.9953918254885846,0.9911540612660986,0.030678069736661734,0.9953918254885846,3.3304739148292893e-14,0.0003704102887623527,0.004237764222486036,0.0259644642106176,0.0116,-0.0292,0.0203,0.0060999999999999,0.0311854937187401,0.042608695652174,0.0,-0.293333333333333,-0.1466666666666665,Balanced
1988-11-30,0.0732314326842364,0.2480768217263002,-0.4074723126015729,-1.5582704338468816,-1.218398363033396,0,0.9995110886655675,0.9991746827617729,0.004519359481078189,0.9995110886655675,2.399038986804183e-14,0.0001525054308056423,0.000336405903794622,-0.0188908807062111,-0.0227,-0.0163999999999999,0.0147,0.0056999999999999,0.0286619856640133,0.0424610051993066,-0.0999999999999999,-0.333333333333333,-0.1433333333333338,Balanced
1988-12-31,0.0519300790901287,0.3078712673470946,-0.1322176851901246,-1.0897004879804597,-1.0773460618444006,0,0.9998351605687528,0.9997020481596551,0.0016814024663443527,0.9998351605687528,4.616644704104348e-14,3.172702222994966e-05,0.00013311240909759316,0.0146875733810019,0.0148,0.0189,-0.0183,0.0063,0.0275585793625174,0.0441176470588235,-0.0333333333333335,-0.2333333333333337,-0.1266666666666663,Balanced
1989-01-31,0.1143634013720037,0.3334956456879253,0.0054096285156007,-0.9803675006116268,-0.1464008739970765,0,0.9996790498125201,0.9993712140022553,0.00295747102037739,0.9996790498125201,2.0072300115483666e-14,1.3114376980690942e-05,0.0003078358102647874,0.0711147915641292,0.0607,-0.0219,0.0060999999999999,0.0055,0.0307926142760639,0.0448275862068965,0.0,-0.2100000000000002,-0.0166666666666663,Balanced
1989-02-28,-0.0724913917386087,0.3928343216687352,-0.1322176851901234,-0.8710345132427938,-0.2310322547104728,0,0.9995003665169515,0.9990151765931227,0.004362955718283127,0.9995003665169515,1.2118272521829495e-14,1.4443559147950624e-05,0.00048518992382887757,-0.0289441484311305,-0.0223,0.0281,0.0098999999999999,0.0060999999999999,0.0211135694551758,0.046471600688468,-0.0333333333333332,-0.1866666666666668,-0.0266666666666666,Balanced
1989-03-31,-0.0718450809513856,0.4814603269963082,-0.4074723126015729,-0.7773205240695079,-0.6541891582774392,0,0.9988674043050667,0.9977727280492233,0.008980708456752178,0.9988674043050667,5.389229209386352e-15,3.791943897367453e-05,0.0010946762558433284,0.0208059616090834,0.0157,0.0067,0.0046999999999999,0.0067,0.0211470482382116,0.0489270386266094,-0.0999999999999999,-0.1666666666666666,-0.0766666666666668,Balanced
1989-04-30,-0.1884787705240403,0.5325062369074016,-0.2698449988958488,-0.4493215619630119,-0.3720845558994632,0,0.9989338505234056,0.9979173147252578,0.008562622966835867,0.9989338505234056,2.790420110765788e-15,4.961367862019568e-05,0.001016535798147717,0.0500899371785186,0.0435,-0.0067,-0.0148,0.0067,0.0151054440052873,0.0503412969283276,-0.0666666666666667,-0.0966666666666669,-0.0433333333333335,Balanced
1989-05-31,-0.2605210998965782,0.6200213692145489,0.0054096285156007,-0.3243695763986318,0.4460187909966773,0,0.9990979525489652,0.9986140829889727,0.007848611457585065,0.9990979525489652,4.482732065169787e-16,0.0004181778910657752,0.00048386955999242743,0.0351374946729265,0.0327999999999999,-0.0009,-0.009,0.0079,0.0113736642452402,0.0527659574468084,0.0,-0.0700000000000002,0.0533333333333339,Balanced
1989-06-30,-0.3184819643711043,0.5813634216482889,0.4182915696327744,-0.6367495403095806,1.235911677655006,0,0.9972934234885983,0.9946266460828046,0.018911823341597158,0.9972934234885983,8.300079178185147e-15,0.0026667774057937306,3.979910559925812e-05,-0.0079245542069309,-0.0133,-0.0097,0.0220999999999999,0.0070999999999999,0.0083713018451798,0.0516949152542371,0.0999999999999999,-0.1366666666666667,0.1466666666666665,Balanced
1989-07-31,-0.5091116789034076,0.5430317014876578,0.0054096285156007,-0.6055115439184849,1.1794907571794118,0,0.9986540498350237,0.9973236634572725,0.010327542772879283,0.9986540498350237,1.0718132682960429e-14,0.0013303863777511414,1.556378727934482e-05,0.0883702579252558,0.0718,-0.0411,-0.0279999999999999,0.0069999999999999,-0.0015032832293331,0.0506329113924051,0.0,-0.1299999999999999,0.1399999999999999,Balanced
1989-08-31,-0.417353079814439,0.3836985093760924,0.0054096285156007,-0.3399885745941789,0.4742292512344694,0,0.9998770263281377,0.9997968263244195,0.0013096167790050883,0.9998770263281377,2.242380861595922e-13,8.020000371824545e-05,4.277366813622121e-05,0.0155167182244566,0.0143,0.0056999999999999,0.0062,0.0074,0.0032497957712054,0.046218487394958,0.0,-0.0733333333333335,0.0566666666666666,Balanced
1989-09-30,-0.4175338433364827,0.3163106172967604,0.0054096285156007,0.4878183297698404,-0.0899799535214823,0,0.9999507664207357,0.9999196529417822,0.0005699681075561048,0.9999507664207357,7.246319875646034e-13,1.8120099385265764e-05,3.111347895347661e-05,-0.0065443682761688,-0.0076,0.003,-0.0127,0.0065,0.0032404322531349,0.0443514644351463,0.0,0.1033333333333335,-0.0099999999999997,Balanced
1989-10-31,-0.5266581471372673,0.3711765794997401,0.1430369422213249,0.3628663442054603,-0.1464008739970765,0,0.9999168401828479,0.9998722450265424,0.0009218448948079177,0.9999168401828479,5.587353395974908e-13,4.4595156305491136e-05,3.856466031749747e-05,-0.0251754509482475,-0.0365,-0.0324,-0.0116,0.0068,-0.0024121871415987,0.0458715596330274,0.0333333333333332,0.0766666666666668,-0.0166666666666663,Balanced
1989-11-30,-0.5082074175854204,0.3956745492642994,0.2806642559270502,-0.0432276088787744,0.4742292512344669,0,0.9998631169898471,0.9997642884690104,0.0014355437455842305,0.9998631169898471,7.194622893913003e-13,9.882852083665023e-05,3.8054488791099005e-05,0.0165413242599514,0.0104,-0.0118999999999999,-0.0113,0.0069,-0.0014564426549978,0.0465502909393185,0.0666666666666667,-0.0099999999999997,0.0566666666666663,Balanced
1989-12-31,-0.4898871560241157,0.3901064453222034,0.1430369422213261,-0.3556075727897247,0.7281233933746484,0,0.9998587141772854,0.9997452131922692,0.0014637759268391482,0.9998587141772854,4.2410243555981054e-13,0.00011350098501624829,2.7784837423119137e-05,0.0214168151428018,0.0118,-0.0237,0.0015,0.0060999999999999,-0.0005074563869427,0.0463960231980116,0.0333333333333335,-0.0766666666666665,0.0866666666666666,Balanced
1990-01-31,-0.643939582227209,0.5916603513764136,0.1430369422213261,0.3160093496188188,-0.2028217944726807,0,0.9994764073006166,0.9990725737423125,0.00476064446535645,0.9994764073006166,5.955966497763283e-15,0.0004038335583041363,0.00011975914115575783,-0.0688172262146172,-0.078,-0.0113999999999999,0.0083,0.0056999999999999,-0.0084873444763192,0.051980198019802,0.0333333333333335,0.066666666666667,-0.023333333333334,Balanced
1990-02-28,-0.3842534147027056,0.615171142938293,-0.1322176851901246,0.8626742864629808,-0.7670309992286299,0,0.9995439701217728,0.99916660735144,0.004173840414975152,0.9995439701217728,2.8921952422635566e-16,0.0003773627703327865,7.866710774401998e-05,0.0085390427580889,0.0112,0.0097,0.0065,0.0056999999999999,0.0049643524964546,0.0526315789473683,-0.0333333333333335,0.1833333333333335,-0.0900000000000001,Balanced
1990-03-31,-0.3362428913442573,0.6058437847147218,-0.2698449988958488,0.7533412990941464,-1.0209251413688063,0,0.9996142471387488,0.9993128250587451,0.003620394078002954,0.9996142471387488,7.349181327882561e-16,0.00030142208000369055,8.433078137352216e-05,0.0242549864041432,0.0183,0.0147,-0.0289999999999999,0.0064,0.0074512890086244,0.0523731587561373,-0.0666666666666667,0.1599999999999998,-0.1199999999999998,Balanced
1990-04-30,-0.3842917299765066,0.4160991018271542,0.0054096285156007,0.7064843045075022,-0.625978698039632,0,0.9999014139807875,0.9998399908454231,0.0010733146211718556,0.9999014139807875,5.112990998498205e-14,6.142313536439833e-05,3.716288387147595e-05,-0.0268871406212716,-0.0336,-0.0046999999999999,-0.0256999999999999,0.0069,0.0049623677721333,0.0471161657189278,0.0,0.1499999999999994,-0.0733333333333323,Balanced
1990-05-31,-0.2140200896839608,0.2911365566971961,0.1430369422213261,0.4565803333787433,-0.0617694932836853,0,0.9998516093616677,0.9997343756999867,0.0015328010567261354,0.9998516093616677,8.946728342603693e-13,3.115697584762433e-05,0.0001172336616810252,0.0919891907988945,0.0843,-0.0256,-0.0389,0.0068,0.0137824082467818,0.0436540016168147,0.0333333333333335,0.0966666666666663,-0.0066666666666665,Balanced
1990-06-30,-0.146148872690755,0.4023956375476308,0.0054096285156007,0.0973433748811528,0.3331769500454789,0,0.9979827557588643,0.9967718900541787,0.015891690391558015,0.9979827557588643,1.1145790291853106e-13,0.000806378536298527,0.0012108657046856004,-0.0088863656812216,-0.0109,0.0135,-0.02,0.0063,0.0172981251325488,0.0467365028203063,0.0,0.0200000000000001,0.0399999999999997,Balanced
1990-07-31,0.0105063987177557,0.4549578452587609,0.1430369422213249,-0.2618935836164389,0.61528155242345,0,0.9581095725953841,0.9239149561684666,0.19388695381974558,0.9581095725953841,3.060044655978314e-14,0.03419461642691742,0.007695810977758648,-0.0052231584117391,-0.019,-0.0308,-0.0006,0.0068,0.0254128401374444,0.0481927710843372,0.0333333333333332,-0.0566666666666663,0.0733333333333323,Balanced
1990-08-31,-0.1131036474573171,0.7738585996875426,0.4182915696327744,0.4409613351831975,0.0228618874297059,2,0.6594340032486317,0.336109621145957,0.7096444199118633,0.32332438210267467,3.1156537305201276e-20,0.6594340032486317,0.017241614648630034,-0.0943141847916291,-0.1012,-0.035,0.0156,0.0066,0.0190098618818514,0.0570281124497991,0.0999999999999999,0.0933333333333334,0.0033333333333332,Inflationary Stress
1990-09-30,-0.0497518595522499,0.9424383472756672,0.9688008244556736,1.2219112449605725,0.0228618874297059,2,0.9998728141538193,0.9997989448402703,0.0013545077193843603,7.386931354898293e-05,1.726658264636607e-24,0.9998728141538193,5.331653276653798e-05,-0.0511843064564319,-0.0611,-0.0364,0.0059,0.006,0.022291473150199,0.061698717948718,0.2333333333333334,0.26,0.0033333333333332,Inflationary Stress
1990-10-31,-0.1385758007930112,1.0181318613443917,0.5559188833384998,1.0969592593961923,0.8127547740880445,2,0.999996255939283,0.9999940928637059,5.307711186111854e-05,2.163075577141579e-06,3.054339430818836e-30,0.999996255939283,1.5809849919503452e-06,-0.0066982123010423,-0.0192,-0.0552,0.0008,0.0068,0.0176904089006546,0.0637958532695375,0.1333333333333334,0.2333333333333334,0.0966666666666669,Inflationary Stress
1990-11-30,-0.4537162307291658,0.9516499727068644,0.6935461970442239,0.0504863802945113,1.6026476607463729,2,0.9999996366160054,0.9999993233153697,5.897283407153028e-06,3.133006357544752e-07,1.7947652589330542e-28,0.9999996366160054,5.0083354464634913e-08,0.0599342145417864,0.0635,0.0042,-0.0297,0.0056999999999999,0.0013661910657911,0.0619539316918187,0.1666666666666666,0.0100000000000003,0.1899999999999995,Inflationary Stress
1990-12-31,-0.700265753784536,0.9731457478881248,0.5559188833384987,-0.293131580007536,1.6872790414597691,2,0.9999997553827896,0.999999529304224,4.034207109117201e-06,2.2607856559471338e-07,1.0115347201712248e-27,0.9999997553827896,1.8538704686161257e-08,0.024827757338752,0.0246,0.0079,-0.0157,0.006,-0.011405030076012,0.0625494853523356,0.1333333333333331,-0.0633333333333334,0.1999999999999998,Inflationary Stress
1991-01-31,-0.6657014586305706,0.7537354504775988,0.6935461970442239,0.5034373279653862,0.95380707527703,2,0.999996434995398,0.9999933837442891,4.9755689117256857e-05,3.051251108938187e-06,6.798843977725738e-24,0.999996434995398,5.137533215509705e-07,0.0415177499981747,0.0469,0.0378,-0.0148,0.0052,-0.0096146057768633,0.056470588235294,0.1666666666666666,0.1066666666666664,0.1133333333333332,Inflationary Stress
1991-02-28,-0.9777677617453764,0.6329805675464248,0.5559188833384987,0.9095312810496196,-0.0335590330458831,2,0.9999923890421503,0.9999856289601695,9.997884813426589e-05,6.760081980799299e-06,6.527270884341258e-24,0.9999923890421503,8.508758680592192e-07,0.0672811768127803,0.0719,0.0401,-0.0062,0.0048,-0.0257795843929002,0.053125,0.1333333333333331,0.1933333333333327,-0.0033333333333326,Inflationary Stress
1991-03-31,-1.1786830195141138,0.4556341511143393,0.6935461970442239,1.3468632305249513,-1.0491356016066034,2,0.9999995636045285,0.9999991329880548,6.858014762130263e-06,4.306164737450238e-07,4.08036456586381e-20,0.9999995636045285,5.779188756353562e-09,0.022202832522042,0.0266,0.0388,-0.013,0.0044,-0.0361869587651098,0.0482115085536549,0.1666666666666666,0.2866666666666664,-0.123333333333333,Inflationary Stress
1991-04-30,-1.0805850556146113,0.4515841861033636,0.4182915696327744,0.8158172918763351,-1.3030297437467822,2,0.9998451541946259,0.9996905082020672,0.0015148375649806191,0.00015464599255878158,3.895912434515579e-17,0.9998451541946259,1.9981279085983974e-07,0.0003197993624997,-0.0028,0.005,0.0149,0.0053,-0.0311055018026487,0.0480993017843287,0.0999999999999999,0.1733333333333329,-0.153333333333333,Inflationary Stress
1991-05-31,-0.961748337400928,0.5327686412657875,0.4182915696327756,1.096959259396194,-1.218398363033396,2,0.9925145892553486,0.9850309260894349,0.04411327027829588,0.007483663165913723,5.67361451593952e-17,0.9925145892553486,1.7475786487457266e-06,0.0386049724936075,0.0366,-0.0039,-0.0052,0.0046999999999999,-0.0249497810806408,0.0503485670023238,0.1000000000000002,0.2333333333333337,-0.1433333333333338,Inflationary Stress
1991-06-30,-0.8733616492298455,0.4104335954802316,0.1430369422213261,0.8001982936807893,-0.8516623799420188,2,0.6057072618465604,0.2115435548218189,0.6717940604019611,0.3941637070247415,1.6552735263518628e-14,0.6057072618465604,0.0001290311286243431,-0.0478926289747986,-0.0494,0.0018,0.0108,0.0042,-0.0203713664618018,0.0469591993841416,0.0333333333333335,0.1699999999999999,-0.0999999999999996,Inflationary Stress
1991-07-31,-0.7872010883304845,0.2920085569456241,0.1430369422213249,0.4721993315742933,-0.7952414594664245,0,0.8731991180170863,0.7465882780986342,0.38168551795234296,0.8731991180170863,6.4636878162905465e-12,0.1266108399184521,0.00019004205786022295,0.0448593429577663,0.0424,-0.0097,-0.013,0.0049,-0.0159082648369797,0.0436781609195402,0.0333333333333332,0.1000000000000002,-0.0933333333333331,Balanced
1991-08-31,-0.8535416105047076,0.0868429235604357,0.0054096285156007,-0.0588466070743229,-0.1181904137592794,0,0.993325482860173,0.9867311829261902,0.04052232030112765,0.993325482860173,1.0393937190816627e-09,0.006594299933982728,8.021616626132672e-05,0.0196487846243216,0.0232,0.0158,-0.0079,0.0046,-0.0193446920052424,0.0379939209726443,0.0,-0.0133333333333333,-0.013333333333333,Balanced
1991-09-30,-0.7048126714786688,-0.0586747592157254,0.0054096285156007,-0.4337025637674606,0.5024397114722615,0,0.999817317930221,0.9996448789449576,0.0017946559253499965,0.999817317930221,5.160128017462641e-09,0.00017243898526347453,1.0237924362865951e-05,-0.0191437358430863,-0.0159,0.0168,-0.0123,0.0046,-0.0116405595982991,0.0339622641509433,0.0,-0.0933333333333328,0.0599999999999993,Balanced
1991-10-31,-0.603167935659941,-0.2563425290395942,0.2806642559270502,-0.2306555872253446,0.9538070752770276,0,0.9999646425360821,0.9999322613934156,0.0004090495734453307,0.9999646425360821,3.4393236716950955e-07,3.238114266643699e-05,2.632388864571417e-06,0.0118342366545192,0.0129,0.0077,-0.0043,0.0042,-0.0063753804855835,0.0284857571214391,0.0666666666666667,-0.0499999999999998,0.113333333333333,Balanced
1991-11-30,-0.3868594177926063,-0.1776612823987863,0.1430369422213249,0.4565803333787447,0.7845443138502424,0,0.9999884541792073,0.9999796666523345,0.00014925461080321224,0.9999884541792073,1.521158865318922e-08,8.787526872811171e-06,2.7430824182265097e-06,-0.0439037086263069,-0.042,-0.0051,-0.0177,0.0039,0.0048293620030848,0.0306656694091251,0.0333333333333332,0.0966666666666666,0.0933333333333331,Balanced
1991-12-31,-0.3384544005104103,-0.2086806302900884,0.5559188833384987,0.925150279245168,0.8691756945636387,0,0.9998741994632306,0.9997502317914247,0.0012653957694238702,0.9998741994632306,5.349524609105939e-08,0.00012396767180592843,1.7793697591630978e-06,0.1115878550742814,0.1085,-0.0226,-0.0423,0.0038,0.0073367332298581,0.0298062593144561,0.1333333333333331,0.1966666666666663,0.1033333333333335,Balanced
1992-01-31,-0.3771163137804929,-0.3198567028573241,0.4182915696327744,1.0813402612006453,0.3895978705210781,0,0.9999551814065225,0.99991248090584,0.000502313411378166,0.9999551814065225,4.051132102125231e-08,4.2700500682608615e-05,2.077581444155585e-06,-0.0199237517839235,-0.0059,0.0848,0.0467,0.0034,0.0053340530461023,0.0267260579064589,0.0999999999999999,0.2300000000000001,0.0466666666666668,Balanced
1992-02-29,-0.0946175625878115,-0.2670207308252892,0.5559188833384998,1.0032452702229069,-0.4002950161372554,0,0.9999461463462175,0.9999026121243557,0.0006096905914824038,0.9999461463462175,2.6909643865222023e-08,4.353422186173633e-05,1.0292522161513681e-05,0.0095895431269641,0.0108,0.0083,0.0650999999999999,0.0028,0.0199674377675755,0.0281899109792282,0.1333333333333334,0.2133333333333332,-0.0466666666666662,Balanced
1992-03-31,0.1881925855155431,-0.1331417723467894,0.1430369422213261,0.7533412990941478,-1.3030297437467848,0,0.9999791421643515,0.9999678224807794,0.00026005615504292483,0.9999791421643515,1.6547156946813893e-09,1.1319683572028466e-05,9.536497479586602e-06,-0.0218318621253278,-0.0265,-0.0097,0.0349,0.0034,0.0346169527932562,0.0318991097922847,0.0333333333333335,0.1600000000000001,-0.1533333333333333,Balanced
1992-04-30,0.2868306174512199,-0.1356984541593239,0.1430369422213261,0.7845792954852421,-1.0491356016066058,0,0.9999683382071679,0.9999443973065077,0.00037728767194158226,0.9999683382071679,1.0008171829774117e-09,7.719891293034244e-06,2.394090066020672e-05,0.0278927139575604,0.0109,-0.0612,0.0436,0.0032,0.0397263851832749,0.0318282753515914,0.0333333333333335,0.1666666666666666,-0.1233333333333333,Balanced
1992-05-31,0.1650740899941076,-0.1931700959123621,0.280664255927049,0.4097233387921018,-0.428505476375055,0,0.9999430439920328,0.9998897452587595,0.0006272215097784955,0.9999430439920328,5.982468857258397e-09,3.651292020484356e-06,5.329873327330214e-05,0.0009639568254424,0.003,0.0040999999999999,0.0111,0.0028,0.0334194188653413,0.03023598820059,0.0666666666666664,0.0866666666666666,-0.0499999999999998,Balanced
1992-06-30,0.0148447973753508,-0.1963798921457492,0.5559188833384987,0.1598193676633415,0.2203351090942931,0,0.9999286362344014,0.9998737793432917,0.0007916687371009764,0.9999286362344014,5.160456111512172e-08,1.64552700757924e-05,5.485689110968333e-05,-0.0173588331506637,-0.0233,-0.031,0.0324,0.0032,0.0256375684109808,0.0301470588235293,0.1333333333333331,0.0333333333333332,0.0266666666666669,Balanced
1992-07-31,0.1413385534634378,-0.1449765936395922,0.4182915696327744,-0.1525605962476087,0.7563338536124454,0,0.9999560451298531,0.9999235345686445,0.0005102134678772817,0.9999560451298531,1.045887870760802e-08,1.1433850243459979e-05,3.251056120871635e-05,0.0393736860633058,0.0378,-0.0045,-0.0051,0.0031,0.0321899223236488,0.0315712187958885,0.0999999999999999,-0.0333333333333335,0.0899999999999998,Balanced
1992-08-31,0.0301369361325293,-0.174736377016091,0.0054096285156007,-0.4649405601585576,0.8973861548014334,0,0.9999853883645063,0.9999735498828127,0.00018441906379442543,0.9999853883645063,3.3720638793451814e-09,2.769781905153522e-06,1.1838481693629419e-05,-0.0239975316018912,-0.0237999999999999,-0.001,-0.0109,0.0026,0.0264296984600631,0.0307467057101025,0.0,-0.0999999999999999,0.1066666666666664,Balanced
1992-09-30,-0.0609727016864972,-0.2043223806356426,-0.2698449988958488,-0.1369415980520602,1.1512802969416096,0,0.9999890539046379,0.999981585751347,0.0001429390215082807,0.9999890539046379,1.9006918317204577e-08,3.4589350665203226e-06,7.468153290865715e-06,0.0091055938574187,0.0118999999999999,0.0055,-0.0019,0.0026,0.0217102355370906,0.0299270072992701,-0.0666666666666667,-0.0299999999999999,0.1366666666666661,Balanced
1992-10-31,0.0830538940204535,-0.1006673427683264,-0.5450996263072982,0.1598193676633422,0.6999129331368512,0,0.9998924804684793,0.9997886490665964,0.0011061098378740393,0.9998924804684793,4.91852942919934e-09,3.6832110161125634e-06,0.00010383140188298472,0.0021062826915365,0.0102,0.0210999999999999,-0.0197999999999999,0.0023,0.029170787402208,0.0327988338192419,-0.1333333333333334,0.0333333333333333,0.0833333333333333,Balanced
1992-11-30,0.1900065182384617,-0.1582076441083674,-0.2698449988958476,0.4409613351831975,0.0792828079053026,0,0.9998078482829805,0.9996169925936529,0.0018442030617663743,0.9998078482829805,1.8260669665441916e-09,1.294201446833363e-06,0.000190855689327614,0.030261807703684,0.0414,0.0368,-0.0152,0.0023,0.0347109141834616,0.0312046444121913,-0.0666666666666664,0.0933333333333334,0.01,Balanced
1992-12-31,0.3215122777643054,-0.2137016434543868,-0.2698449988958476,0.0661053784900564,-0.4567159366128495,0,0.9992050599505441,0.998411390325332,0.006477796633776081,0.9992050599505441,6.750631358941903e-09,1.2636737038346492e-06,0.0007936696252120969,0.0101077669870628,0.0153,0.0165,0.0264,0.0028,0.0415228889766481,0.0296671490593345,-0.0666666666666664,0.0133333333333331,-0.0533333333333327,Balanced
1993-01-31,0.5049896249100503,-0.1100832272205494,0.0054096285156007,-0.1994175908342509,-0.5131368570884488,0,0.9981917147212603,0.9963860970433165,0.013246715886069191,0.9981917147212603,1.0213666050728225e-09,2.6665792676955334e-06,0.0018056176779438025,0.0070459878920066,0.0093,0.0189,0.059,0.0023,0.0510269827013942,0.0325379609544469,0.0,-0.0433333333333334,-0.0599999999999999,Balanced
1993-02-28,0.4597829312888719,-0.112625256631895,-0.4074723126015742,-0.6367495403095813,0.1074932681430997,0,0.9976553960708888,0.9953138030209953,0.0165629885067302,0.9976553960708888,6.953562316960961e-10,3.010183905681223e-06,0.002341593049893515,0.0104836275954076,0.0012,-0.0339,0.0648,0.0022,0.0486852840675009,0.0324675324675325,-0.1000000000000002,-0.1366666666666668,0.0133333333333333,Balanced
1993-03-31,0.2711052668465512,-0.1946818198314347,-0.5450996263072982,-0.8085585204606016,0.361387410283276,0,0.9987439956820965,0.9974920237911118,0.009672300527332662,0.9987439956820965,3.114412633420086e-09,4.029312357202338e-06,0.0012519718909846597,0.0186972990518887,0.0232,0.0029,0.0126,0.0025,0.0389118148380729,0.0301941049604601,-0.1333333333333334,-0.173333333333333,0.043333333333333,Balanced
1993-04-30,0.1746254411889549,-0.1452427398993623,-0.2698449988958488,-0.7773205240695079,0.2767560295698873,0,0.9997186106332443,0.9994390142246162,0.0025927816650916495,0.9997186106332443,5.028494374339619e-10,1.7924551107213949e-06,0.0002795964086280472,-0.0254168101601566,-0.0305,-0.0062,0.0255,0.0024,0.0339141771467639,0.0315638450502151,-0.0666666666666667,-0.1666666666666666,0.0333333333333335,Balanced
1993-05-31,0.0338631959776968,-0.1218526232352792,0.0054096285156007,-0.3868455691808197,0.1074932681430997,0,0.9999256537529175,0.9998525948448492,0.0007876418935187653,0.9999256537529175,8.972390227373441e-10,1.2864417960024304e-06,7.305890806828192e-05,0.0227174627877448,0.0289,0.0206,-0.0346,0.0022,0.0266227180527385,0.0322118826055835,0.0,-0.0833333333333331,0.0133333333333333,Balanced
1993-06-30,0.0683967065297841,-0.2024606848951718,0.0054096285156007,-0.2150365890297981,-0.1746113342348761,0,0.9999322031030919,0.9998654242733581,0.0007238874056001715,0.9999322031030919,3.962762858651192e-09,1.014104390305606e-06,6.677882973381235e-05,0.0007552285391652,0.003,-0.003,0.0264,0.0025,0.0284115477150228,0.0299785867237689,0.0,-0.0466666666666667,-0.0199999999999998,Balanced
1993-07-31,-0.0596771955321082,-0.2569202542425662,-0.2698449988958476,-0.5117975547452006,-0.1464008739970815,0,0.9999275812950295,0.9998561821548702,0.0007681943732549227,0.9999275812950295,8.384770283844054e-09,1.011180144818615e-06,7.139914015929018e-05,-0.0053270457083592,-0.0034,0.0096,0.0287,0.0024,0.0217773425238867,0.0284697508896796,-0.0666666666666664,-0.11,-0.0166666666666669,Balanced
1993-08-31,0.0273277463393942,-0.2591097014606467,-0.4074723126015729,-0.6523685385051285,-0.7106100787530358,0,0.9998827293298368,0.9997673768056958,0.0011885416695819493,0.9998827293298368,1.06752994321742e-08,1.907470626380997e-06,0.00011535252414095825,0.0344319561458872,0.0372,0.0011,0.0018,0.0025,0.0262841829318527,0.0284090909090908,-0.0999999999999999,-0.1400000000000001,-0.0833333333333336,Balanced
1993-09-30,0.0669601100990692,-0.2868701129044462,-0.4074723126015729,-0.746082527678413,-0.3720845558994632,0,0.9998511576091282,0.9997039087655253,0.0014693926928859439,0.9998511576091282,8.848103888054773e-09,1.5846991379595606e-06,0.00014724884360293975,-0.0099879301648051,-0.0012,0.0308999999999999,-0.0024,0.0026,0.0283371322771797,0.0276399716513111,-0.0999999999999999,-0.16,-0.0433333333333335,Balanced
1993-10-31,0.0783736384680778,-0.2910943784049001,-0.1322176851901246,-0.7148445312873173,-0.4002950161372604,0,0.9999164413144522,0.9998340691746447,0.0008744280486229603,0.9999164413144522,5.266445311738225e-09,1.18127942104716e-06,8.237213980753555e-05,0.0193929227518845,0.0141999999999999,0.0199,-0.0278,0.0022,0.0289283510027422,0.0275229357798165,-0.0333333333333335,-0.1533333333333331,-0.0466666666666668,Balanced
1993-11-30,0.0937531977139921,-0.2938907371293395,-0.2698449988958488,-0.0588466070743229,0.0510723476675055,0,0.9998980017470354,0.9997968428528295,0.0010443768799150675,0.9998980017470354,2.106209798800547e-08,8.182967031775807e-07,0.00010115889420585473,-0.0129106260836291,-0.0187,-0.0127,-0.0078,0.0025,0.0297250094174856,0.0274454609429979,-0.0666666666666667,-0.0133333333333333,0.0066666666666668,Balanced
1993-12-31,0.1777751091701083,-0.269918462322917,-0.2698449988958488,0.4721993315742911,-0.1746113342348736,0,0.9999041529747393,0.9998094180917889,0.0009888071811477543,0.9999041529747393,9.271776477700063e-09,1.1028706407854465e-06,9.473488295045501e-05,0.0100911747241843,0.0165,0.0118999999999999,0.0025,0.0023,0.0340773293841403,0.028109627547435,-0.0666666666666667,0.0999999999999998,-0.0199999999999995,Balanced
1994-01-31,0.1586425471106612,-0.3998496582568935,-0.2698449988958488,0.7221033027030521,-0.2310322547104703,0,0.9999003541798149,0.9998021501546299,0.0010254635171042228,0.9999003541798149,3.341518005613333e-08,1.40837981608944e-06,9.82040251849789e-05,0.0325007455199777,0.0287,0.0033,0.011,0.0025,0.0330862660957493,0.0245098039215685,-0.0666666666666667,0.1533333333333333,-0.0266666666666663,Balanced
1994-02-28,0.0746239560610557,-0.3764815144869477,0.0054096285156007,0.1598193676633422,-0.4285054763750575,0,0.9994371755149493,0.9988756137843089,0.0047833140096021,0.9994371755149493,9.05989374118274e-08,1.1721554968293618e-06,0.0005615617306403453,-0.0300449972866785,-0.0255,0.0276,-0.0152,0.0021,0.0287341181255573,0.0251572327044025,0.0,0.0333333333333333,-0.0500000000000001,Balanced
1994-03-31,0.2947656831340233,-0.327373701639739,0.0054096285156007,0.425342336987651,-0.7670309992286299,0,0.9933740907682799,0.9867530414623409,0.03988512549224463,0.9933740907682799,1.3963397360502568e-07,4.720291840866782e-06,0.00662104930593896,-0.0457465106063508,-0.0479,-0.0108,0.0167,0.0027,0.0401374201646205,0.0265177948360082,0.0,0.0900000000000003,-0.0900000000000001,Balanced
1994-04-30,0.3582528540213067,-0.4311015906462233,-0.2698449988958476,0.8158172918763366,-0.9927146811310118,0,0.9379284227465003,0.8759225211404238,0.23315785336096856,0.9379284227465003,3.0529201076278655e-06,6.26227272294083e-05,0.06200590160607657,0.0115306431009645,0.0068,-0.0093,0.0166,0.0027,0.0434260442472023,0.0236439499304588,-0.0666666666666664,0.1733333333333332,-0.1166666666666668,Balanced
1994-05-31,0.5278062295457318,-0.4584992079168601,-0.6827269400130225,0.5034373279653875,-0.9927146811310118,3,0.6556721686095849,0.3114942074623466,0.6452622281426963,0.3441779611472383,4.1064308749258776e-05,0.00010880593464977789,0.6556721686095849,0.0123971442028141,0.0058,-0.0209,0.006,0.0032,0.0522088787354901,0.022884882108183,-0.1666666666666666,0.1066666666666667,-0.1166666666666668,Growth
1994-06-30,0.6189268930053617,-0.3840326105432877,-0.5450996263072982,-0.0276086106832286,-0.287453175186067,3,0.9282289107796963,0.8564647144505357,0.2582699718934234,0.07176419632916055,1.0945150067976633e-06,5.79837592758595e-06,0.9282289107796963,-0.02679082362832,-0.0304,-0.0043,0.0177,0.0031,0.0569289127846714,0.0249480249480249,-0.1333333333333334,-0.0066666666666668,-0.0333333333333332,Growth
1994-07-31,0.5911225980276852,-0.3103437764893289,-0.4074723126015742,-0.4961785565496527,-0.1464008739970765,3,0.9762730908861961,0.9525481771227263,0.11222988289269037,0.023724913763469704,3.4123854825695825e-08,1.961226576349083e-06,0.9762730908861961,0.0314899072589001,0.0282,-0.0181,0.0060999999999999,0.0028,0.0554886552840634,0.0269896193771626,-0.1000000000000002,-0.1066666666666666,-0.0166666666666663,Growth
1994-08-31,0.7524931217865122,-0.2375821532150969,-0.1322176851901234,-0.4337025637674633,0.1639141886186964,3,0.9930460287977186,0.9860936528077282,0.0414951255406278,0.0069523759899904475,2.8942434094598496e-09,1.592317992292147e-06,0.9930460287977186,0.0375986996499262,0.0401999999999999,0.015,-0.0255,0.0037,0.0638476195162909,0.0290055248618783,-0.0333333333333332,-0.0933333333333334,0.0200000000000001,Growth
1994-09-30,0.708365320775837,-0.2141339257104614,-0.2698449988958476,-0.1837985926387031,-0.0899799535214849,3,0.998192243529544,0.9963852626326413,0.01323010835328222,0.0018069808969028032,8.530992574826531e-10,7.747206733295777e-07,0.998192243529544,-0.0268775348414747,-0.0227999999999999,0.0304,-0.0181,0.0037,0.0615618073264119,0.0296551724137932,-0.0666666666666664,-0.04,-0.01,Growth
1994-10-31,0.7229061121240188,-0.3424931546708486,-0.4074723126015729,-0.2775125818119875,-0.118190413759287,3,0.9995783608440778,0.9991572386212098,0.003702251835298047,0.00042112222286808034,1.3693989884287163e-09,5.155636411056197e-07,0.9995783608440778,0.0208338156220111,0.0135,-0.0216,-0.0166,0.0038,0.0623150177142606,0.0260989010989012,-0.0999999999999999,-0.0599999999999999,-0.0133333333333339,Growth
1994-11-30,0.7691756017702498,-0.3450739975765799,-0.5450996263072982,-0.1369415980520602,-0.4002950161372579,3,0.9996854537033906,0.9993714151661631,0.0028548922083151992,0.0003140385372274086,3.7540160404437466e-10,5.073837663055153e-07,0.9996854537033906,-0.0395046118788872,-0.0403,0.0028,-0.0073,0.0037,0.0647117689919245,0.026027397260274,-0.1333333333333334,-0.0299999999999999,-0.0466666666666665,Growth
1994-12-31,0.8569477570257997,-0.3470003683578993,-0.5450996263072982,-0.9803675006116254,-0.6541891582774392,3,0.9972359294674422,0.9944774193430513,0.019083605493402094,0.002758510124390825,1.815555040351038e-11,5.560390215977537e-06,0.9972359294674422,0.012299117331743,0.0086,0.0017,-0.0009,0.0044,0.0692583509157904,0.0259740259740257,-0.1333333333333334,-0.2099999999999999,-0.0766666666666668,Growth
1995-01-31,0.8327457866113555,-0.2483161107890545,-0.2698449988958488,-1.1209384843715526,-0.4567159366128521,3,0.9534410722624177,0.9069240175274743,0.18859131224709852,0.046517054734943435,3.4814677727946368e-12,4.1872999276681484e-05,0.9534410722624177,0.024277711761677,0.018,-0.0351,0.0259,0.0042,0.068004693182448,0.0287081339712917,-0.0666666666666667,-0.2399999999999999,-0.053333333333333,Growth
1995-02-28,0.7974900567864343,-0.2511414269566596,-0.2698449988958476,-1.51141343926024,0.051072347667503,3,0.7187905226205978,0.437942878111373,0.5968618387501676,0.28084764450922484,4.5904553099410945e-12,0.0003618328654633796,0.7187905226205978,0.0360741480725925,0.0363,-0.0060999999999999,0.0098999999999999,0.004,0.066178452691167,0.0286298568507159,-0.0666666666666664,-0.3233333333333332,0.0066666666666665,Growth
1995-03-31,0.6234913002158055,-0.2784882690770082,-0.1322176851901234,-1.1521764807626482,0.5870710921856578,0,0.7486475339420465,0.4975313623340956,0.5656991575552008,0.7486475339420465,2.562148454400551e-10,0.00023629419356986496,0.2511161716079509,0.0273291951133807,0.0219,-0.002,-0.0213,0.0046,0.0571653482607714,0.0278721957851801,-0.0333333333333332,-0.2466666666666667,0.0699999999999996,Balanced
1995-04-30,0.4684899994443955,-0.1565705900805133,0.2806642559270502,-1.0272244951982696,0.6717024728990542,0,0.9575068712787688,0.9152281073786872,0.17713576813749812,0.9575068712787688,3.6860811984806195e-10,0.00021436445276869142,0.042278763900081534,0.0279603578049114,0.0210999999999999,-0.0051,0.0167,0.0044,0.049136308638682,0.0312500000000002,0.0666666666666667,-0.2200000000000003,0.08,Balanced
1995-05-31,0.4747374169236639,-0.1588646854537732,0.280664255927049,-1.1521764807626482,0.5306501717100637,0,0.9924472456510699,0.984952316862246,0.04476507851070184,0.9924472456510699,2.3271922710488766e-10,5.7825327443776625e-05,0.007494928788823817,0.0363117126994647,0.0289999999999999,-0.0253,0.0227999999999999,0.0054,0.049459923745311,0.031186440677966,0.0666666666666664,-0.2466666666666667,0.0633333333333331,Balanced
1995-06-30,0.4055749712065886,-0.1863131720832774,0.280664255927049,-1.19903347534929,0.6434920126612595,0,0.9991689960147784,0.9983631365406173,0.006837586187786196,0.9991689960147784,3.100223234525517e-10,2.514420093995235e-05,0.0008058594741610855,0.0212785434316493,0.0272,0.0317,-0.0254,0.0046999999999999,0.0458773214428829,0.0304259634888437,0.0666666666666664,-0.2566666666666665,0.0766666666666671,Balanced
1995-07-31,0.2944411463290959,-0.2629791018900866,-0.1322176851901234,-0.8554155150472439,0.615281552423455,0,0.999829338692157,0.9996612852964681,0.0016647853099050819,0.999829338692157,2.2654467513254003e-09,2.60564679528768e-06,0.00016805339568886133,0.0317760395752064,0.0371,0.0209,-0.0158,0.0045,0.0401206092162438,0.0283018867924527,-0.0333333333333332,-0.183333333333333,0.0733333333333329,Balanced
1995-08-31,0.4251304368007564,-0.3397646266535961,0.1430369422213261,0.2066763622499844,0.3613874102832786,0,0.9997862009190125,0.9995749613723642,0.002034558702657269,0.9997862009190125,4.0549637944701844e-08,2.5189845464657013e-06,0.00021123954664825168,-0.0003202374774278,0.0055,0.0131,0.0268,0.0046999999999999,0.0468902910586381,0.0261744966442953,0.0333333333333335,0.0433333333333333,0.0433333333333333,Balanced
1995-09-30,0.4430169289564156,-0.3658382875857029,0.0054096285156007,0.3472473460099117,-0.0053485728080936,0,0.9997063647794043,0.9994144316557436,0.002692411998661521,0.9997063647794043,3.4922876770179816e-08,1.6671738794717555e-06,0.000291933123660711,0.0400974728873253,0.0336,-0.0216,-0.0011,0.0043,0.047816808149161,0.0254521098459477,0.0,0.0733333333333332,-2.96059473233375e-16,Balanced
1995-10-31,0.2463089233571072,-0.2939757446876235,-0.2698449988958488,-0.1525605962476087,-0.1464008739970765,0,0.9997375600268374,0.9994760475239048,0.002432598910629305,0.9997375600268374,1.729218444542589e-08,9.101782325205212e-07,0.0002615125029326312,-0.0049793351897702,-0.0151,-0.038,-0.0049,0.0046999999999999,0.0376273686858867,0.0274431057563586,-0.0666666666666667,-0.0333333333333335,-0.0166666666666663,Balanced
1995-11-30,0.1627397597791167,-0.3448099467529805,-0.1322176851901246,-0.8085585204606036,0.1357037283808993,0,0.9999015924165301,0.9998044762802873,0.0010132723322322779,0.9999015924165301,6.971223588407674e-09,1.2844758246132386e-06,9.711613624274374e-05,0.0410490027810619,0.0395999999999999,-0.0112,0.0052,0.0042,0.0332985009782402,0.0260347129506006,-0.0333333333333335,-0.1733333333333334,0.0166666666666669,Balanced
1995-12-31,0.0295037189186537,-0.3707345568871014,0.0054096285156007,-0.5430355511362949,0.1357037283808993,0,0.999953036944171,0.9999072116828869,0.0005204883803049757,0.999953036944171,2.730146848769893e-08,1.1104930996428197e-06,4.582526128420247e-05,0.0174438734059647,0.0104,0.0066,0.0024,0.0049,0.0263968979217819,0.0253164556962026,0.0,-0.1166666666666665,0.0166666666666669,Balanced
1996-01-31,-0.1173825495563415,-0.2772328932394591,0.1430369422213249,-0.1681795944431545,0.3049664898076819,0,0.999976635252208,0.9999549670164394,0.0002787490923518862,0.999976635252208,2.5804840017654338e-08,1.6707072239997458e-06,2.1668235768660952e-05,0.0326173868692312,0.0226,-0.0283,0.0046,0.0043,0.0187882155193943,0.0279069767441859,0.0333333333333332,-0.0366666666666664,0.0366666666666664,Balanced
1996-02-29,0.1929963583677866,-0.3038219183513793,-0.1322176851901234,0.6440083117253149,0.1921246488564935,0,0.9999631046906698,0.9999275598983952,0.00041934432574672234,0.9999631046906698,8.410368512305541e-09,1.3421066239655638e-06,3.554479227459719e-05,0.0069337017847039,0.0133,0.0179,-0.0105,0.0039,0.0348657873667355,0.027170311464546,-0.0333333333333332,0.1366666666666667,0.0233333333333334,Balanced
1996-03-31,0.1354355421202144,-0.2580246314989477,-0.1322176851901234,1.1594352521783813,-0.0617694932836878,0,0.9999847070872188,0.9999723476426453,0.00019234440764436358,0.9999847070872188,6.377823586830663e-10,2.9328302459913344e-06,1.2359444573492167e-05,0.0079165675908396,0.0074,0.0143,0.0042,0.0039,0.0318841473931901,0.0284391534391534,-0.0333333333333332,0.2466666666666664,-0.0066666666666668,Balanced
1996-04-30,0.3684434194297632,-0.2620818496165899,0.0054096285156007,1.4249582215026886,-0.4002950161372579,0,0.999905097600431,0.9998203744796516,0.001006287039924764,0.999905097600431,2.0562507571755648e-10,1.017907309185506e-05,8.472312077939627e-05,0.0134314220141846,0.0206,0.052,-0.0397,0.0046,0.0439539137104183,0.02832674571805,0.0,0.303333333333333,-0.0466666666666665,Balanced
1996-05-31,0.4198335822768634,-0.2640984550715085,0.1430369422213249,1.159435252178384,-0.7388205389908304,0,0.9963807552838275,0.9927923660189949,0.024136056628575164,0.9963807552838275,8.83104717885507e-09,3.084662021760717e-05,0.0035883892648326397,0.0228534059917031,0.0236,0.032,-0.009,0.0042,0.0466159149428693,0.0282708744247206,0.0333333333333332,0.246666666666667,-0.0866666666666666,Balanced
1996-06-30,0.5065882091101537,-0.266107121134885,-0.2698449988958488,0.8001982936807908,-0.7670309992286275,0,0.9169770133279718,0.8339888950827545,0.2863980361625322,0.9169770133279718,1.3594368484695077e-07,3.4732483051379934e-05,0.08298811824521718,0.0022567099722681,-0.0113,-0.04,0.0233,0.004,0.0511097890766827,0.0282152230971126,-0.0666666666666667,0.1700000000000002,-0.0899999999999998,Balanced
1996-07-31,0.5949200078869326,-0.2437893099831389,-0.1322176851901234,0.2535333568366273,-0.5695577775640454,0,0.6276450235475239,0.25531152185895245,0.660429544033817,0.6276450235475239,2.378435747319937e-07,2.123692028058116e-05,0.3723335016885715,-0.0457480167192076,-0.0596,-0.043,0.0519,0.0045,0.0556853604347264,0.0288335517693316,-0.0333333333333332,0.0533333333333333,-0.0666666666666667,Balanced
1996-08-31,0.4312339966457691,-0.2694373817435357,-0.6827269400130225,-0.1994175908342516,-0.0617694932836878,3,0.6729862692033729,0.345983965778247,0.6321747559017333,0.3270023034251259,6.368309791502374e-07,1.079054059229507e-05,0.6729862692033729,0.0188139351475606,0.0277,0.0245,-0.0081999999999999,0.0040999999999999,0.047206454365575,0.02812295618051,-0.1666666666666666,-0.0433333333333335,-0.0066666666666668,Growth
1996-09-30,0.4760519526188597,-0.2000375288693503,-0.1322176851901234,-0.121322599856513,0.0792828079053001,3,0.7490763470249608,0.49815877784893037,0.5634185725705703,0.2509175691760305,3.7196877140683864e-08,6.046602094606455e-06,0.7490763470249608,0.0542033273283304,0.0501,-0.0102,-0.0274,0.0044,0.0495280164589131,0.0300457217504899,-0.0333333333333332,-0.0266666666666666,0.0099999999999997,Growth
1996-10-31,0.5177356789276474,-0.1793496369734388,-0.4074723126015729,-0.2775125818119875,0.1639141886186964,3,0.8691201621722708,0.7382459546357666,0.38811824358778474,0.13087420753650425,2.889862533015357e-08,5.601392648852278e-06,0.8691201621722708,0.026101002422918,0.0087,-0.0438999999999999,0.0487999999999999,0.0042,0.0516872260169229,0.0306188925081432,-0.0999999999999999,-0.0599999999999999,0.0200000000000001,Growth
1996-11-30,0.6503955894710285,-0.1103379263287848,0.4182915696327756,-0.6523685385051279,0.1357037283808968,3,0.9413859836433909,0.8828077883360423,0.2234377350414473,0.058578195307348584,5.8191631576279335e-09,3.581523029894055e-05,0.9413859836433909,0.0733761517814057,0.0625,-0.0404,0.0139999999999999,0.0040999999999999,0.0585589856261308,0.032530904359141,0.1000000000000002,-0.1399999999999999,0.0166666666666666,Growth
1996-12-31,0.7101920431274682,-0.0649583235778129,0.2806642559270502,-0.5430355511362963,0.1921246488564935,3,0.9801366045064834,0.9602850977813319,0.09760711717237959,0.01985150672515162,8.497429146792685e-10,1.1887918576686835e-05,0.9801366045064834,-0.021505414489508,-0.017,0.0312,0.0128,0.0046,0.0616564312170941,0.0337881741390513,0.0666666666666667,-0.1166666666666668,0.0233333333333334,Growth
1997-01-31,0.860850114603463,-0.1879222382271222,0.1430369422213249,0.0192483839034142,-0.0899799535214849,3,0.996556168736512,0.993114598587672,0.022987295997288538,0.003441570148839925,1.951180033979082e-09,2.259163598373265e-06,0.996556168736512,0.0613170390541288,0.0496,-0.0192999999999999,-0.0144,0.0045,0.0694604923394732,0.0303813833225599,0.0333333333333332,0.0033333333333332,-0.01,Growth
1997-02-28,0.8059770034853466,-0.1900446483762274,-0.2698449988958488,0.3784853424010074,-0.2028217944726732,3,0.9992754541544544,0.9985519742737804,0.0059707443385200445,0.0007234798806740115,2.7149502420313164e-10,1.0656933190372074e-06,0.9992754541544544,0.005927590234654,-0.0048,-0.0316,0.0561,0.0039,0.0666180750103153,0.0303225806451612,-0.0666666666666667,0.08,-0.0233333333333331,Growth
1997-03-31,0.9620518621707722,-0.286409503461524,-0.2698449988958488,0.2535333568366287,-0.2874531751860695,3,0.999910714636686,0.9998219838661979,0.0009251212616310732,8.87307704880959e-05,1.5284937330154638e-10,5.544400250911837e-07,0.999910714636686,-0.0426140106407487,-0.0501999999999999,-0.0033,0.0339,0.0043,0.0747027247400964,0.027652733118971,-0.0666666666666667,0.0533333333333336,-0.0333333333333335,Growth
1997-04-30,0.7817229573391246,-0.40585689865679,-0.2698449988958488,0.2847713532277217,-0.1746113342348761,3,0.9998307257700179,0.9996622253229424,0.0016441784521493482,0.00016850044707549536,1.7038831556890728e-10,7.736127311684617e-07,0.9998307257700179,0.0584055790673403,0.0404,-0.0574,0.0,0.0043,0.0653617197633926,0.0243433696348496,-0.0666666666666667,0.0599999999999999,-0.0199999999999998,Growth
1997-05-31,0.7422472968568049,-0.4767758458225417,-0.4074723126015729,0.3941043405965546,-0.0899799535214874,3,0.9998077235843076,0.9996163119468904,0.0018430293536406991,0.00019141163741716262,9.286645882158627e-10,8.638496953682682e-07,0.9998077235843076,0.058576884803325,0.0673,0.0512,-0.0411,0.0049,0.06331688761977,0.0223785166240408,-0.0999999999999999,0.0833333333333333,-0.0100000000000003,Growth
1997-06-30,0.6805947724034648,-0.4783222241941547,-0.2698449988958488,0.0192483839034142,0.1074932681430997,3,0.9997220660175316,0.9994449366421584,0.0025591697829548854,0.00027712937537321014,1.2760592043444754e-09,8.033312549192418e-07,0.9997220660175316,0.0434526147952758,0.0409999999999999,0.0121,0.0144,0.0037,0.0601232978939152,0.0223356732610082,-0.0666666666666667,0.0033333333333332,0.0133333333333333,Growth
1997-07-31,0.8522447492428443,-0.5028523534801453,-0.2698449988958476,-0.8710345132427924,0.2203351090942905,3,0.9998845176407525,0.9997702216012181,0.001169098388776939,0.0001142960395343633,3.004107432825281e-10,1.1860191935633415e-06,0.9998845176407525,0.0781458094374247,0.0731,-0.0273,0.0013,0.0043,0.0690147359548551,0.021656050955414,-0.0666666666666664,-0.1866666666666665,0.0266666666666666,Growth
1997-08-31,0.9525733609123656,-0.4579259937549217,-0.1322176851901246,-0.7773205240695079,0.0792828079053051,3,0.9999490649868872,0.9998989981809355,0.0005588209368384597,5.0066805951602594e-05,6.258600842307875e-11,8.681447241012877e-07,0.9999490649868872,-0.0574656317085283,-0.0409999999999999,0.0715,0.0113,0.0040999999999999,0.0742117400723354,0.0229007633587787,-0.0333333333333335,-0.1666666666666666,0.0100000000000003,Growth
1997-09-30,1.012341393843124,-0.4834343268642076,-0.1322176851901234,-0.464940560158559,-0.1181904137592794,3,0.9999785181505098,0.9999574722609461,0.0002545062033603246,2.104588956361198e-05,5.591076250409663e-11,4.359039998666742e-07,0.9999785181505098,0.0531535906155671,0.0533999999999999,0.0254,0.0024,0.0044,0.0773077134747981,0.0221940393151554,-0.0333333333333332,-0.1000000000000002,-0.013333333333333,Growth
1997-10-31,1.190539834186959,-0.5315966952925248,-0.2698449988958488,-0.1681795944431545,0.0228618874297059,3,0.9999962813754811,0.9999928020218621,5.109760280831828e-05,3.4793536189467636e-06,3.1699988322354777e-11,2.392393919516625e-07,0.9999962813754811,-0.0344776973752203,-0.038,-0.0070999999999999,0.0233,0.0042,0.08653836077256,0.0208596713021491,-0.0666666666666667,-0.0366666666666664,0.0033333333333332,Growth
1997-11-30,1.1632787232381547,-0.6021989777230589,-0.2698449988958488,-0.6523685385051279,0.051072347667503,3,0.9999955662768181,0.9999914790247602,6.030083055129342e-05,4.087252057884577e-06,4.8008818028840386e-12,3.4646635197440924e-07,0.9999955662768181,0.0445868552126393,0.0299,-0.0511,0.0121999999999999,0.0039,0.0851262401073733,0.0189035916824196,-0.0666666666666667,-0.1399999999999999,0.0066666666666665,Growth
1997-12-31,1.1185553982815062,-0.6719730248428294,-0.2698449988958488,-0.949129504220531,0.0510723476675055,3,0.9999927733626561,0.9999862170445607,9.50057958444901e-05,6.556318095467677e-06,5.170261802782514e-12,6.703141784835332e-07,0.9999927733626561,0.0157315971086944,0.0133,-0.0248,0.0374,0.0048,0.0828095798837402,0.016970458830924,-0.0666666666666667,-0.2033333333333334,0.0066666666666668,Growth
1998-01-31,1.176956440162025,-0.6957693551923124,-0.1322176851901246,-0.8710345132427938,0.3049664898076843,3,0.9999926630603967,0.9999862786777008,9.69112400191794e-05,6.384382695900905e-06,1.5156888937415644e-11,9.525418459569631e-07,0.9999926630603967,0.0101501774424079,0.0015,-0.0101,-0.0168,0.0043,0.0858347433946034,0.016311166875784,-0.0333333333333335,-0.1866666666666668,0.0366666666666667,Growth
1998-02-28,0.9631852012236822,-0.7646782443580034,0.0054096285156007,-0.4024645673763676,0.3895978705210756,3,0.9999629598221598,0.9999271036183032,0.0004202228785126262,3.5856203856636457e-05,2.357142969680416e-10,1.1837383258890962e-06,0.9999629598221598,0.0704491925363124,0.0703,0.0013,-0.0093,0.0039,0.074761431500077,0.0144020037570444,0.0,-0.0866666666666666,0.0466666666666665,Growth
1998-03-31,0.8395939031915685,-0.7875903781356732,0.0054096285156007,-0.0432276088787744,0.4460187909966698,3,0.9998850145668585,0.999771774664753,0.0011670493221640791,0.00011323990210551189,4.195040193205298e-09,1.7413361977410124e-06,0.9998850145668585,0.0499457143412205,0.0475999999999999,-0.0118999999999999,0.0138,0.0039,0.0683594243949319,0.0137672090112639,0.0,-0.0099999999999997,0.053333333333333,Growth
1998-04-30,0.886131852923459,-0.7653284289370025,-0.4074723126015729,0.3003903514232688,0.1074932681430997,3,0.9997999976591745,0.9996007293234926,0.0019083168686140528,0.00019926833568180327,4.946430882842335e-09,7.290584965387523e-07,0.9997999976591745,0.0090764692534603,0.0074,0.0006,0.0103,0.0043,0.0707700818569567,0.0143839899937459,-0.0999999999999999,0.0633333333333331,0.0133333333333333,Growth
1998-05-31,0.9077519358188793,-0.6750375791413645,-0.2698449988958476,0.2691523550321745,-0.0899799535214849,3,0.9962406087065572,0.9924841227692957,0.024766604366714236,0.003756485937261476,1.311075623123048e-09,2.9040451882247344e-06,0.9962406087065572,-0.0188262232614684,-0.0306999999999999,-0.034,0.0341,0.004,0.071889998279182,0.0168855534709193,-0.0666666666666664,0.0566666666666666,-0.01,Growth
1998-06-30,0.6895224944202923,-0.6987093375147504,-0.2698449988958488,-0.1525605962476087,-0.1181904137592819,3,0.9362261276478996,0.8724666152919589,0.23736267704492298,0.06375951235594067,1.321901932015421e-08,1.4346776956118039e-05,0.9362261276478996,0.0394382406350404,0.0319,-0.0317,-0.0203,0.0040999999999999,0.0605857522955968,0.0162297128589263,-0.0666666666666667,-0.0333333333333335,-0.0133333333333333,Growth
1998-07-31,0.4380343962901387,-0.6544350535645606,0.2806642559270502,-0.2931315800075347,-0.0053485728080911,3,0.6097381490746917,0.2195716492368227,0.6697545705783838,0.390166499837869,1.5084927855141258e-07,9.520023815167829e-05,0.6097381490746917,-0.0116153269173854,-0.0242,-0.0483,-0.0183,0.004,0.0475587138493274,0.0174563591022443,0.0666666666666667,-0.0633333333333331,0.0,Growth
1998-08-31,0.6522520800322104,-0.7008951266108209,0.1430369422213249,-0.3243695763986318,0.4178083307588752,3,0.6175460822813215,0.23529048289368,0.666960889600257,0.6175460822813215,1.6986482546931697e-06,0.00019661968294013,0.3822555993876415,-0.1457967182501138,-0.1605,-0.0547,0.0356999999999999,0.0043,0.0586551515047368,0.0161691542288557,0.0333333333333332,-0.0700000000000002,0.0500000000000001,Growth
1998-09-30,0.4559813866996457,-0.7695153030202571,0.1430369422213249,-0.4961785565496533,1.82833134264876,0,0.9858587906381201,0.9752528617370004,0.0825921017433586,0.9858587906381201,7.853698973333662e-05,0.010605928901119636,0.003456743470913838,0.062395515043411,0.0619,-0.0002,-0.0351,0.0046,0.0484883647385654,0.0142679900744417,0.0333333333333332,-0.1066666666666667,0.2166666666666667,Balanced
1998-10-31,0.4152395295125766,-0.7481228505935872,0.0054096285156007,0.1129623730767,2.7028556100204844,0,0.988388394469661,0.97764364373006,0.06636696578019972,0.988388394469661,0.0008666906787069219,0.010744750739600998,1.6411214263662577e-07,0.0802942285676289,0.0698,-0.0298,-0.0233,0.0032,0.0463779438323892,0.014860681114551,0.0,0.0233333333333334,0.3199999999999997,Balanced
1998-11-30,0.2422064287451851,-0.7487862741738804,-0.1322176851901234,-0.0276086106832272,1.9975941040755447,0,0.9986300020500267,0.9974765030761922,0.011006780254940726,0.9986300020500267,0.00021527599346103562,0.0011534989738345074,1.2229828458948222e-06,0.0591259962856813,0.0607,0.0126,-0.0324,0.0031,0.0374148601996702,0.0148423005565863,-0.0333333333333332,-0.0066666666666665,0.2366666666666666,Balanced
1998-12-31,0.2476286956238842,-0.7045020838954418,-0.2698449988958476,0.0973433748811542,0.8409652343258391,0,0.9998695987584384,0.9997564620655538,0.0013597385599503394,0.9998695987584384,8.194265349877799e-06,9.070283534203667e-06,0.00011313669288462161,0.056375287084956,0.0615,-0.0046,-0.0425,0.0038,0.037695732652959,0.0160692212608157,-0.0666666666666664,0.0200000000000004,0.0999999999999999,Balanced
1999-01-31,0.246375899756284,-0.6829380284984855,-0.2698449988958488,-0.293131580007536,-0.2310322547104703,0,0.9995663687125939,0.99913587292376,0.003811999603141209,0.9995663687125939,1.8027426273140458e-06,1.3327558453409053e-06,0.00043049578883376825,0.0410094408537484,0.0348,0.0067,-0.0446,0.0034999999999999,0.0376308380513699,0.0166666666666666,-0.0666666666666667,-0.0633333333333334,-0.0266666666666663,Balanced
1999-02-28,0.3356262085296393,-0.6829380284984855,0.0054096285156007,0.2222953604455316,-0.3438740956616637,0,0.999644878823984,0.9992933186549638,0.003198201406257757,0.999644878823984,1.7060248787048384e-06,1.8549820707305937e-06,0.0003515601690201245,-0.0322825623775913,-0.0408,-0.0602,0.0195,0.0034999999999999,0.0422539880627481,0.0166666666666666,0.0,0.0466666666666665,-0.04,Balanced
1999-03-31,0.3741836111977946,-0.6606579252850251,-0.2698449988958488,0.8314362900718836,-0.7952414594664271,0,0.999828175608529,0.9996614436890282,0.001686230509665437,0.999828175608529,6.44246982115473e-07,4.448224817022043e-06,0.00016673191950076954,0.0387942154089167,0.0348,-0.0384,-0.0260999999999999,0.0043,0.04425125461604,0.0172839506172839,-0.0666666666666667,0.1766666666666664,-0.0933333333333334,Balanced
1999-04-30,0.3514285405036239,-0.4611534745622868,0.0054096285156007,0.8001982936807893,-0.7670309992286275,0,0.9999274530064588,0.9998583393485261,0.0007781307337821075,0.9999274530064588,5.846710831449097e-08,3.3748683585428417e-06,6.911365793268731e-05,0.0379440275962774,0.0434,0.0389,0.024,0.0037,0.0430725460290948,0.0228113440197288,0.0,0.1699999999999999,-0.0899999999999998,Balanced
1999-05-31,0.34605147052983,-0.5297725957063322,-0.2698449988958488,0.7533412990941478,-0.5977682378018425,0,0.9998549492232371,0.9997125377360006,0.0014408713649577346,0.9998549492232371,1.6635050565085706e-07,2.4729390664907414e-06,0.00014241148723656132,-0.0249704807961751,-0.0246,0.0332,0.0249,0.0034,0.0427940147673862,0.0209102091020909,-0.0666666666666667,0.1600000000000001,-0.0699999999999999,Balanced
1999-06-30,0.4516536140191543,-0.5750410176048071,0.1430369422213249,0.8470552882674323,-0.5131368570884512,0,0.9997679570670602,0.9995419301390197,0.0022027324825162117,0.9997679570670602,2.1699265006724787e-07,5.799012447794566e-06,0.00022602692804047118,0.0544383311143248,0.0476999999999999,0.0323,-0.0322,0.004,0.0482641868887401,0.0196560196560195,0.0333333333333332,0.18,-0.0600000000000002,Balanced
1999-07-31,0.6473221910524165,-0.5104310528825113,0.0054096285156007,0.5502943225520305,-0.4002950161372604,0,0.9992778146299363,0.9985601538838824,0.005973979496285019,0.9992778146299363,2.1349544838789443e-07,4.3111286066903495e-06,0.0007176607460537929,-0.0320460923910916,-0.0349,0.0248,-0.0018,0.0038,0.0583997841384356,0.0214460784313725,0.0,0.1166666666666668,-0.0466666666666668,Balanced
1999-08-31,0.3132604483646127,-0.4672000890594761,0.0054096285156007,0.284771353227723,0.0792828079053026,0,0.9997511589209019,0.9995037793553057,0.0023232872750732518,0.9997511589209019,1.3721330632313026e-07,1.3243000191385957e-06,0.0002473795655962731,-0.006254091687235,-0.0137,-0.0095,-0.0192999999999999,0.0039,0.0410954456914942,0.0226438188494491,0.0,0.0600000000000002,0.01,Balanced
1999-09-30,0.2427798518827869,-0.3352457755985417,-0.1322176851901234,-0.1369415980520602,0.4460187909966723,0,0.9998336155554255,0.9996683615870786,0.0016210276815847237,0.9998336155554255,3.0868795317698064e-08,1.099607252906565e-06,0.00016525396834682853,-0.0285517924480246,-0.0277,0.0312,-0.0289999999999999,0.0039,0.0374445634155085,0.0262996941896025,-0.0333333333333332,-0.0299999999999999,0.0533333333333333,Balanced
1999-10-31,0.3499323434121762,-0.359584266974053,-0.2698449988958488,0.0192483839034142,0.3049664898076843,0,0.9995449514704188,0.9990911531424985,0.003965432653283186,0.9995449514704188,5.311443712951663e-08,1.1970874483110669e-06,0.00045379832792022813,0.0625395414523846,0.0608999999999999,-0.0694,-0.0288,0.0039,0.0429950432876991,0.0256253813300793,-0.0666666666666667,0.0033333333333332,0.0366666666666667,Balanced
1999-11-30,0.4628858650124687,-0.3387165435680588,-0.1322176851901246,-0.402464567376369,-0.2592427149482699,0,0.9991149401589543,0.9982313475954336,0.0071174764990199245,0.9991149401589543,2.002989836316713e-08,1.447247413952442e-06,0.0008835925635206998,0.0190618589692204,0.0341,0.0687,-0.0565,0.0036,0.0488460154787051,0.0262035344302256,-0.0333333333333335,-0.0866666666666668,-0.0299999999999999,Balanced
1999-12-31,0.5270396851890814,-0.318487581043291,-0.2698449988958488,-0.2462745854208931,-1.0491356016066058,0,0.9992475348877063,0.9984988141698244,0.0061878774445339796,0.9992475348877063,4.807705096798447e-08,3.6963173582916484e-06,0.0007487207178818847,0.0578438947399229,0.0766,0.0655999999999999,-0.0766,0.0044,0.0521691718750896,0.0267639902676399,-0.0666666666666667,-0.0533333333333333,-0.1233333333333333,Balanced
2000-01-31,0.411988681731858,-0.2764174567512748,-0.1322176851901234,0.1442003694677943,-1.6979761870759542,0,0.9999206888226503,0.9998528508659299,0.0008614074119673799,0.9999206888226503,7.474541718591391e-08,1.1398475105877519e-05,6.783795672039312e-05,-0.0509035487919006,-0.0474,0.0516,-0.0112,0.0040999999999999,0.0462095504995148,0.0279295689131755,-0.0333333333333332,0.0299999999999999,-0.2000000000000001,Balanced
2000-02-29,0.3526024978804127,-0.12301346741271,0.0054096285156007,0.0192483839034142,-0.9927146811310118,0,0.9998634379334712,0.9997299952928452,0.0013666704325687904,0.9998634379334712,1.9466112037464083e-09,3.1174794454860496e-06,0.00013344264062598623,-0.0201080832563569,0.0246,0.2125,-0.0977,0.0043,0.0431333568109784,0.0321797207043108,0.0,0.0033333333333332,-0.1166666666666668,Balanced
2000-03-31,0.3784631056742906,0.0733957665098518,0.0054096285156007,-0.7929395222650566,0.5588606319478632,0,0.9998293232856728,0.9996710163439761,0.0016957839159238326,0.9998293232856728,9.46897668167817e-12,1.2369763048788995e-05,0.00015830694169661496,0.0967198283536481,0.0521,-0.1741,0.085,0.0046999999999999,0.0444729316635441,0.037621359223301,0.0,-0.1700000000000002,0.0666666666666667,Balanced
2000-04-30,0.4519640701833305,-0.1966838410062009,-0.2698449988958488,-1.5738894320424304,2.0822254847889385,0,0.9994113280265627,0.998823063597785,0.004970205283039209,0.9994113280265627,3.845843328155276e-10,0.0005882644287777137,4.0715986489820685e-07,-0.0307957557801913,-0.0639,-0.06,0.0645,0.0046,0.0482802684624474,0.0301386377335743,-0.0666666666666667,-0.3366666666666666,0.2466666666666667,Balanced
2000-05-31,0.3792692664193179,-0.153852685923463,-0.1322176851901234,-0.496178556549652,1.9411731835999504,0,0.9998961415812035,0.9997939065692746,0.0010649411558528207,0.9998961415812035,1.54022424060514e-08,0.00010223501192893622,1.6080047585285994e-06,-0.0219150506034178,-0.0438999999999999,-0.0608,0.0458999999999999,0.005,0.044514690645768,0.0313253012048191,-0.0333333333333332,-0.1066666666666664,0.2300000000000001,Balanced
2000-06-30,0.4029791337682119,0.0635796466416186,0.0054096285156007,-0.2462745854208931,0.7563338536124504,0,0.9998479008221954,0.9997019409129411,0.0015149084322772463,0.9998479008221954,5.361956501904374e-11,6.139215039539755e-06,0.00014595990925431518,0.0239335496158772,0.0467999999999999,0.1271,-0.0803999999999999,0.004,0.0457428575284415,0.0373493975903613,0.0,-0.0533333333333333,0.0900000000000004,Balanced
2000-07-31,0.2476818475020408,0.0146149809877896,0.2806642559270502,-0.3712265709852733,-0.3156636354238666,0,0.9998001577464337,0.9996054458366084,0.0019259298113900973,0.9998001577464337,1.488379771857254e-10,5.130194796169842e-06,0.00019471190982533017,-0.0163412759041708,-0.0248,-0.0283999999999999,0.0806,0.0048,0.0376984859107289,0.0359928014397119,0.0666666666666667,-0.08,-0.0366666666666667,Balanced
2000-08-31,0.1132362290215256,-0.0748952117161081,0.1430369422213249,-1.4176994500869555,-0.0899799535214849,0,0.9999539194540344,0.9999160949175667,0.0005278629460948253,0.9999539194540344,6.798085706311622e-12,8.256002596946052e-06,3.782453646769604e-05,0.0606991049416709,0.0703,-0.005,-0.0137,0.005,0.0307342269501649,0.0335128665469777,0.0333333333333332,-0.3033333333333334,-0.01,Balanced
2000-09-30,0.2860909111992221,-0.0369212574927552,-0.132217685190124,-0.9491295042205296,0.4742292512344669,0,0.9999115750127041,0.9998266164133517,0.0009283487066116937,0.9999115750127041,3.491291979197971e-11,3.46635308473803e-06,8.495859935239235e-05,-0.0534829747197642,-0.0544,-0.0174,0.0724,0.0051,0.0396880685318892,0.0345649582836709,-0.0333333333333333,-0.2033333333333331,0.0566666666666663,Balanced
2000-10-31,-0.0333287968116175,-0.0391477528367775,-0.132217685190124,-0.714844531287318,0.8409652343258391,0,0.999980266599852,0.9999640783281758,0.00024280277056996425,0.999980266599852,1.8273505140478063e-10,3.5449459552678836e-06,1.6188271676122372e-05,-0.0049494854217706,-0.0278,-0.0385,0.0558,0.0056,0.0231421848590966,0.0345032718619868,-0.0333333333333333,-0.1533333333333333,0.0999999999999999,Balanced
2000-11-30,-0.1231149393127604,-0.0413663152995285,-0.2698449988958482,-0.293131580007536,0.3613874102832786,0,0.9999582702629191,0.999918427624996,0.00047023511608293433,0.9999582702629191,5.037789397435105e-10,1.886595604185597e-06,3.984263792297495e-05,-0.0800686101073089,-0.107,-0.0308,0.1224,0.0051,0.0184912787565769,0.0344418052256532,-0.0666666666666665,-0.0633333333333334,0.0433333333333333,Balanced
2000-12-31,-0.337277080931116,-0.0443121316501565,0.0054096285156007,-0.5117975547451992,0.6434920126612544,0,0.999908477964883,0.9998320637341911,0.000983583079154072,0.999908477964883,6.807456388674753e-10,7.641423069190475e-05,1.5107123510057782e-05,0.0040534456237286,0.0118,0.0081999999999999,0.0755,0.005,0.0073977181732294,0.0343601895734595,0.0,-0.1099999999999997,0.0766666666666665,Balanced
2001-01-31,-0.4033241728862423,0.0586222408312107,0.418291569632775,0.597151317138672,0.4742292512344694,0,0.9907247676289982,0.9815113950298937,0.05301554259226875,0.9907247676289982,4.41319003780051e-10,0.009213372599104434,6.185933059585526e-05,0.0346365766761644,0.0325,0.0641,-0.0504999999999999,0.0054,0.0039764906377679,0.0372120496160659,0.1,0.1266666666666666,0.0566666666666666,Balanced
2001-02-28,-0.5895207529522718,-0.0106031491746964,0.418291569632775,1.0501022648095495,0.5870710921856629,0,0.8619156320288897,0.7238816964868329,0.401920358962878,0.8619156320288897,3.3520855368881993e-10,0.13803393554205673,5.043209370332525e-05,-0.0922907353958596,-0.1003,-0.0065,0.1223,0.0038,-0.0056684588652845,0.0352941176470589,0.1,0.2233333333333333,0.0700000000000002,Balanced
2001-03-31,-0.6967508222598303,-0.2080200389484471,0.5559188833384993,1.5655292052626155,0.4742292512344719,2,0.6638023177984235,0.32761134055340685,0.6385604249776546,0.3361909772450166,4.92863833696592e-10,0.6638023177984235,6.704463827376585e-06,-0.0642047108033915,-0.0725,0.0026,0.0647,0.0042,-0.0112229572524915,0.0298245614035086,0.1333333333333333,0.333333333333333,0.0566666666666669,Inflationary Stress
2001-04-30,-0.8778176444835887,-0.1229108817807848,0.2806642559270502,1.971623158346852,0.4460187909966748,2,0.926183441747747,0.8523671615710815,0.2634049038061877,0.07381628017666549,1.1082069592915954e-13,0.926183441747747,2.780755473560542e-07,0.0768143616543945,0.0793,0.005,-0.0464,0.0039,-0.0206021862179592,0.032182562902282,0.0666666666666667,0.4199999999999999,0.0533333333333336,Inflationary Stress
2001-05-31,-1.0189305712937855,0.0015504695243428,0.1430369422213249,2.424574106017729,-0.2592427149482699,2,0.9975454202266926,0.9950908433233443,0.01720313968697351,0.00245457690334829,1.4727436014197134e-17,0.9975454202266926,2.8698924695683146e-09,0.0050901874012756,0.0068,0.0248,0.0338,0.0032,-0.0279118105560091,0.0356308411214953,0.0333333333333332,0.5166666666666666,-0.0299999999999999,Inflationary Stress
2001-06-30,-1.1253084132477351,-0.1316801437640895,0.2806642559270502,2.065337147520138,-0.7388205389908329,2,0.9998360385106068,0.9996720794346285,0.001593045809115051,0.00016395907597822692,9.686333824525816e-15,0.9998360385106068,2.413431281052065e-09,-0.0250353894275646,-0.0194,0.0635,-0.0126,0.0028,-0.0334221637189173,0.0319396051103368,0.0666666666666667,0.4400000000000001,-0.0866666666666668,Inflationary Stress
2001-07-31,-1.2085703503301748,-0.3022153151618362,0.280664255927049,0.7221033027030536,-0.5695577775640479,2,0.999565542813025,0.9991345036066963,0.0038176403818897114,0.0004310392063286713,1.7320610529563537e-11,0.999565542813025,3.417963374201414e-06,-0.0107401495954037,-0.0213,-0.0405,0.0495,0.003,-0.0377351171491129,0.0272148233931674,0.0666666666666664,0.1533333333333336,-0.066666666666667,Inflationary Stress
2001-08-31,-1.179229718317636,-0.3022153151618362,0.8311735107499494,-0.2462745854208924,0.5588606319478607,2,0.9999827784259195,0.9999661411681866,0.00020868232061386704,1.6637257732896697e-05,1.3104685381586042e-11,0.9999827784259195,5.843034278090313e-07,-0.0641084068807574,-0.064,0.0219,0.0286,0.0031,-0.0362152776652285,0.0272148233931674,0.2000000000000001,-0.0533333333333332,0.0666666666666664,Inflationary Stress
2001-09-30,-1.3585024786441964,-0.3488904902266522,0.6935461970442239,0.4721993315742925,1.7154895016975664,2,0.9999994193146317,0.9999988391069473,8.922645914361548e-06,5.802076843577693e-07,4.6702971425673163e-14,0.9999994193146317,4.775753304497486e-10,-0.0817234057056388,-0.0924,-0.0623,0.0152,0.0028,-0.0455015745457048,0.025921658986175,0.1666666666666666,0.1,0.2033333333333331,Inflationary Stress
2001-10-31,-1.3373334609293124,-0.5165483215213797,0.9688008244556736,1.0657212630050967,1.7154895016975689,2,0.9999999850829228,0.9999999701805086,2.8384723845996105e-07,1.4902414184688228e-08,1.4196481610663949e-14,0.9999999850829228,1.4641498273875765e-11,0.018099111333141,0.0248,0.0749,-0.0731,0.0022,-0.0444050232190538,0.0212765957446807,0.2333333333333334,0.2266666666666665,0.2033333333333334,Inflationary Stress
2001-11-30,-1.4540156478868729,-0.6007497717535385,0.8311735107499482,1.8310521745869253,0.7845443138502424,2,0.9999999739020499,0.9999999478421493,4.820899645610111e-07,2.605990054695619e-08,1.1723034625649674e-14,0.9999999739020499,3.8100993211018745e-11,0.0751759041240454,0.0753,-0.0056999999999999,0.0217,0.0017,-0.0504491396078312,0.0189437428243399,0.1999999999999998,0.3900000000000001,0.0933333333333331,Inflationary Stress
2001-12-31,-1.401865328099949,-0.7056775152833477,0.9688008244556736,2.049718149324589,-0.9645042208932072,2,0.9999999862357073,0.9999999725351123,2.6334113077353256e-07,1.3700594967064493e-08,5.457581374086725e-11,0.9999999862357073,9.064365342575182e-12,0.0075738340889277,0.0161,0.0472,0.0083,0.0015,-0.0477477623820274,0.0160366552119131,0.2333333333333334,0.4366666666666665,-0.1133333333333326,Inflationary Stress
2002-01-31,-1.1910233256655267,-0.852855535465815,0.5559188833384998,1.534291208871522,-1.4440820449357727,2,0.9985332196098063,0.9970676561695415,0.011045974580762525,0.0014655634402648305,1.187241084183316e-06,0.9985332196098063,2.9708980020748087e-08,-0.0155738324569798,-0.0144,0.0116999999999999,0.0342,0.0014,-0.0368261844138321,0.0119589977220957,0.1333333333333334,0.3266666666666666,-0.1699999999999999,Inflationary Stress
2002-02-28,-1.066960343397274,-0.874344369741375,0.2806642559270502,0.6440083117253149,-0.5131368570884488,2,0.5304755267847643,0.06123378731126411,0.6938321523487898,0.4692417394735002,7.59586648840551e-05,0.5304755267847643,0.00020677507686270584,-0.0207662110397276,-0.023,-0.0108,0.0233999999999999,0.0013,-0.0303997441497249,0.0113636363636364,0.0666666666666667,0.1366666666666667,-0.0599999999999999,Inflationary Stress
2002-03-31,-0.892735021855615,-0.792592573956204,0.0054096285156007,0.144200369467795,-0.3720845558994658,0,0.9665784914458341,0.9336956656562648,0.14957032910657372,0.9665784914458341,0.00024339817748434645,0.03288282578956924,0.00029528458691817334,0.0367388928620746,0.0424,0.0409,0.0108,0.0013,-0.0213749036944035,0.0136286201022146,0.0,0.0300000000000001,-0.0433333333333338,Balanced
2002-04-30,-0.7320863080611033,-0.6911225562095485,0.2806642559270502,0.1754383658588894,-0.0335590330458907,0,0.9982706646983276,0.9967388911579718,0.013432830164931304,0.9982706646983276,0.0001627601551289159,0.0015317735403557868,3.4801606302353634e-05,-0.061417625919219,-0.0521,0.0582,0.0401,0.0015,-0.0130533290890647,0.0164399092970521,0.0666666666666667,0.0366666666666666,-0.0033333333333335,Balanced
2002-05-31,-0.5637373865667644,-0.8366368115801662,0.1430369422213249,0.3784853424010067,-0.146400873997079,0,0.999833377832635,0.9997326280736476,0.0017694894729522873,0.999833377832635,0.00010074975898743866,4.45313636299608e-05,2.1341044862374088e-05,-0.009081481352177,-0.0136,-0.0327,0.0152,0.0014,-0.0043328851038398,0.0124083474337279,0.0333333333333332,0.0799999999999999,-0.0166666666666666,Balanced
2002-06-30,-0.3023080213653125,-0.8985798378222151,0.1430369422213249,-0.402464567376369,0.5306501717100687,0,0.9999160901693086,0.9998692909201196,0.0009494843808772687,0.9999160901693086,4.6799249189002424e-05,8.878597383816172e-06,2.8231983910017762e-05,-0.0724553538081798,-0.0723,0.0408,0.0037,0.0013,0.0092091091964254,0.0106921778277997,0.0333333333333332,-0.0866666666666668,0.0633333333333337,Balanced
2002-07-31,-0.1830437798603689,-0.755505354522932,-0.1322176851901246,-0.8241775186561494,1.2077012174172113,0,0.9999798753484856,0.9999690901470935,0.0002581065544074768,0.9999798753484856,4.864180008449061e-06,1.07852013922193e-05,4.47526992974836e-06,-0.0790042751494076,-0.0819,-0.0525,-0.0351,0.0015,0.0153869755483591,0.0146561443066515,-0.0333333333333335,-0.1766666666666664,0.1433333333333335,Balanced
2002-08-31,-0.1823128802917017,-0.6537754582269814,-0.1322176851901234,-1.2302714717403862,1.0948593764660204,0,0.9999833115435751,0.9999697046434672,0.00020900122585063786,0.9999833115435751,2.0111801860847303e-07,1.360690010790146e-05,2.880438275199994e-06,0.0048814333064943,0.005,-0.0279999999999999,0.0301,0.0014,0.0154248360151254,0.0174746335963922,-0.0333333333333332,-0.2633333333333335,0.1300000000000002,Balanced
2002-09-30,-0.0657910799628628,-0.7373184937814107,-0.1322176851901234,-1.5426514356513346,1.4333848993195903,0,0.9999404904228657,0.9998819476072002,0.0006437419672778603,0.9999404904228657,9.090644772479655e-08,5.8542815665508155e-05,8.758552318683949e-07,-0.1100243182524278,-0.1033999999999999,0.0242,0.0126,0.0014,0.0214606444052574,0.0151600224592927,-0.0333333333333332,-0.3299999999999998,0.1699999999999999,Balanced
2002-10-31,-0.0527644297887668,-0.5528703989280251,-0.1322176851901234,-0.9491295042205316,1.5180162800329855,0,0.9999815782776453,0.9999647835343748,0.0002256962808091915,0.9999815782776453,4.30610170216987e-07,1.679474327057336e-05,1.196368705846268e-06,0.086448800333714,0.0784,-0.034,-0.0375999999999999,0.0014,0.0221354225514431,0.0202702702702701,-0.0333333333333332,-0.2033333333333336,0.1800000000000001,Balanced
2002-11-30,0.1785031007559149,-0.4711201458353206,0.2806642559270502,0.2847713532277223,0.6999129331368512,0,0.9999714508031418,0.9999481634033914,0.0003425114015705241,0.9999714508031418,4.7043705662713227e-07,4.791359955539049e-06,2.3287399750349117e-05,0.0570696207049858,0.0596,0.0326,-0.0116,0.0012,0.0341150392179152,0.0225352112676056,0.0666666666666667,0.06,0.0833333333333333,Balanced
2002-12-31,0.0759719669565987,-0.3892777278575051,0.4182915696327744,0.9407692774407174,-0.3156636354238666,0,0.9999718776246413,0.9999557966694597,0.000342352040338338,0.9999718776246413,5.207370492144472e-08,1.1989346528219468e-05,1.6080955181655307e-05,-0.0603325718850288,-0.0576,-0.0004,0.0210999999999999,0.0011,0.0288039448485426,0.0248027057497182,0.0999999999999999,0.2,-0.0366666666666667,Balanced
2003-01-31,0.1127956791388957,-0.2892309260753967,0.1430369422213249,0.8158172918763372,-1.38766112446018,0,0.9999843466500412,0.9999734354063148,0.0001985794843713206,0.9999843466500412,1.9004596689355316e-08,1.091124372638318e-05,4.723101505088449e-06,-0.0274146926830446,-0.0256999999999999,0.0134,-0.0079,0.001,0.030711406545139,0.0275745638716939,0.0333333333333332,0.1733333333333333,-0.1633333333333335,Balanced
2003-02-28,0.1341416519179692,-0.1489665660905351,0.0054096285156007,-0.1369415980520602,-1.161977442557798,0,0.9999661519599284,0.9999352692501824,0.0003923481254417461,0.9999661519599284,3.896979430500675e-09,2.9614333413347943e-06,3.08827097461023e-05,-0.0170036082568717,-0.0187999999999999,-0.0044,-0.0136,0.0009,0.0318171241124256,0.0314606741573033,0.0,-0.0299999999999999,-0.1366666666666668,Balanced
2003-03-31,-0.0609881400467708,-0.1925885300442913,-0.1322176851901234,-0.2462745854208931,-0.7952414594664259,0,0.9999654060933872,0.999932233989339,0.0003959048351971885,0.9999654060933872,5.942941143264e-09,1.4158595689932272e-06,3.317210404834514e-05,0.0083575676843328,0.0109,0.0116999999999999,-0.0210999999999999,0.001,0.0217094358327931,0.0302521008403362,-0.0333333333333332,-0.0533333333333333,-0.0933333333333332,Balanced
2003-04-30,-0.2737552252413263,-0.4994160851858433,0.2806642559270502,-0.0744656052698701,-1.161977442557797,0,0.9999785120092788,0.9999690112068319,0.00027397426804207624,0.9999785120092788,3.035560545515632e-06,8.95162769335704e-06,9.50080244692244e-06,0.0810441071800323,0.0818,0.0076,0.0121999999999999,0.001,0.0106881389223696,0.0217512548800891,0.0666666666666667,-0.0166666666666666,-0.1366666666666667,Balanced
2003-05-31,-0.3571324356907492,-0.6008305729235357,0.280664255927049,-0.3556075727897254,-0.9927146811310092,0,0.9999670552526314,0.9999536115344433,0.00040855567023456024,0.9999670552526314,8.37995731812805e-06,1.112107188728582e-05,1.3443718188092318e-05,0.0508987096095225,0.0605,0.0461,0.0069999999999999,0.0009,0.0063692143524076,0.018941504178273,0.0666666666666664,-0.0766666666666666,-0.1166666666666665,Balanced
2003-06-30,-0.4914558516743045,-0.5811144833002231,0.5559188833384987,-0.4180835655719155,-0.7952414594664259,0,0.9998713441427935,0.9998065652355134,0.0014122196036219568,0.9998713441427935,4.068309769825042e-05,6.47789072802334e-05,2.3193852243306877e-05,0.0113222146768521,0.0141999999999999,0.017,0.0014,0.001,-0.000588714540698,0.0194877505567929,0.1333333333333331,-0.09,-0.0933333333333332,Balanced
2003-07-31,-0.3860741532551234,-0.5425733782536977,0.2806642559270502,0.3941043405965546,-0.7106100787530321,0,0.9999772913406597,0.9999672744874061,0.00028884285129918846,0.9999772913406597,3.7847753789693572e-06,8.907030686849888e-06,1.0016853253612547e-05,0.0162237019585365,0.0233,0.0493,-0.0153,0.0007,0.0048700385655,0.0205555555555554,0.0666666666666667,0.0833333333333333,-0.0833333333333331,Balanced
2003-08-31,-0.4068783101771444,-0.4846389381249571,0.0054096285156007,1.565529205262617,-0.7106100787530346,0,0.9999747264279579,0.9999499832422154,0.000295426524257582,0.9999747264279579,7.49938780665918e-09,2.4743185742567082e-05,5.228867105582411e-07,0.0178732035934878,0.0233,0.0243999999999999,0.0163999999999999,0.0007,0.0037923869625795,0.0221606648199446,0.0,0.3333333333333333,-0.0833333333333334,Balanced
2003-09-30,-0.298482124133671,-0.4260760421150077,-0.2698449988958488,1.4405772196982365,-0.9645042208932122,0,0.9999830249857173,0.9999671462839315,0.00020753805985617582,0.9999830249857173,8.50182045668598e-09,1.5878701785868824e-05,1.08781087436786e-06,-0.0119443645855257,-0.0124,0.0085,0.0014,0.0008,0.0094072899878769,0.0237831858407078,-0.0666666666666667,0.3066666666666665,-0.1133333333333332,Balanced
2003-10-31,-0.2337629903346498,-0.5474868049888412,-0.2698449988958488,0.4565803333787447,-0.5695577775640441,0,0.9999730103881764,0.999948805180734,0.0003216953653259029,0.9999730103881764,9.926690838858646e-07,1.7917350953496248e-06,2.4205207442420805e-05,0.0549614866357166,0.0608,0.0259,0.0220999999999999,0.0007,0.0127597295286649,0.0204194260485652,-0.0666666666666667,0.0966666666666666,-0.0666666666666665,Balanced
2003-11-30,-0.2123225781212063,-0.5884777561967918,-0.4074723126015729,-0.1994175908342509,-0.5695577775640429,0,0.9999115904345516,0.9998280136074177,0.0009355190664665102,0.9999115904345516,3.0243043276509805e-06,1.8084340197503884e-06,8.357682713385467e-05,0.0071285040713728,0.0135,0.0206,0.0172,0.0007,0.0138703390417396,0.0192837465564739,-0.0999999999999999,-0.0433333333333334,-0.0666666666666664,Balanced
2003-12-31,-0.0970413898210645,-0.549919194461699,-0.5450996263072971,0.0661053784900571,-0.5413473173262483,0,0.9998363886478181,0.9996781980671883,0.0016174338326564225,0.9998363886478181,3.1972969693173745e-06,2.223474608749578e-06,0.00015819058062977213,0.050765540778892,0.0429,-0.0268,0.0151,0.0008,0.0198418839509557,0.0203520352035202,-0.1333333333333331,0.0133333333333333,-0.0633333333333334,Balanced
2004-01-31,-0.2336885003359973,-0.5531375148156913,-0.4074723126015729,-0.1525605962476073,-0.4285054763750575,0,0.9999102248594353,0.9998241422016821,0.0009442421031135461,0.9999102248594353,2.0797055298391257e-06,1.6127772713807835e-06,8.608265775316813e-05,0.0172763869507552,0.0215,0.0254,0.0242,0.0007,0.0127635880972554,0.02026286966046,-0.0999999999999999,-0.0333333333333332,-0.0500000000000001,Balanced
2004-02-29,-0.1390875813992145,-0.675074462658444,-0.2698449988958488,-0.3399885745941775,-0.4849263968506542,0,0.9999178864791276,0.9998402496627309,0.0008748080927262863,0.9999178864791276,2.9888031418284456e-06,1.487901451831184e-06,7.763681639667693e-05,0.0122089737376105,0.0139999999999999,-0.0157,0.0095,0.0006,0.0176638987569037,0.0168845315904138,-0.0666666666666667,-0.0733333333333332,-0.0566666666666669,Balanced
2004-03-31,-0.1661174010353611,-0.6564417882984688,0.1430369422213249,-0.7460825276784122,-0.146400873997079,0,0.9999589946013732,0.9999217611176431,0.0004698731337256438,0.9999589946013732,8.781676936760534e-07,2.893747417611332e-06,3.723348373011298e-05,-0.0163589196178668,-0.0132,0.0173,0.0023,0.0009,0.0162637589402927,0.017400761283306,0.0333333333333332,-0.1599999999999998,-0.0166666666666666,Balanced
2004-04-30,0.0247611114014059,-0.4570236194956351,-0.1322176851901246,0.2222953604455309,-0.5131368570884488,0,0.9999544055375712,0.9999099633284876,0.0005072262575786916,0.9999544055375712,1.84914238834433e-07,9.67339162252691e-07,4.444220908365877e-05,-0.0167907519603481,-0.0181,-0.0173,-0.0323,0.0008,0.0261512317017018,0.0229257641921398,-0.0333333333333335,0.0466666666666664,-0.0599999999999999,Balanced
2004-05-31,0.1733060126788623,-0.2385906665972668,0.0054096285156007,0.8626742864629794,-0.4567159366128521,0,0.9999749038677244,0.9999521236201917,0.00029867289510074866,0.9999749038677244,1.8016051197345353e-09,2.314083057205998e-06,2.2780247532672194e-05,0.0120834500973541,0.0118,-0.0023,-0.0018,0.0006,0.0338458309862264,0.0289775833788954,0.0,0.1833333333333332,-0.053333333333333,Balanced
2004-06-30,-0.0076891566956485,-0.1411701227787549,-0.2698449988958488,0.8939122828540751,-0.6541891582774392,0,0.9999799997630457,0.9999627974672419,0.00024449943271314214,0.9999799997630457,6.319670014973726e-10,2.7973093960945777e-06,1.720229580384329e-05,0.0179889987714325,0.0185,0.0225,0.0121,0.0008,0.0244703136255179,0.0316766794101583,-0.0666666666666667,0.19,-0.0766666666666668,Balanced
2004-07-31,0.0382229852260051,-0.2234973154723331,-0.1322176851901234,-0.3712265709852725,0.0228618874297059,0,0.9999424492597512,0.9998858021805597,0.0006240865110569875,0.9999424492597512,4.4815550222041345e-09,8.991792933222075e-07,5.664707919150457e-05,-0.0342905195200262,-0.0404,-0.0375999999999999,0.0322,0.001,0.0268485543550431,0.0293957539466522,-0.0333333333333332,-0.0799999999999999,0.0033333333333332,Balanced
2004-08-31,0.094902134669588,-0.3650389948430413,-0.2698449988958476,-1.4020804518914072,0.4178083307588727,0,0.9999716184809972,0.9999474807367751,0.0003375100794628688,0.9999716184809972,7.415108238579927e-10,4.243033396860806e-06,2.413774422219997e-05,0.0022873503233691,0.0007,-0.0152,0.0108,0.0011,0.0297845241460321,0.0254742547425472,-0.0666666666666664,-0.2999999999999998,0.0499999999999998,Balanced
2004-09-30,-0.0073469769279322,-0.3680194221377488,-0.2698449988958476,-1.5270324374557889,0.2485455693320877,0,0.9999788331131771,0.9999627323743958,0.0002606398488754831,0.9999788331131771,3.664218600157986e-10,5.065781452616993e-06,1.610073878134118e-05,0.0093638755268388,0.016,0.0301,-0.0005,0.0011,0.0244880384762076,0.0253916801728795,-0.0666666666666664,-0.3266666666666668,0.0299999999999999,Balanced
2004-10-31,0.1368513235086201,-0.1327797416315928,0.0054096285156007,-1.2927474645225756,-0.0335590330458882,0,0.9999598811081065,0.9999236872244592,0.0004591186211573645,0.9999598811081065,2.884085054380775e-11,3.924979273098509e-06,3.61938836472721e-05,0.0140142436909398,0.0141999999999999,0.0013,-0.0026,0.0011,0.0319574846155692,0.0319091400757165,0.0,-0.2766666666666666,-0.0033333333333332,Balanced
2004-11-30,0.0533099015309931,0.0226788619212657,0.0054096285156007,-1.0584624915893626,-0.4849263968506516,0,0.9999419514297633,0.9998880568633204,0.0006392228009162709,0.9999419514297633,8.557699875197493e-12,4.153995430479676e-06,5.3894566442871404e-05,0.0385949362959705,0.0453,0.0374,0.0157,0.0015,0.0276300539178535,0.036216216216216,0.0,-0.2266666666666665,-0.0566666666666666,Balanced
2004-12-31,0.2054622954927316,-0.0781323156609034,0.0054096285156007,-0.6836065348962223,-0.6259786980396396,0,0.9998868224756162,0.999775966391888,0.001152887201440787,0.9998868224756162,2.079273013736976e-10,2.3212325346553417e-06,0.0001108560837282328,0.0324582128432051,0.0342,-0.0003,-0.0023,0.0016,0.0355115206773886,0.0334231805929918,0.0,-0.1466666666666665,-0.0733333333333332,Balanced
2005-01-31,0.246874817150013,-0.2576786671633401,-0.2698449988958488,-0.6992255330917707,-0.8798728401798209,0,0.9998579772935697,0.9997181363159952,0.0014115791898942926,0.9998579772935697,5.358226556543211e-09,2.1763708564440373e-06,0.00013984097757453707,-0.025290467442294,-0.0275,-0.0166,0.0206,0.0016,0.0376566818830181,0.028448738593666,-0.0666666666666667,-0.15,-0.1033333333333335,Balanced
2005-02-28,0.2712995505265961,-0.1825486295464004,0.0054096285156007,-0.7617015258739616,-1.0209251413688063,0,0.9998980358068665,0.9997997479594404,0.0010549370660399833,0.9998980358068665,1.3274357858485091e-09,3.6750181513399574e-06,9.828784742614307e-05,0.0189033461321133,0.0187999999999999,-0.0056999999999999,0.0141,0.0016,0.0389218786979066,0.0305302624531333,0.0,-0.1633333333333335,-0.1199999999999998,Balanced
2005-03-31,0.3246519413642972,-0.1270309957278258,-0.2698449988958488,-0.433702563767464,-1.0209251413688087,0,0.9997641141411808,0.9995311301437284,0.0022216753135775886,0.9997641141411808,1.6446126697837486e-09,2.900216967351715e-06,0.00023298399745237731,-0.0191176555602896,-0.0194,-0.0141,0.0207,0.0021,0.0416855229888719,0.0320684126135757,-0.0666666666666667,-0.0933333333333335,-0.1200000000000001,Balanced
2005-04-30,0.2933592026251962,-0.0711030916943161,-0.1322176851901234,-0.5117975547451998,-0.2592427149482699,0,0.9997137340570531,0.9994290181486768,0.002631388391429088,0.9997137340570531,2.3055686547742324e-10,1.549803790811699e-06,0.00028471590837635,-0.0201085820832634,-0.0260999999999999,-0.0393,0.0005,0.0021,0.0400645647261379,0.0336179295624332,-0.0333333333333332,-0.1099999999999998,-0.0299999999999999,Balanced
2005-05-31,0.1673013522102363,-0.2488666871463669,-0.4074723126015742,-0.5117975547452006,0.6152815524234574,0,0.9998638834869217,0.9997297812283921,0.001358372442783318,0.9998638834869217,1.1375774737610423e-08,2.002878827432553e-06,0.0001341022585296261,0.0299520466312086,0.0365,0.0286,-0.0058,0.0024,0.0335347906492753,0.0286928799149841,-0.1000000000000002,-0.11,0.0733333333333332,Balanced
2005-06-30,0.4146437698597905,-0.3673484458184873,-0.2698449988958488,-1.1365574825671003,0.8409652343258417,0,0.9999017092314537,0.9998097302908932,0.0010287436495937865,0.9999017092314537,4.610004500011086e-09,6.307218080120528e-06,9.197894056052646e-05,-0.0001427141798677,0.0058,0.0256,0.0279999999999999,0.0023,0.0463470835890644,0.0254102699841185,-0.0666666666666667,-0.2433333333333333,0.1000000000000002,Balanced
2005-07-31,0.2013497845158506,-0.1774471410489757,-0.2698449988958488,-0.933510506024984,0.1639141886186964,0,0.9998409795875154,0.99968388282621,0.0015602849396639845,0.9998409795875154,4.392339972142211e-10,1.9232117983773675e-06,0.00015709676130535398,0.0359682869036184,0.0392,0.0287,-0.0078,0.0024,0.0352984933452609,0.0306716023268112,-0.0666666666666667,-0.2000000000000001,0.0200000000000001,Balanced
2005-08-31,0.2530381395720716,0.0318152191992394,-0.2698449988958476,-0.746082527678413,-0.4849263968506516,0,0.9996687695947926,0.9993403678610958,0.003001514066246341,0.9996687695947926,2.6493771175118255e-11,2.828644950477779e-06,0.00032840173369670504,-0.0112221045986,-0.012,-0.0107,0.0134,0.003,0.0379759408807436,0.0364693446088795,-0.0666666666666664,-0.16,-0.0566666666666666,Balanced
2005-09-30,-0.1601194817084589,0.4270055327477657,0.0054096285156007,-0.3868455691808197,-0.0899799535214849,0,0.9997547445467266,0.9995227331031961,0.002335621333618908,0.9997547445467266,2.6408725637508137e-14,1.3244009732934098e-05,0.0002320114435306307,0.0069490243167336,0.0048,-0.0062,0.0078,0.0029,0.0165744500873097,0.047418335089568,0.0,-0.0833333333333331,-0.01,Balanced
2005-10-31,-0.0899521856585389,0.2856158923280993,0.0054096285156007,-0.3243695763986297,0.192124648856491,0,0.9998819130930162,0.9997696718658008,0.0012093375268939503,0.9998819130930162,5.874624406414319e-13,5.845679195814454e-06,0.00011224122721539126,-0.0177407799323134,-0.0204,-0.013,0.0043,0.0027,0.020209103457029,0.0435010482180293,0.0,-0.0699999999999998,0.0233333333333331,Balanced
2005-11-30,0.0820873999150125,-0.0794924161114269,0.1430369422213249,-0.2462745854208924,0.4178083307588727,0,0.999947572724179,0.9998974510879134,0.0005786174807620001,0.999947572724179,7.548880591467214e-10,2.304884780440803e-06,5.012163626565934e-05,0.0351860965190933,0.0361,0.0105,-0.0118999999999999,0.0031,0.0291207231806274,0.0333854981742305,0.0333333333333332,-0.0533333333333332,0.0499999999999998,Balanced
2005-12-31,0.0268430115612166,-0.0794924161114269,-0.1322176851901234,-0.3087505782030839,0.0510723476675055,0,0.9999180006545441,0.99983713844741,0.0008595098537021168,0.9999180006545441,5.010861157623808e-10,1.1366372170421406e-06,8.086220713404902e-05,-0.0009523493171964,-0.0024,-0.0044,0.0015,0.0032,0.0262590737571501,0.0333854981742305,-0.0333333333333332,-0.0666666666666668,0.0066666666666668,Balanced
2006-01-31,-0.0130079394284313,0.1660315828836679,-0.4074723126015729,-0.8866535114383409,-0.0617694932836853,0,0.9998121571225366,0.9996296482276782,0.0018237537947880175,0.9998121571225366,2.2736054880682124e-12,5.3339801268062595e-06,0.0001825088948583696,0.025466771341108,0.0302999999999999,0.0546,0.0098999999999999,0.0034999999999999,0.0241948016324555,0.0401878914405011,-0.0999999999999999,-0.19,-0.0066666666666665,Balanced
2006-02-28,-0.1472254001043929,0.0286819832860587,-0.2698449988958488,-0.8085585204606024,-0.4285054763750575,0,0.9999244224153223,0.9998517511532831,0.0008051523003849671,0.9999244224153223,3.9854993399345736e-11,2.906282671535214e-06,7.267126203922689e-05,0.0004531577283561,-0.003,-0.0040999999999999,-0.0031,0.0034,0.0172423612053085,0.0363825363825363,-0.0666666666666667,-0.1733333333333332,-0.0500000000000001,Balanced
2006-03-31,-0.0763167302894154,-0.0508453851308469,-0.2698449988958488,-0.5742735475273899,-0.4567159366128545,0,0.9999269546537402,0.9998556193589827,0.0007768711849784777,0.9999269546537402,2.947965336970012e-10,1.7097568875829771e-06,7.13352947574713e-05,0.0110958104088896,0.0147,0.0339,0.0060999999999999,0.0037,0.0209154176032915,0.034179181771103,-0.0666666666666667,-0.1233333333333332,-0.0533333333333333,Balanced
2006-04-30,-0.0589281555150163,0.0198686759132573,0.0054096285156007,0.3316283478143659,-0.3720845558994632,0,0.9999580660580688,0.9999182044556534,0.0004728566037380752,0.9999580660580688,1.1914589462264035e-10,2.072220529664655e-06,3.9861602415402396e-05,0.0121556529178441,0.0073,-0.0138,0.0226,0.0036,0.0218161426626328,0.0361383582860093,0.0,0.0700000000000002,-0.0433333333333335,Balanced
2006-05-31,-0.0716594292226538,0.1510467440598468,-0.2698449988958488,0.3941043405965546,-0.1746113342348761,0,0.9999209468858883,0.9998447778639923,0.0008381174729019648,0.9999209468858883,1.086307129439647e-11,2.884081398971353e-06,7.616902189594884e-05,-0.0309169165382031,-0.0356,-0.0301,0.0237999999999999,0.0043,0.0211566649645131,0.0397727272727272,-0.0666666666666667,0.0833333333333333,-0.0199999999999998,Balanced
2006-06-30,-0.0977845912227013,0.2248410245264956,-0.1322176851901246,0.1754383658588901,-0.0617694932836878,0,0.9999095406800387,0.9998225004202504,0.0009472396061753171,0.9999095406800387,2.6021265395858918e-12,3.419057540864557e-06,8.704025978824031e-05,8.659650459597046e-05,-0.0034999999999999,-0.0034999999999999,0.0085,0.004,0.0198033862514446,0.0418172431595251,-0.0333333333333335,0.0366666666666667,-0.0066666666666668,Balanced
2006-07-31,-0.045371687582241,0.1970288802046526,0.0054096285156007,-0.3868455691808218,-0.0617694932836853,0,0.9998976700454628,0.9997988523278625,0.001057755927379544,0.9998976700454628,2.8941987152173974e-12,3.5122341920327204e-06,9.881771760037231e-05,0.0050858788034533,-0.0077,-0.0395,0.0262,0.004,0.0225183652738376,0.0410466906105695,0.0,-0.0833333333333336,-0.0066666666666665,Balanced
2006-08-31,-0.0231449834290046,0.1327455258125048,0.1430369422213261,-0.7304635294828664,0.1921246488564935,0,0.9999116463244274,0.9998286756954866,0.0009333353338291996,0.9999116463244274,5.5595918416661166e-12,5.383041217310432e-06,8.297062894082928e-05,0.0212741931150264,0.0203,0.0098999999999999,-0.0195,0.0042,0.0236697045685831,0.0392656807751148,0.0333333333333335,-0.1566666666666668,0.0233333333333334,Balanced
2006-09-30,0.3337977673091673,-0.5582680747024531,-0.1322176851901234,-0.6367495403095806,0.1074932681430997,0,0.9996931148682636,0.9993878732414094,0.0028000324704032767,0.9996931148682636,1.7401473981580471e-07,1.4694900767306272e-06,0.0003052416268542366,0.0245662979677823,0.0184,-0.013,0.0006,0.0040999999999999,0.0421592751349677,0.0201207243460763,-0.0333333333333332,-0.1366666666666667,0.0133333333333333,Balanced
2006-10-31,0.0697379865791785,-0.7769038882088813,-0.4074723126015729,-0.5117975547451992,0.051072347667503,0,0.9996406160482656,0.9992884534444446,0.0032494061152325083,0.9996406160482656,5.062146365217271e-06,2.1592015436891627e-06,0.00035216260382101293,0.0315080035853956,0.0322,0.0177,-0.0033,0.0040999999999999,0.028481025781383,0.0140632847815169,-0.0999999999999999,-0.1099999999999997,0.0066666666666665,Balanced
2006-11-30,-0.1592080876542012,-0.5739218546226312,-0.2698449988958488,-0.402464567376369,-0.3156636354238641,0,0.9999084346718966,0.9998189725463851,0.0009544277095580732,0.9999084346718966,8.960751816141316e-07,1.2071274676018138e-06,8.946212551151555e-05,0.0164666563430959,0.017,0.0063,0.0004,0.0042,0.0166216601361064,0.0196870267541646,-0.0666666666666667,-0.0866666666666668,-0.0366666666666664,Balanced
2006-12-31,-0.0610286971082283,-0.3735021477756757,-0.1322176851901234,-0.3087505782030832,-0.146400873997079,0,0.9999494272147845,0.9998997326225734,0.0005554719647345015,0.9999494272147845,5.2741789603598145e-08,8.254513803781275e-07,4.969459221116581e-05,0.0126157828146704,0.0085,-0.0116,0.0274,0.004,0.0217073349842726,0.0252397778899544,-0.0333333333333332,-0.0666666666666667,-0.0166666666666666,Balanced
2007-01-31,-0.158725531412877,-0.5352789641308758,0.280664255927049,-0.0432276088787771,-0.3156636354238641,0,0.9999622216552171,0.9999288318594313,0.0004388567499635809,0.9999622216552171,1.4472275161515644e-06,2.9413216637040034e-06,3.338979578580808e-05,0.0140590430231779,0.0138,0.0009,-0.0068,0.0044,0.0166466564629901,0.0207576517812342,0.0666666666666664,-0.0100000000000003,-0.0366666666666664,Balanced
2007-02-28,0.0178576302980161,-0.4109375227081832,0.0054096285156007,0.05048638029451,-0.1181904137592819,0,0.9999554053386628,0.9999118118146606,0.0004964497443427003,0.9999554053386628,9.799597413923883e-08,9.03141308557263e-07,4.359352400220097e-05,-0.0218461759919443,-0.0196,0.0123,-0.0008,0.0038,0.0257936326168322,0.0242026078234702,0.0,0.01,-0.0133333333333333,Balanced
2007-03-31,0.0084831287568559,-0.2745259973047899,0.0054096285156007,-0.1369415980520615,0.1357037283808968,0,0.9999590343419342,0.9999190516793723,0.00045954357999877034,0.9999590343419342,1.4210701084377858e-08,9.687848429236592e-07,3.998266256189652e-05,0.0099799829392064,0.0070999999999999,0.0009,-0.0088,0.0043,0.0253080351158001,0.0279819729594392,0.0,-0.0300000000000002,0.0166666666666666,Balanced
2007-04-30,0.0812243870855085,-0.3486165873645117,-0.1322176851901234,0.0661053784900585,0.3331769500454789,0,0.9999559132307336,0.999912761434166,0.0004909458977748751,0.9999559132307336,4.175690660700397e-08,8.932158615018865e-07,4.315179656762329e-05,0.0432906904267598,0.0349,-0.0220999999999999,-0.0144,0.0044,0.0290760192706087,0.0259292476332835,-0.0333333333333332,0.0133333333333336,0.0399999999999997,Balanced
2007-05-31,0.0951716583944108,-0.3064009637583668,-0.1322176851901234,0.5190563261609348,0.2203351090942881,0,0.9999693201843628,0.9999397988726452,0.00035450479227434087,0.9999693201843628,1.3055865246953016e-08,1.1454478795053206e-06,2.9521311717669242e-05,0.0325492287073616,0.0323,0.0016,-0.0059,0.0040999999999999,0.0297984854267112,0.0270988574267261,-0.0333333333333332,0.11,0.0266666666666663,Balanced
2007-06-30,0.0438560195012615,-0.3125804436249322,0.280664255927049,1.3624822287204998,-0.3156636354238641,0,0.9999829137054788,0.9999696908424834,0.00021379058796548484,0.9999829137054788,1.2057139120461324e-09,1.3222862995297084e-05,3.8622260189277715e-06,-0.017816322547885,-0.0196,0.0073,-0.0105,0.004,0.027140344521729,0.0269276511397422,0.0666666666666664,0.29,-0.0366666666666664,Balanced
2007-07-31,0.030228042376658,-0.4478867828868473,0.2806642559270502,0.5659133207475763,-0.1464008739970765,0,0.9999730391388022,0.9999495826297368,0.0003217393788540643,0.9999730391388022,1.780760865162468e-07,3.326275942976356e-06,2.3456509065438245e-05,-0.0319818783619882,-0.0372,-0.0266,-0.0368,0.004,0.0264344177471935,0.023178905864958,0.0666666666666667,0.1199999999999998,-0.0166666666666663,Balanced
2007-08-31,-0.0183610778328989,-0.5996401784373342,0.280664255927049,0.7064843045075049,0.9538070752770323,0,0.9999826508037363,0.9999709063541742,0.00022183851011498609,0.9999826508037363,1.645706108830593e-06,1.1744449562070237e-05,3.959040811661946e-06,0.0128635720188579,0.0093999999999999,-0.0011,-0.0187,0.0042,0.0239175100217523,0.0189744847890087,0.0666666666666664,0.15,0.1133333333333335,Balanced
2007-09-30,0.0585444481908783,-0.2616661006082693,0.1430369422213261,0.2222953604455323,1.3205430583683997,0,0.9999878631751754,0.9999781887379945,0.00015588850195358896,0.9999878631751754,5.153763569200429e-08,9.674437180955289e-06,2.4108499834353173e-06,0.0357940081786007,0.0322,-0.0225,-0.0217,0.0032,0.027901202497425,0.0283382642998026,0.0333333333333335,0.0466666666666667,0.1566666666666666,Balanced
2007-10-31,0.0253026319769751,0.0187362472953565,0.0054096285156007,0.7064843045075057,0.8409652343258391,0,0.9998782586486127,0.9997702282056136,0.001261912959983655,0.9998782586486127,7.98657151495196e-11,0.00010803044299906375,1.3710828578088066e-05,0.0148223382235548,0.0179,0.0019,-0.0287,0.0032,0.02617928237054,0.0361069836552747,0.0,0.1500000000000002,0.0999999999999999,Balanced
2007-11-30,0.139364564742793,0.2939761129364688,0.1430369422213261,0.6440083117253155,0.7563338536124454,0,0.9901946742896383,0.9807822424796446,0.056753966508395856,0.9901946742896383,3.0109276666847074e-13,0.00941243180999366,0.0003928939002737149,-0.0440434173794157,-0.048,-0.0281,-0.0109,0.0034,0.0320876700614243,0.0437326732673266,0.0333333333333335,0.1366666666666668,0.0899999999999998,Balanced
2007-12-31,-0.0548039004853921,0.1985247255181768,0.4182915696327744,0.7377223008985999,1.3487535186061992,0,0.7530848849131199,0.5062506281672892,0.5596502653111597,0.7530848849131199,1.566631007445842e-12,0.24683425674583068,8.085833944775416e-05,-0.0086285085612979,-0.0087,0.0011,-0.0051,0.0027,0.0220297783345895,0.0410881339241753,0.0999999999999999,0.1566666666666667,0.1600000000000001,Balanced
2008-01-31,-0.014028616296649,0.2656166367114813,0.4182915696327744,0.5659133207475769,2.392540547404712,2,0.938928657689944,0.8778574090483697,0.22990658727749957,0.06107124864157436,7.374606222892284e-13,0.938928657689944,9.366780270529907e-08,-0.0611634322777698,-0.0633,-0.0102,0.04,0.0021,0.0241419307534662,0.0429469565516598,0.0999999999999999,0.1199999999999999,0.2833333333333332,Inflationary Stress
2008-02-29,-0.275402767689642,0.2108492593040536,0.2806642559270502,1.159435252178382,2.336119626929117,2,0.9952744911297638,0.9905489834285298,0.030018405484244903,0.004725507701234074,6.7514492408488e-15,0.9952744911297638,1.1688656197287057e-09,-0.0347611927372881,-0.0308999999999999,-0.0048,-0.0072,0.0013,0.0106027965185913,0.0414295927061196,0.0666666666666667,0.2466666666666666,0.2766666666666666,Inflationary Stress
2008-03-31,-0.3693903793336507,0.1501916187788575,0.1430369422213249,1.7998141781958303,2.336119626929115,2,0.9998390673466283,0.9996781347015129,0.0015665900604150272,0.00016093264511546023,4.5543941097433e-17,0.9998390673466283,8.113163654020136e-12,-0.0059596233978174,-0.0093999999999999,0.0070999999999999,0.0031,0.0017,0.0057342550668766,0.0397490355013443,0.0333333333333332,0.3833333333333334,0.2766666666666664,Inflationary Stress
2008-04-30,-0.6234825975739436,0.1245135836825209,0.0054096285156007,2.190289133084517,1.376963978843995,2,0.9999068219266163,0.9998136441665474,0.0009579635187436053,9.31777600688594e-05,1.3506515451667516e-19,0.9999068219266163,3.1345633560799303e-10,0.047546697641229,0.0461,-0.0169,-0.0096,0.0018,-0.0074276763347481,0.0390376097598881,0.0,0.4666666666666666,0.1633333333333332,Inflationary Stress
2008-05-31,-0.7577573855996887,0.1911617524663804,0.6935461970442239,0.8314362900718844,-0.0899799535214849,2,0.999853037323469,0.9997095897248912,0.0014605411689070317,0.0001434475985777217,6.293513036555676e-16,0.999853037323469,3.515077798861622e-06,0.0106741817040685,0.0187,0.0297,-0.015,0.0018,-0.0143830863083477,0.0408841382312399,0.1666666666666666,0.1766666666666666,-0.01,Inflationary Stress
2008-06-30,-0.8130909927732813,0.4970753003762985,0.6935461970442239,-0.0119896124876814,-1.1619774425577942,2,0.9999820188570538,0.9999658158010796,0.00022024754412002797,1.6203055974241566e-05,1.3952659527167646e-19,0.9999820188570538,1.7780871058370563e-06,-0.0859623848263144,-0.0843,0.0115,-0.0250999999999999,0.0017,-0.0172493572507129,0.0493596610594786,0.1666666666666666,-0.0033333333333335,-0.1366666666666664,Inflationary Stress
2008-07-31,-0.8581898702385318,0.6997583964057426,1.1064281381613976,-0.0119896124876807,-0.4002950161372566,2,0.9999995143026623,0.9999990806701484,7.712044605818811e-06,5.20650299015827e-08,1.0598366602448465e-23,0.9999995143026623,4.3363251392062953e-07,-0.0098593711853027,-0.0075,0.026,0.052,0.0015,-0.0195854710270371,0.0549751207834183,0.2666666666666666,-0.0033333333333334,-0.0466666666666664,Inflationary Stress
2008-08-31,-1.1911511336728664,0.6313625424674199,0.9688008244556724,0.0348673820989621,0.5870710921856616,2,0.9999998995886067,0.9999998362339669,1.7845512810540466e-06,3.705669345076396e-08,2.133614166045254e-27,0.9999998995886067,6.335463980680414e-08,0.0121904646691215,0.0153,0.034,0.0152,0.0013,-0.0368328048457242,0.0530801716209123,0.2333333333333331,0.0066666666666666,0.0700000000000001,Inflationary Stress
2008-09-30,-2.049600171943636,0.5033389294285238,0.6935461970442239,0.5034373279653883,1.828331342648756,2,0.9999999999904503,0.999999999981491,2.5465839198089857e-10,8.959226060188818e-12,9.374632114368978e-35,0.9999999999904503,7.066931998622018e-13,-0.0907914335437921,-0.0935,-0.0107,0.0566,0.0015,-0.0813003112957857,0.0495331987513607,0.1666666666666666,0.1066666666666669,0.2166666666666663,Inflationary Stress
2008-10-31,-1.8226277332719023,0.0621785338527847,0.9688008244556736,1.1906732485694775,5.411059792849066,2,1.0,1.0,-1.000088799092278e-12,3.673029765832786e-21,1.8739238672517656e-31,1.0,7.743842393996467e-37,-0.1694245240177707,-0.172,-0.0231,-0.0189,0.0008,-0.0695431796191607,0.0373105788995651,0.2333333333333334,0.2533333333333334,0.64,Inflationary Stress
2008-11-30,-2.153808273747478,-0.8874991639615245,0.9688008244556736,1.8310521745869248,6.821582804738954,2,1.0,1.0,-1.0000889003551182e-12,2.3018289515378187e-30,8.205373042130145e-24,1.0,1.903025690338859e-54,-0.0748490423387097,-0.0774,-0.0301,-0.0621,0.0003,-0.0866982723074788,0.0109991747061668,0.2333333333333334,0.3899999999999999,0.8066666666666671,Inflationary Stress
2008-12-31,-2.656969386318919,-1.2925237387581583,1.6569373929842968,-0.2618935836164403,6.736951424025558,2,1.0,1.0,-9.998229232460697e-13,1.1432776489023379e-37,9.626044123221258e-18,1.0,1.723865979251893e-54,0.0078215766334994,0.0177,0.0352,0.0005,0.0,-0.1127619278318192,-0.0002222800255385,0.4000000000000001,-0.0566666666666666,0.7966666666666667,Inflationary Stress
2009-01-31,-3.0620624703852344,-1.3254982885460542,1.794564706690021,-1.1677954789581957,1.546226740270784,2,1.0,0.9999999999999998,-9.928654314000904e-13,2.4803486597990627e-26,2.611304534122895e-16,1.0,2.98081242984164e-19,-0.0856573430580542,-0.0809,0.0004,-0.1101999999999999,0.0,-0.1337456770417664,-0.0011358601902212,0.4333333333333333,-0.25,0.1833333333333335,Inflationary Stress
2009-02-28,-3.0983874363388386,-1.281446148969594,2.069819334101472,-1.19903347534929,-1.331240203984587,2,1.0,0.9999999999999993,-9.821731910792988e-13,9.269177422125031e-29,6.480854873996905e-16,1.0,3.2085655078723063e-19,-0.1099311976201994,-0.1014,0.0014,-0.066,0.0001,-0.1356273037730327,8.463140671510772e-05,0.5000000000000003,-0.2566666666666665,-0.1566666666666671,Inflationary Stress
2009-03-31,-3.3094508434776246,-1.445651822285268,1.932192020395745,0.3472473460099117,-1.161977442557797,2,1.0,0.9999999999999991,-9.763214356539526e-13,2.7835534413345743e-29,8.592279027233513e-16,1.0,9.72043732077637e-19,0.0854044619953229,0.0901,-0.001,0.0348,0.0002,-0.1465603504652647,-0.0044647876766238,0.4666666666666665,0.0733333333333332,-0.1366666666666667,Inflationary Stress
2009-04-30,-3.3399382694251645,-1.4925180113465817,1.6569373929842968,0.597151317138672,-0.4567159366128545,2,1.0,0.9999999999999991,-9.752417053040733e-13,5.578616191499093e-27,8.684360269272293e-16,1.0,3.0841273697114714e-17,0.0939250791482633,0.1017,0.054,0.0538,0.0001,-0.1481395936696125,-0.005763244243767,0.4000000000000001,0.1266666666666666,-0.0533333333333333,Inflationary Stress
2009-05-31,-3.40681144023221,-1.6511274049420177,1.5193100792785712,0.8470552882674315,-1.246608823271188,2,1.0,0.9999999999999991,-9.75959858657053e-13,1.0343055640426787e-27,8.706079209562508e-16,1.0,2.6786455841960738e-18,0.0530814463851665,0.0521,-0.0241,0.0040999999999999,0.0,-0.1516036119416679,-0.0101576149585517,0.3666666666666665,0.1799999999999998,-0.1466666666666665,Inflationary Stress
2009-06-30,-3.430386652027201,-1.7281562405117354,1.1064281381613987,1.456196217893785,-5.13965233608727,2,1.0,0.9999999999999991,-9.75708676191182e-13,5.927510212155031e-35,8.823779090840319e-16,1.0,4.2867613386666605e-38,0.0001958272656099,0.0042,0.0258,-0.0276,0.0001,-0.1528248036907635,-0.0122917461821091,0.2666666666666669,0.31,-0.6066666666666666,Inflationary Stress
2009-07-31,-3.186416751794649,-1.991491452077877,0.6935461970442239,0.9563882756362644,-5.449967398703048,2,0.9999999999995453,0.9999999999988752,1.7625721412631856e-11,1.1228348205542513e-32,6.700700170946264e-13,0.9999999999995453,1.0210457071244553e-37,0.0741417271477842,0.0774,0.0175,0.0489,0.0001,-0.1401872065492195,-0.0195876100376227,0.1666666666666666,0.2033333333333332,-0.6433333333333336,Inflationary Stress
2009-08-31,-2.736719930153676,-1.8200729702887608,0.280664255927049,0.4878183297698397,-5.02681049513608,2,0.9999999052706743,0.9999998105412689,1.626714130310053e-06,2.333901759439028e-24,9.47294053816089e-08,0.9999999052706743,1.0212603039406608e-30,0.0335601888685441,0.0333,-0.0112,0.076,0.0001,-0.1168929917206105,-0.0148383556632676,0.0666666666666664,0.1033333333333333,-0.5933333333333334,Inflationary Stress
2009-09-30,-1.7939714876798245,-1.7818523044210903,0.4182915696327756,-0.4024645673763682,-2.4596586134964906,2,0.9999596426459176,0.9999192854413005,0.00044868367549294116,1.4336677624666016e-10,4.035720461713753e-05,0.9999596426459176,6.2603570820692856e-12,0.0357233457231196,0.0408,0.0243,0.0115,0.0001,-0.0680587912292953,-0.0137794286288647,0.1000000000000002,-0.0866666666666667,-0.29,Inflationary Stress
2009-10-31,-1.923051684334382,-1.3653394099853469,0.6935461970442239,-0.0900846034654173,-1.7826075677893454,2,0.9995573820390886,0.9991147659697831,0.003860797571769237,1.6355756825395996e-09,0.00044261606930550877,0.9995573820390886,2.5588872340752826e-10,-0.0197620005268142,-0.0253,-0.0426,-0.0417,0.0,-0.0747451223001227,-0.0022396829420033,0.1666666666666666,-0.0199999999999998,-0.2099999999999999,Inflationary Stress
2009-11-30,-1.605579568766096,-0.5934541775561685,0.4182915696327756,-0.1057036016609651,-0.2028217944726744,2,0.9869522202234013,0.9744084314221926,0.07183386313881478,0.012543788801208738,0.00047114401817658193,0.9869522202234013,3.284695729672079e-05,0.0573640614537276,0.0562999999999999,-0.025,-0.0033,0.0,-0.0583001235670767,0.0191458717447092,0.1000000000000002,-0.0233333333333332,-0.0233333333333332,Inflationary Stress
2009-12-31,-1.0021432668717225,-0.2687777662863645,0.1430369422213249,0.4097233387921025,-0.3720845558994595,0,0.8961281124409517,0.7924542744187699,0.3349585977668476,0.8961281124409517,2.279117847298964e-06,0.10367383802218183,0.00019577041898820655,0.0177705709193383,0.0279999999999999,0.0601,-0.0011,0.0001,-0.0270422311932423,0.0281412312320836,0.0333333333333332,0.0866666666666667,-0.0433333333333331,Balanced
2010-01-31,-0.3116915533494691,-0.3384429723198203,-0.2698449988958476,0.550294322552029,-1.077346061844403,0,0.9989840010241681,0.9981580728237036,0.008508506943344941,0.9989840010241681,1.4832684940158524e-07,0.0008259282004644844,0.00018992244851118235,-0.0369742456922621,-0.0335,0.0043,0.0033,0.0,0.0087230439200634,0.0262111138897671,-0.0666666666666664,0.1166666666666665,-0.1266666666666666,Balanced
2010-02-28,-0.1189275968773489,-0.5080024784397202,-0.1322176851901234,0.3628663442054596,-0.7670309992286299,0,0.9963990617760624,0.9928151625155482,0.023973379507944162,0.9963990617760624,4.48249994877253e-06,1.255646334082843e-05,0.0035838992605142154,0.028513689046546,0.0339,0.0118,0.0318,0.0,0.0187081823448556,0.0215133635786652,-0.0333333333333332,0.0766666666666666,-0.0900000000000001,Balanced
2010-03-31,0.3308526980620015,-0.459335418025266,0.0054096285156007,0.0661053784900571,-0.6823996185152376,0,0.8996184443461611,0.7992616117635769,0.3261652111160273,0.8996184443461611,6.795619412964295e-06,1.792745183423988e-05,0.1003568325825842,0.0587964255454973,0.063,0.0146,0.0219,0.0001,0.042006721075372,0.0228617143932798,0.0,0.0133333333333333,-0.0800000000000002,Balanced
2010-04-30,0.5678300131382615,-0.4879941170777819,0.1430369422213249,0.0348673820989621,-0.3438740956616637,0,0.5347431486772892,0.06953555091845098,0.691258696116403,0.46520759775883824,1.2178752654137426e-05,3.707481127210705e-05,0.5347431486772892,0.0147592304820129,0.0199,0.0484,0.0296,0.0001,0.0542821035580629,0.0220677075253044,0.0333333333333332,0.0066666666666666,-0.04,Balanced
2010-05-31,1.053236951818105,-0.5613445288953576,-0.26984499889585,-0.4961785565496533,-0.0617694932836865,3,0.991454831124767,0.9829181792162063,0.04927425981954461,0.008536651908560679,9.178997595456732e-07,7.5990668101976555e-06,0.991454831124767,-0.0819758420731905,-0.079,0.0013,-0.0248,0.0001,0.0794260960542632,0.0200354892921856,-0.066666666666667,-0.1066666666666667,-0.0066666666666666,Growth
2010-06-30,1.1707505900177684,-0.8796873453667159,-0.6827269400130225,-0.7773205240695079,1.3769639788439976,3,0.9991876225511791,0.9986597975691983,0.007146654628078243,0.000527824981980774,5.715206234568353e-06,0.00027883726043703846,0.9991876225511791,-0.0538824422398385,-0.0556,-0.0179,-0.0473,0.0001,0.085513281468484,0.0112156059406862,-0.1666666666666666,-0.1666666666666666,0.1633333333333335,Growth
2010-07-31,1.0154770141853326,-0.8005633517711522,-0.6827269400130225,-1.3083664627181235,1.6872790414597705,3,0.9946474614579601,0.9918655962181341,0.03704201329288494,0.002781865239826084,3.128106805640803e-07,0.002570360491364586,0.9946474614579601,0.0687778495746351,0.0692,0.0022,-0.005,0.0001,0.0774701380469928,0.013407784804821,-0.1666666666666666,-0.2800000000000001,0.2,Growth
2010-08-31,0.8652311383684298,-0.8693584116972423,-0.1322176851901234,-1.1209384843715526,0.925596615039233,3,0.9902799322487541,0.9808330903426082,0.05595663397032789,0.00944684190614585,1.8960375448762224e-08,0.00027320688485444906,0.9902799322487541,-0.0474491836326047,-0.0478,-0.0301,-0.0173,0.0001,0.0696874285859381,0.0115017753951125,-0.0333333333333332,-0.2399999999999999,0.11,Growth
2010-09-30,0.7451417744645527,-0.8808597961115401,0.1430369422213249,-0.902272509633888,-0.0617694932836865,3,0.9728943432990509,0.9458267456778156,0.12482080075346305,0.02706759762123537,3.674973696857637e-08,3.802233004267406e-05,0.9728943432990509,0.0875511030511355,0.0955,0.0382,-0.0302,0.0001,0.0634668210415039,0.0111831224723317,0.0333333333333332,-0.1933333333333333,-0.0066666666666666,Growth
2010-10-31,0.6319321943421133,-0.8633965842051485,0.0054096285156007,-0.6836065348962223,0.5024397114722665,3,0.8634324665810745,0.7269444260759328,0.3993560653030409,0.1364880405051417,1.6178714224274061e-07,7.9331126754473e-05,0.8634324665810745,0.0368559940355406,0.0387,0.0108,-0.0246,0.0001,0.057602585064906,0.0116669514893146,0.0,-0.1466666666666665,0.0599999999999999,Growth
2010-11-30,0.5614204152411876,-0.8930477483530451,0.4182915696327756,0.1285813712722465,0.5588606319478632,3,0.6510319502236276,0.3026310007346112,0.6510636229640634,0.3484009494890164,9.797024042412324e-06,0.0005573032631853458,0.6510319502236276,-0.0022902497465766,0.0059,0.0366999999999999,-0.009,0.0001,0.0539500875348351,0.0108454477660033,0.1000000000000002,0.0266666666666665,0.0666666666666667,Growth
2010-12-31,0.6774809929832013,-0.7655471489212454,-0.2698449988958476,1.0188642684184546,-0.5695577775640466,3,0.651011906454807,0.3024537999283938,0.6501311714510185,0.651011906454807,3.6871345484283495e-07,0.0004296183051580803,0.3485581065264132,0.065300040347155,0.0682,0.0072,0.0356,0.0001,0.0599620046775659,0.0143779302221793,-0.0666666666666664,0.2166666666666666,-0.0666666666666668,Growth
2011-01-31,0.4142183204742371,-0.6706239811640538,-0.4074723126015742,1.3000062359383098,-1.3594506642223805,0,0.9736976145039018,0.9527362976030795,0.1349193571565235,0.9736976145039018,2.3839656590391692e-07,0.0053408301987269095,0.020961316900822223,0.0226455743591391,0.0197999999999999,-0.0229,0.0060999999999999,0.0001,0.0463250453870829,0.0170078349150297,-0.1000000000000002,0.2766666666666666,-0.16,Balanced
2011-02-28,0.2587853197577265,-0.5175450152186405,-1.0956088811301974,1.3000062359383104,-1.6697657268381545,0,0.9835268471368696,0.9736260740305885,0.09529185602957643,0.9835268471368696,3.849372012772453e-05,0.009900773106280975,0.0065338860369323955,0.0319565637280934,0.0348,0.015,0.0118,0.0001,0.0382736437851467,0.0212489817333314,-0.2666666666666669,0.2766666666666668,-0.1966666666666666,Balanced
2011-03-31,0.3293764863882868,-0.3391178819568951,-0.4074723126015742,0.2535333568366273,-0.5413473173262459,0,0.9973114911717145,0.9946557356879933,0.018774945836746472,0.9973114911717145,6.535172358461469e-08,3.2687993046083e-05,0.0026557554837212346,-0.0010473129391664,0.0045,0.0249,-0.0184,0.0001,0.0419302535750358,0.026192415103541,-0.1000000000000002,0.0533333333333333,-0.0633333333333331,Balanced
2011-04-30,0.1966168530772364,-0.173810978383708,0.0054096285156007,0.2535333568366266,-0.4002950161372591,0,0.999626234659282,0.9992540213344739,0.003333486046071479,0.999626234659282,2.456991678884145e-09,1.5495590218265829e-06,0.0003722133248080814,0.028495380666536,0.0289999999999999,-0.0042,-0.0243999999999999,0.0,0.0350533283443212,0.0307723444478686,0.0,0.0533333333333332,-0.0466666666666667,Balanced
2011-05-31,-0.0459401523954442,-0.0360275568568966,0.0054096285156007,-0.4961785565496533,0.1074932681430997,0,0.9999319309502895,0.9998656003960193,0.000729282417581168,0.9999319309502895,1.915687667479859e-10,1.7383039557658751e-06,6.633055427023416e-05,-0.0135009528952232,-0.0127,-0.0073,-0.0185,0.0,0.0224889188983152,0.034589718808965,0.0,-0.1066666666666667,0.0133333333333333,Balanced
2011-06-30,-0.0227761431565835,-0.0203822551647071,0.1430369422213249,-0.5430355511362956,0.3613874102832786,0,0.9999616553189613,0.9999263250851614,0.00043882792775821994,0.9999616553189613,1.7665377308176293e-10,3.014270406086525e-06,3.533023379986281e-05,-0.0182574616524793,-0.0174,-0.0027,-0.002,0.0,0.0236888104286421,0.0350231815063604,0.0333333333333332,-0.1166666666666667,0.0433333333333333,Balanced
2011-07-31,-0.000526774706357,0.007613090821203,-0.1322176851901234,-0.6836065348962228,0.5588606319478632,0,0.9999657894649565,0.9999343780745304,0.00039568504897221084,0.9999657894649565,6.100927247905022e-11,2.799083479876431e-06,3.141139042608104e-05,-0.0214744253066662,-0.0235,-0.0116999999999999,-0.0091,0.0,0.0248413237299129,0.0357988097699961,-0.0333333333333332,-0.1466666666666666,0.0666666666666667,Balanced
2011-08-31,0.0603155161287596,0.0708187106490528,0.0054096285156007,-1.3239854609136708,1.2641221378928054,0,0.99995739617578,0.9999176558638789,0.0004818456039230467,0.99995739617578,2.51135629875561e-12,3.9740311901033e-05,2.863509991426922e-06,-0.0567911079523288,-0.0596,-0.0296,-0.0243,0.0001,0.0279929434994417,0.0375499603070808,0.0,-0.2833333333333334,0.15,Balanced
2011-09-30,-0.0143778985215557,0.0916179829820574,-0.1322176851901234,-1.5426514356513357,1.5180162800329828,0,0.9998924245610321,0.9997855598390787,0.0010947966087531597,0.9998924245610321,7.88035551036988e-13,0.00010686472195339438,7.107162846003023e-07,-0.0717619880808965,-0.0758,-0.0312,-0.0153,0.0,0.024123837996766,0.0381262169281868,-0.0333333333333332,-0.33,0.1799999999999998,Balanced
2011-10-31,0.1794125925902716,-0.0131815558157925,-0.2698449988958476,-1.2927474645225756,1.2923325981306035,0,0.9999526712008449,0.9999233693394484,0.0005500964856701691,0.9999526712008449,1.7507913622072194e-11,2.9301861396513397e-05,1.802692010741525e-05,0.1077230384374414,0.1133,0.0305,0.0006,0.0,0.0341621507320617,0.0352226813066405,-0.0666666666666664,-0.2766666666666666,0.1533333333333334,Balanced
2011-11-30,0.1603400373795346,-0.0387489064646444,-0.5450996263072982,-0.4337025637674629,0.192124648856491,0,0.9987605297169647,0.9975242284302037,0.009556652535388222,0.9987605297169647,7.640079222223381e-10,3.1682321674394647e-06,0.0012363012867609529,-0.0050587151070113,-0.0027,-0.0018,-0.0052,0.0,0.0331741957876878,0.0345143221458172,-0.1333333333333334,-0.0933333333333333,0.0233333333333331,Balanced
2011-12-31,0.0718677022293069,-0.17928553891668,-0.6827269400130225,0.003629385707867,-0.0617694932836853,0,0.9975627680133747,0.9951291257879402,0.01712601205533901,0.9975627680133747,3.4774804132573e-08,3.5549865295605296e-06,0.0024336422254345475,0.0085327636666361,0.0075,-0.0056,0.0154,0.0,0.0285913446706669,0.0306206683841938,-0.1666666666666666,0.0,-0.0066666666666665,Balanced
2012-01-31,0.2324603742875485,-0.1985236974628141,-0.6827269400130225,-0.2931315800075353,0.1074932681431009,0,0.9967230082110032,0.9934500776501987,0.022050145504336555,0.9967230082110032,2.9893627443802105e-08,4.031334417147725e-06,0.003272930560804536,0.0435830627049853,0.0504999999999999,0.0200999999999999,-0.0093,0.0,0.0369100163241029,0.030087663379855,-0.1666666666666666,-0.0633333333333333,0.0133333333333334,Balanced
2012-02-29,0.3768907611548112,-0.2384390350722317,-0.4074723126015717,-0.1837985926387027,0.1074932681430997,0,0.9978943253256292,0.9957903405741656,0.015094784993660565,0.9978943253256292,1.172308783244409e-08,1.6781997434820629e-06,0.0021039847514636124,0.0405894637681172,0.0441999999999999,-0.0184,0.0042,0.0,0.0443914844990129,0.0289817844234738,-0.0999999999999996,-0.0399999999999999,0.0133333333333333,Balanced
2012-03-31,0.0659908625646391,-0.352243824001629,-0.4074723126015742,0.1910573640544369,-0.5977682378018412,0,0.9995060050775013,0.9990135337861912,0.0042653327615480244,0.9995060050775013,9.43155183603056e-08,1.4293158437790666e-06,0.0004924712913101651,0.0313323145314419,0.0312,-0.0063,0.0118999999999999,0.0,0.0282869254284705,0.0258287528133209,-0.1000000000000002,0.0399999999999999,-0.0699999999999998,Balanced
2012-04-30,0.27358563691893,-0.4640305187940541,-0.1322176851901258,0.0504863802945092,-0.3438740956616637,0,0.9996963774773576,0.9993938872213526,0.002770752701034813,0.9996963774773576,1.5710069620424421e-07,9.751660558146117e-07,0.00030249025600507357,-0.0074974523724959,-0.0085,-0.0037,-0.0077,0.0,0.0390402975636337,0.0227316337413485,-0.0333333333333338,0.0099999999999999,-0.04,Balanced
2012-05-31,0.2956864201776928,-0.6572117372431672,-0.1322176851901258,-0.2618935836164403,0.2767560295698873,0,0.9997417763972549,0.9994861269069576,0.0024077471713760228,0.9997417763972549,1.158418978147016e-06,1.4156933158671085e-06,0.00025564949029734346,-0.0626507257145436,-0.0617,0.0012,-0.0095,0.0001,0.0401851141785956,0.0173794293746607,-0.0333333333333338,-0.0566666666666666,0.0333333333333335,Balanced
2012-06-30,0.2362343785397599,-0.6875566657677482,0.0054096285156007,-0.8710345132427928,0.9538070752770276,0,0.9999518181655669,0.9999103955794738,0.000548755972762869,0.9999518181655669,6.259903566895085e-07,6.133257919170894e-06,4.142258609307819e-05,0.0395549822283363,0.0389,0.0072,0.0055,0.0,0.037105509068513,0.0165387044829763,0.0,-0.1866666666666666,0.113333333333333,Balanced
2012-07-31,0.1798880398635335,-0.772867521610546,0.0054096285156007,-0.8397965168516976,0.5588606319478607,0,0.9999191111389797,0.9998431813630352,0.000864251966717116,0.9999191111389797,1.0404470098626816e-06,3.918638038062653e-06,7.592977594451292e-05,0.0125975742047879,0.0079,-0.0276,-0.0006,0.0,0.0341867788156728,0.0141751147984647,0.0,-0.1799999999999999,0.0666666666666664,Balanced
2012-08-31,-0.0388542511971565,-0.6759833916263974,-0.1322176851901234,-0.1994175908342506,-0.1181904137592819,0,0.9999080173367155,0.9998192156096443,0.0009627384817918663,0.9999080173367155,2.0762098154209727e-06,1.1047262477777368e-06,8.880172707125339e-05,0.0197633695060857,0.0254,0.005,0.0123,0.0001,0.0228559673114325,0.0168593491548212,-0.0333333333333332,-0.0433333333333333,-0.0133333333333333,Balanced
2012-09-30,-0.0370086235119232,-0.5807745368237724,-0.5450996263072971,0.1285813712722468,-0.7952414594664245,0,0.9998503468746927,0.9997085093875051,0.0015035183487226932,0.9998503468746927,4.88255064040097e-06,2.933087365127007e-06,0.0001418374871875704,0.0242361536177753,0.0273,0.0045,0.0162,0.0001,0.0229515704950098,0.0194971689828196,-0.1333333333333331,0.0266666666666666,-0.0933333333333331,Balanced
2012-10-31,-0.1049923664205805,-0.5064353947460329,-0.5450996263072971,0.3472473460099121,-1.4440820449357727,0,0.999953787160038,0.9999228881252505,0.0005468380512429899,0.999953787160038,5.4440874646059466e-06,9.869717662044363e-06,3.089903478744725e-05,-0.0197894097162939,-0.0176,-0.0109,0.0352,0.0001,0.0194300247869738,0.0215567805953693,-0.1333333333333331,0.0733333333333333,-0.1699999999999999,Balanced
2012-11-30,-0.0311019208844285,-0.6362496445489785,-0.5450996263072971,-0.0276086106832279,-1.0491356016066071,0,0.9998664223123032,0.9997493768091406,0.001384837756234505,0.9998664223123032,1.2071566845351499e-05,4.460617461872825e-06,0.00011704550316255634,0.0028467166850427,0.0078,0.006,-0.0086,0.0001,0.0232575366333327,0.0179601970339262,-0.1333333333333331,-0.0066666666666666,-0.1233333333333335,Balanced
2012-12-31,-0.0888083114056288,-0.6494291839182083,0.1430369422213261,0.0661053784900571,-0.5977682378018425,0,0.9999533126263905,0.9999122082415404,0.0005331266031929203,0.9999533126263905,3.2902719548407376e-06,2.2927170097422802e-06,4.110438485011207e-05,0.0070682309562846,0.0118,0.015,0.0348,0.0001,0.020268355938483,0.0175950497968955,0.0333333333333335,0.0133333333333333,-0.0699999999999999,Balanced
2013-01-31,-0.200786530592669,-0.6766594832481627,0.2806642559270502,0.3003903514232695,-0.0335590330458882,0,0.9999628920836868,0.9999364989672915,0.00044520410452208135,0.9999628920836868,6.378901024733025e-06,4.335898744358821e-06,2.6393116395313323e-05,0.0504280964668688,0.0557,0.0029,0.0101,0.0,0.0144679042378248,0.0168406176209829,0.0666666666666667,0.0633333333333333,-0.0033333333333332,Balanced
2013-02-28,-0.1722606686814571,-0.5560778848222798,0.0054096285156007,0.5034373279653872,0.0228618874297059,0,0.9999736392919885,0.9999494867268519,0.0003131913225856738,0.9999736392919885,6.13420835943576e-07,1.5947222005945458e-06,2.415256513656958e-05,0.0110606487650415,0.0128,-0.003,0.0021,0.0,0.0159455387763707,0.0201814049025748,0.0,0.1066666666666666,0.0033333333333332,Balanced
2013-03-31,0.0092415793498859,-0.7363277216057915,-0.5450996263072982,0.3472473460099121,-0.0617694932836878,0,0.9996496106098581,0.9993170589085474,0.003216642431565603,0.9996496106098581,1.4911196380141707e-05,2.9264923581778992e-06,0.0003325517013107058,0.0359877239828729,0.0404,0.0083,-0.0022,0.0,0.0253473227206946,0.0151874724112461,-0.1333333333333334,0.0733333333333333,-0.0066666666666668,Balanced
2013-04-30,-0.1490927825749674,-0.8734620896485227,-0.5450996263072982,-0.2150365890297977,0.0228618874297059,0,0.9994863477354733,0.9990408468915539,0.004621779037036732,0.9994863477354733,6.356489976769994e-05,4.586520618564285e-06,0.0004455008439193806,0.01808576777989,0.0156,-0.0237,0.0044,0.0,0.0171456311277464,0.0113880804757686,-0.1333333333333334,-0.0466666666666666,0.0033333333333332,Balanced
2013-05-31,-0.1790321464795239,-0.7826571084570345,-0.2698449988958488,0.0192483839034146,-0.202821794472672,0,0.9998575034883225,0.999730160138924,0.00145826225599849,0.9998575034883225,1.3353770458313953e-05,1.7993916623330905e-06,0.00012734334939849465,0.0207628116830578,0.0279999999999999,0.017,0.0266999999999999,0.0,0.0155947774390774,0.013903888279197,-0.0666666666666667,0.0033333333333333,-0.0233333333333329,Balanced
2013-06-30,-0.1394369787746524,-0.6652062938376287,0.0054096285156007,0.5971513171386723,-0.0053485728080886,0,0.9999755069377984,0.9999544494519839,0.0002967921697508693,0.9999755069377984,1.4019074115828476e-06,2.033668882971343e-06,2.105748581451308e-05,-0.0149993015955808,-0.012,0.0131,-0.0005,0.0,0.0176458000354267,0.0171579352715687,0.0,0.1266666666666667,2.96059473233375e-16,Balanced
2013-07-31,-0.2413987865106654,-0.6039630110840345,-0.4074723126015729,1.3156252341338572,-0.2592427149482699,0,0.9999854797905843,0.9999772308259931,0.00018676025861715905,0.9999854797905843,1.1053457930013323e-07,8.248964591225247e-06,6.160710331359795e-06,0.0494620799130853,0.0565,0.0181,0.0058,0.0,0.0123641966541774,0.018854718054158,-0.0999999999999999,0.28,-0.0299999999999999,Balanced
2013-08-31,-0.043919830185114,-0.7290865007056745,-0.4074723126015729,1.268768239547215,-0.3438740956616662,0,0.9999731093926477,0.9999544426511532,0.00032779146766054215,0.9999731093926477,3.206153407573882e-07,7.903250510107138e-06,1.866674149449395e-05,-0.0312980194793439,-0.0271,0.0032,-0.0273,0.0,0.022593571227008,0.0153880948860027,-0.0999999999999999,0.2700000000000001,-0.0400000000000003,Balanced
2013-09-30,0.0710244296461934,-0.8893700347347315,-0.4074723126015729,0.8470552882674323,-0.6541891582774404,0,0.9998425735580667,0.9997007926290938,0.0015976811311147953,0.9998425735580667,8.468268176607671e-06,7.177244971827297e-06,0.0001417809289729012,0.0297495232591953,0.0377,0.0289,-0.0118,0.0,0.0285476633018761,0.0109473410817479,-0.0999999999999999,0.18,-0.0766666666666669,Balanced
2013-10-31,-0.0133238479626232,-0.9680309735476984,-0.1322176851901234,0.05048638029451,-0.1464008739970815,0,0.9996208810530575,0.9992729905949724,0.003483257821254449,0.9996208810530575,2.8275959234539076e-05,2.952529766157402e-06,0.0003478904580849792,0.0445957527619447,0.0417,-0.0156,0.0121999999999999,0.0,0.0241784376269578,0.0087679914349114,-0.0333333333333332,0.01,-0.0166666666666669,Balanced
2013-11-30,-0.0395551212205547,-0.8395115166973562,-0.4074723126015729,-0.0744656052698701,-0.0617694932836865,0,0.9993409555983285,0.9987126181534202,0.005618580661597415,0.9993409555983285,2.835549716073818e-05,2.351459398182427e-06,0.0006283374449082632,0.0280494713673287,0.0311,0.0131,0.0019,0.0,0.0228196623697334,0.0123287019619544,-0.0999999999999999,-0.0166666666666666,-0.0066666666666666,Balanced
2013-12-31,-0.0466250621768593,-0.7384604569644041,-0.6827269400130225,0.0661053784900571,-0.5131368570884488,0,0.9987950097112407,0.9976907522079536,0.009672942101451212,0.9987950097112407,9.456498952193463e-05,6.167795813103081e-06,0.001104257503287079,0.0235627919754459,0.0281,-0.0044,0.0,0.0,0.0224534406942926,0.0151283836675732,-0.1666666666666666,0.0133333333333333,-0.0599999999999999,Balanced
2014-01-31,-0.1216670909404071,-0.7222469819591363,-0.8203542537187478,0.3941043405965539,-1.020925141368805,0,0.9988636717484584,0.9980236505581052,0.009589340606436434,0.9988636717484584,0.0002662188843856314,3.0088176601406473e-05,0.0008400211903531981,-0.0355829059558115,-0.0332,0.0093,-0.0199,0.0,0.0185662770429819,0.0155775879557491,-0.2000000000000001,0.0833333333333331,-0.1199999999999996,Balanced
2014-02-28,-0.065299640322119,-0.8800793089870116,-0.2698449988958488,0.0192483839034142,-0.7670309992286288,0,0.9996212789007674,0.9992939888034911,0.003525537587345714,0.9996212789007674,4.8001026375578937e-05,3.429975572380229e-06,0.00032729009727626706,0.0431170301781616,0.0466,0.0036,-0.0034999999999999,0.0,0.0214861008906401,0.0112047463477249,-0.0666666666666667,0.0033333333333332,-0.09,Balanced
2014-03-31,0.0458007399150882,-0.7024184672842478,0.0054096285156007,-0.2462745854208924,-0.4002950161372604,0,0.9996663404610544,0.9993371594933812,0.0030312981557049923,0.9996663404610544,2.9646276669925174e-06,1.513943418431106e-06,0.00032918096767318777,0.006932165418227,0.0043,-0.0186,0.049,0.0,0.0272410806909018,0.016126949139408,0.0,-0.0533333333333332,-0.0466666666666668,Balanced
2014-04-30,0.0821355227405766,-0.5571661792730248,-0.5450996263072971,-0.2150365890297974,-0.4002950161372591,0,0.9986936293162918,0.9973914602747771,0.01001168960893966,0.9986936293162918,2.229025985506033e-06,1.9726161902321154e-06,0.0013021690415146762,0.0062007891534141,-0.0018,-0.0418,0.0121999999999999,0.0,0.0291232159343737,0.0201512530360616,-0.1333333333333331,-0.0466666666666665,-0.0466666666666667,Balanced
2014-05-31,0.1426967394275005,-0.5023677616157463,-0.5450996263072982,-0.1994175908342502,-0.541347317326247,0,0.9974709888074118,0.9949454244375674,0.017677583582030133,0.9974709888074118,1.299803241266965e-06,2.147019277619899e-06,0.002525564369844468,0.0210302800732804,0.0204999999999999,-0.0185,-0.001,0.0,0.0322602761133612,0.0216694768707981,-0.1333333333333334,-0.0433333333333333,-0.0633333333333333,Balanced
2014-06-30,0.1696879757437151,-0.5413367556048588,-0.8203542537187478,-0.1681795944431559,-0.4002950161372579,0,0.9957114648759079,0.9914443116075885,0.02780865865335955,0.9957114648759079,1.286283881446305e-05,8.519017152802483e-06,0.0042671532683193495,0.0190583317494701,0.026,0.0305,-0.0070999999999999,0.0,0.0336584173209093,0.0205898169459441,-0.2000000000000001,-0.0366666666666667,-0.0466666666666665,Balanced
2014-07-31,0.2762418336746043,-0.5719239942559377,0.0054096285156007,-0.2618935836164403,-0.0053485728080911,0,0.9987054927274739,0.9974129022927483,0.009917119549389296,0.9987054927274739,4.618387161730797e-07,1.4549989695082899e-06,0.001292590434725601,-0.0150798308453423,-0.0203,-0.0418,-0.0008,0.0,0.0391778880799018,0.0197423787033059,0.0,-0.0566666666666666,0.0,Balanced
2014-08-31,0.1232519936712632,-0.665457210077009,-0.2698449988958488,-0.2150365890297981,0.1921246488564947,0,0.9994938033876153,0.9989906983314897,0.004368309580280965,0.9994938033876153,1.8534274113115065e-06,1.2381288757129714e-06,0.0005031050561255725,0.0376552955798252,0.0424,0.0040999999999999,-0.0056999999999999,0.0,0.0312530417653829,0.017150983482969,-0.0666666666666667,-0.0466666666666667,0.0233333333333335,Balanced
2014-09-30,0.0794544186051567,-0.6766633781175914,-0.2698449988958476,-0.0744656052698708,0.1921246488564935,0,0.9995796631562991,0.9991635814635877,0.0037144660636941424,0.9995796631562991,3.0337075028749628e-06,1.2214436307222971e-06,0.0004160816927113814,-0.0155138372494539,-0.0196,-0.0359,-0.0147,0.0,0.0289843352202952,0.016840509711232,-0.0666666666666664,-0.0166666666666667,0.0233333333333334,Balanced
2014-10-31,0.0975071995023261,-0.7035565802070469,-0.6827269400130225,-0.3556075727897261,0.5588606319478632,0,0.9988585976870321,0.9977835878329131,0.00914942447009947,0.9988585976870321,5.9638744757174524e-05,6.753714075786922e-06,0.0010750098541190138,0.023201460667203,0.0250999999999999,0.0405,-0.0163,0.0,0.029919466037849,0.0160954170215132,-0.1666666666666666,-0.0766666666666668,0.0666666666666667,Balanced
2014-11-30,0.173600140432647,-0.839997052535128,-0.4074723126015729,-0.121322599856513,0.5306501717100637,0,0.9983124318534226,0.9971373205428653,0.013517037954351697,0.9983124318534226,0.0005090233314064101,3.433504711930937e-06,0.0011751113105572487,0.0245335886463149,0.0256,-0.0204999999999999,-0.0313,0.0,0.0338610667511996,0.0123152498932079,-0.0999999999999999,-0.0266666666666666,0.0633333333333331,Balanced
2014-12-31,0.1319756770617721,-1.048764700475688,-0.4074723126015742,-0.5117975547451998,0.7281233933746495,0,0.99018049688509,0.9820075633944036,0.05968367072130395,0.99018049688509,0.008172933490686369,1.2379636918287401e-05,0.0016341899872512168,-0.004188587515997,-0.0005,0.0253,0.0212,0.0,0.0317049270027607,0.0065312139196231,-0.1000000000000002,-0.1099999999999998,0.0866666666666667,Balanced
2015-01-31,0.0462124540729862,-1.3674915672693615,0.0054096285156007,-0.6679875367006753,0.5024397114722665,0,0.9447466608391635,0.8916859546795135,0.22315894363750263,0.9447466608391635,0.053060706159650015,4.858225713013463e-05,0.002144050744088093,-0.0310408058384106,-0.031,-0.0059,-0.0345,0.0,0.0272624074105505,-0.0022993097820542,0.0,-0.1433333333333333,0.0599999999999999,Balanced
2015-02-28,-0.2282098422411606,-1.3159137488895063,-0.4074723126015729,-0.5430355511362956,0.1921246488564922,0,0.6799155700587778,0.3611963188945218,0.6358340109192674,0.6799155700587778,0.318719251164256,1.632252798736933e-05,0.0013488562490832237,0.0548925108906233,0.0613,0.0060999999999999,-0.0179,0.0,0.0130473816054415,-0.000870314629352,-0.0999999999999999,-0.1166666666666667,0.0233333333333332,Balanced
2015-03-31,-0.4806211606053863,-1.2924527357742697,-0.2698449988958476,-0.2618935836164403,-0.0899799535214849,1,0.7188275736749122,0.43785550921603233,0.5957257215213865,0.2809720644588799,0.7188275736749122,3.164536888206577e-06,0.00019719732926165148,-0.0173961071142195,-0.0111,0.0305,-0.0038,0.0,-2.747948362114005e-05,-0.0002203128442387,-0.0666666666666664,-0.0566666666666666,-0.01,Slowdown / Shock
2015-04-30,-0.6045036945728601,-1.3220495183956005,-0.4074723126015729,0.1129623730766997,-0.0899799535214836,1,0.9572704206730213,0.9145685757006335,0.1767594353205542,0.04270184497238772,0.9572704206730213,9.715453535265333e-07,2.676280905836372e-05,0.0085208198225352,0.0059,-0.0299,0.018,0.0,-0.0064445725580629,-0.0010403098939391,-0.0999999999999999,0.0233333333333333,-0.0099999999999999,Slowdown / Shock
2015-05-31,-0.7620390957047016,-1.2718560070240714,0.1430369422213249,0.3472473460099124,0.4460187909966711,1,0.9951589393584261,0.9903185465305924,0.030642245792550718,0.004840392827833821,0.9951589393584261,2.883939127692542e-07,3.794196946818279e-07,0.0104913823045897,0.0137,0.0095,-0.0111,0.0,-0.0146048781250122,0.0003503321824429,0.0333333333333332,0.0733333333333334,0.0533333333333332,Slowdown / Shock
2015-06-30,-0.886731112651854,-1.2196865842816322,-0.1322176851901246,0.5190563261609341,0.7563338536124466,1,0.9995753415052616,0.99915073889359,0.0037222953277674985,0.00042460261167169913,0.9995753415052616,4.498826413351427e-08,1.0894865642098133e-08,-0.0210116719797299,-0.0152,0.0294,-0.0081999999999999,0.0,-0.0210639022728379,0.0017957180975505,-0.0333333333333335,0.1099999999999998,0.09,Slowdown / Shock
2015-07-31,-0.8064069793805576,-1.2030421957269193,-0.2698449988958488,0.5815323189431247,0.95380707527703,1,0.9999287927681986,0.9998575875186589,0.0007512516553477655,7.1205249539627e-05,0.9999287927681986,1.5047907491826704e-09,4.774392812976344e-10,0.0197420294351848,0.0157,-0.0417,-0.0416,0.0,-0.0169031265539532,0.0022568611104094,-0.0666666666666667,0.1233333333333333,0.1133333333333332,Slowdown / Shock
2015-08-31,-0.8054650950438914,-1.1974051839600708,-0.6827269400130225,-0.121322599856513,0.9255966150392354,1,0.9999971280708764,0.9999942568631756,3.9526126880593726e-05,2.8712077007613874e-06,0.9999971280708764,4.68894341463583e-11,6.74684294276008e-10,-0.0625808182558655,-0.0602,0.0037,0.0275,0.0,-0.0168543371139879,0.0024130379853448,-0.1666666666666666,-0.0266666666666666,0.1100000000000003,Slowdown / Shock
2015-09-30,-0.9126677301584908,-1.2813090572755326,-0.4074723126015729,-0.2931315800075353,1.123069836703816,1,0.9999960247593549,0.9999920499044943,5.341302638921903e-05,3.974854860569458e-06,0.9999960247593549,6.8797124696028115e-12,3.7912418924214264e-10,-0.0264428312800014,-0.0306,-0.0263,0.0055,0.0,-0.0224074144149126,8.842961634170088e-05,-0.0999999999999999,-0.0633333333333333,0.1333333333333333,Slowdown / Shock
2015-10-31,-1.0061670159514788,-1.2384391909374033,-0.2698449988958488,-0.3712265709852733,1.094859376466018,1,0.9999956293381745,0.9999912587710055,5.8308350324174426e-05,4.37056716901992e-06,0.9999956293381745,4.492921826279766e-12,9.017499307960003e-11,0.0829831178126665,0.0775,-0.019,-0.0046999999999999,0.0,-0.0272506606749945,0.001276165606705,-0.0666666666666667,-0.08,0.1299999999999999,Slowdown / Shock
2015-11-30,-1.2586779735912872,-1.1270171337707873,0.0054096285156007,0.0661053784900564,0.5024397114722665,1,0.9999984447006953,0.9999968894702908,2.2356390583210113e-05,1.555230404516213e-06,0.9999984447006953,2.716713717877798e-12,6.606197123015801e-11,0.0005048691103348,0.0056999999999999,0.0358,-0.0043,0.0,-0.0403306830606888,0.0043631821691851,0.0,0.0133333333333331,0.0599999999999999,Slowdown / Shock
2015-12-31,-1.3480752914428418,-1.0539609903564475,0.0054096285156007,-0.2150365890297974,0.1357037283808968,1,0.999998325696689,0.9999966547271284,2.3966838883576394e-05,1.6709695606428208e-06,0.999998325696689,7.348331506426756e-12,3.326482498626234e-09,-0.0175301850326925,-0.0215,-0.0279999999999999,-0.0256999999999999,0.0001,-0.0449614481159912,0.0063872475153647,0.0,-0.0466666666666665,0.0166666666666666,Slowdown / Shock
2016-01-31,-1.1048526760919364,-0.8378395427733689,-0.2698449988958488,-0.3399885745941778,0.2485455693320889,1,0.9999394837458625,0.9998790301323021,0.0006487778760847715,6.045361356044107e-05,0.9999394837458625,2.5464410386136965e-11,6.261491487321691e-08,-0.0507353220469523,-0.0574,-0.034,0.0208,0.0001,-0.0323625601974916,0.0123750250269438,-0.0666666666666667,-0.0733333333333333,0.0300000000000001,Slowdown / Shock
2016-02-29,-1.0822799628894892,-0.9786864183060738,-0.2698449988958476,-1.042843493393815,1.010227995752624,1,0.9998881272572252,0.9997762690919535,0.0011298547606834128,0.00011185816527169223,0.9998881272572252,3.9019477191669575e-09,1.0675352354802354e-08,-0.0041283603090035,-0.0006,0.0073,-0.0060999999999999,0.0002,-0.0311932976959607,0.0084727757901266,-0.0666666666666664,-0.2233333333333332,0.1199999999999998,Slowdown / Shock
2016-03-31,-1.158724557399614,-0.9626829770028508,0.0054096285156007,-0.6367495403095811,0.0510723476675055,1,0.9999537467589681,0.9999075232999404,0.0005081849071536096,4.6223459027682395e-05,0.9999537467589681,4.706543058303045e-09,2.5075668859219997e-08,0.0659911144400584,0.0695,0.0075,0.0121999999999999,0.0002,-0.0351531140017705,0.0089161609655219,0.0,-0.1366666666666668,0.0066666666666668,Slowdown / Shock
2016-04-30,-0.99320126236961,-0.86125600673398,0.4182915696327744,-0.3868455691808201,-1.0773460618444044,1,0.9999516791860212,0.9999034341679597,0.0005291210002590772,4.8245018061503326e-05,0.9999516791860212,1.746630239032521e-08,5.832964554997678e-08,0.0026993982833325,0.0092,0.0077,0.0322,0.0001,-0.0265790369613807,0.0117262575035348,0.0999999999999999,-0.0833333333333332,-0.1266666666666668,Slowdown / Shock
2016-05-31,-0.952708720886078,-0.895238031653226,-0.1322176851901246,0.1129623730766997,-1.951870329216132,1,0.999371978762053,0.9987441016166038,0.0052596302306533345,0.0006278771454491917,0.999371978762053,5.150338163043683e-08,9.258900796662668e-08,0.0153246025252884,0.0178,-0.0018,-0.0162,0.0001,-0.0244815305639999,0.0107847646212462,-0.0333333333333335,0.0233333333333333,-0.2299999999999999,Slowdown / Shock
2016-06-30,-0.8040527803401446,-0.8949456459090419,-0.1322176851901234,-0.3556075727897254,-0.9927146811310092,1,0.9751982301467707,0.9504562143305392,0.11660006141353106,0.024742015816231484,0.9751982301467707,4.1535616263509414e-08,5.9712501249082605e-05,0.0009109212401243,-0.0003,0.006,-0.0149,0.0002,-0.0167811794652533,0.0107928653479594,-0.0333333333333332,-0.0766666666666666,-0.1166666666666665,Slowdown / Shock
2016-07-31,-0.9041728827920388,-0.9710757717202132,-0.4074723126015729,-0.5898925457229381,-0.7388205389908317,1,0.936179694697783,0.872715241988028,0.23957561988630177,0.06346445270975497,0.936179694697783,3.970614357042828e-06,0.0003518819783029389,0.0356098007533154,0.0394,0.0245,-0.0124,0.0002,-0.0219673828426006,0.0086836334305182,-0.0999999999999999,-0.1266666666666667,-0.0866666666666667,Slowdown / Shock
2016-08-31,-0.8979035175544167,-0.9035975656243096,0.1430369422213261,-0.4337025637674629,-0.5413473173262459,1,0.7538189294684479,0.5082217031719548,0.5622552082263338,0.24559722629649305,0.7538189294684479,8.076913596515036e-06,0.0005757673214072303,-0.0012192428990193,0.0049,0.0116999999999999,0.0317,0.0002,-0.0216426308460193,0.0105531585956568,0.0333333333333335,-0.0933333333333333,-0.0633333333333331,Slowdown / Shock
2016-09-30,-0.8650247479638234,-0.7255366312142408,0.1430369422213249,-0.0432276088787754,-0.597768237801845,0,0.662304601307559,0.32525715251104875,0.6442519698189024,0.662304601307559,0.3370474487965102,1.1066181610063971e-05,0.0006368837141116483,-0.0012344511393173,0.0027,0.0208,-0.0118999999999999,0.0002,-0.0199395164692068,0.0154864462016521,0.0333333333333332,-0.01,-0.0700000000000002,Balanced
2016-10-31,-0.7701266367872636,-0.6759869826813723,0.1430369422213261,0.3628663442054596,-0.287453175186067,0,0.9506965948260746,0.9017104191676282,0.19843253363691016,0.9506965948260746,0.0489861756584464,1.3721785459459748e-05,0.0003035077302160539,-0.0194256789090344,-0.0200999999999999,-0.0438999999999999,0.0411,0.0002,-0.0150238113047597,0.0168592496624364,0.0333333333333335,0.0766666666666666,-0.0333333333333332,Balanced
2016-11-30,-0.7091026320154354,-0.6765614129163856,-0.2698449988958488,0.67524630811641,-0.3156636354238666,0,0.997248959749745,0.9945743964465127,0.019349173872753745,0.997248959749745,0.0026745633032323715,1.1865111274168039e-05,6.461183555723487e-05,0.034174521829295,0.0486,0.0559999999999999,0.0828999999999999,0.0001,-0.0118627787858509,0.0168433347197889,-0.0666666666666667,0.1433333333333334,-0.0366666666666667,Balanced
2016-12-31,-0.4840475177797721,-0.5442902302815881,-0.4074723126015729,1.0032452702229078,-0.9645042208932122,0,0.9999678917741006,0.9999532700270027,0.00039788796521940937,0.9999678917741006,1.1152748931318294e-05,1.4621747097897078e-05,6.3337298405163105e-06,0.0182007624418658,0.0181,0.0014,0.0347,0.0003,-0.000204964171657,0.0205079891151198,-0.0999999999999999,0.2133333333333334,-0.1133333333333332,Balanced
2017-01-31,-0.6351352456685525,-0.3784052841919805,-0.2698449988958488,0.7689602972896951,-1.1055565220822017,0,0.9999802903594777,0.9999642689157274,0.0002443102025809485,0.9999802903594777,5.52605602655278e-07,1.6021443750259013e-05,3.1355910663265673e-06,0.0178843581983825,0.0194,-0.0116,-0.0276,0.0004,-0.0080312814192748,0.0251039334825711,-0.0666666666666667,0.1633333333333334,-0.13,Balanced
2017-02-28,-0.6126121899905228,-0.2701354123617331,-0.1322176851901246,0.3316283478143642,-0.9927146811310104,0,0.9999860437588546,0.9999783798454994,0.00018042139601871999,0.9999860437588546,1.848201955856551e-07,7.663913355108497e-06,6.107507372863343e-06,0.0371981600668163,0.0355,-0.0215,-0.015,0.0004,-0.0068645911686161,0.0281036168132942,-0.0333333333333335,0.0699999999999999,-0.1166666666666667,Balanced
2017-03-31,-0.3418263357065275,-0.4033811286013859,-0.4074723126015729,-0.3712265709852733,-0.4002950161372591,0,0.9999493257780641,0.9999009254175517,0.0005620929735867985,0.9999493257780641,3.4460260371120906e-07,1.9292588009224663e-06,4.84003605123586e-05,-0.0003891971352694,0.0017,0.0113,-0.0333,0.0003,0.0071620675905506,0.0244119623655914,-0.0999999999999999,-0.08,-0.0466666666666667,Balanced
2017-04-30,-0.2099543835255334,-0.4990197814306798,-0.4074723126015729,-0.6523685385051285,0.1074932681431009,0,0.9999383824023055,0.9998789050821677,0.0006692283023991277,0.9999383824023055,3.5582493638732136e-07,1.784452534053088e-06,5.947732013783445e-05,0.0090912087488546,0.0108,0.0066,-0.0204999999999999,0.0005,0.0139930110976955,0.0217622347191539,-0.0999999999999999,-0.1400000000000001,0.0133333333333334,Balanced
2017-05-31,-0.1422363610529364,-0.6144766341099677,-0.2698449988958476,-0.7617015258739609,0.0792828079053026,0,0.9999452066018432,0.9998925529951547,0.0006026013818771822,0.9999452066018432,4.835169699038656e-07,1.656274431048323e-06,5.265360668843901e-05,0.0115762512463286,0.0107,-0.0252,-0.0382,0.0006,0.0175007925347292,0.0185634316676197,-0.0666666666666664,-0.1633333333333334,0.01,Balanced
2017-06-30,-0.1943115215527315,-0.692358810957223,-0.1322176851901246,-0.8241775186561505,-0.0617694932836853,0,0.999955976667468,0.9999148634269495,0.0004980271022151282,0.999955976667468,7.872197137889891e-07,2.1228722697627254e-06,4.1113240518587554e-05,0.0048137752078125,0.0079,0.0220999999999999,0.015,0.0006,0.0148033085465391,0.0164056580995912,-0.0333333333333335,-0.1766666666666666,-0.0066666666666665,Balanced
2017-07-31,-0.2641059588060684,-0.6618445840656751,-0.1322176851901246,-0.3868455691808204,-0.5695577775640466,0,0.9999590064297763,0.9999228031870515,0.00047309468823728375,0.9999590064297763,2.933859588492636e-06,1.8564680110160164e-06,3.62032427248463e-05,0.0193488260011018,0.0187999999999999,-0.0144999999999999,-0.0023,0.0007,0.0111879691957106,0.017251073506566,-0.0333333333333335,-0.0833333333333333,-0.0666666666666668,Balanced
2017-08-31,-0.3155531352589577,-0.5885691089261909,0.0054096285156007,-0.32436957639863,-0.4285054763750575,0,0.9999712745444782,0.9999460956688764,0.0003423171341330859,0.9999712745444782,1.670686273798037e-06,1.8758936287943321e-06,2.517887560177262e-05,0.0005464330198532,0.0018,-0.0167,-0.0213,0.0009,0.0085230146686898,0.0192812155729698,0.0,-0.0699999999999999,-0.0500000000000001,Balanced
2017-09-30,-0.2748711096793343,-0.497452677241011,0.0054096285156007,-0.0588466070743226,-0.2310322547104741,0,0.9999744813826573,0.9999509169676241,0.0003035198142866151,0.9999744813826573,6.128769681735403e-07,1.341325558588488e-06,2.3564415033207336e-05,0.0193029785621676,0.0249,0.0445,0.0315,0.0009,0.0106303363083151,0.0218056523037117,0.0,-0.0133333333333332,-0.0266666666666668,Balanced
2017-10-31,-0.0376189570595844,-0.5551332160530119,-0.1322176851901234,0.0661053784900571,-0.3156636354238641,0,0.9999421695098638,0.9998859184904504,0.0006304560764702246,0.9999421695098638,6.59384290795738e-07,9.200865205727479e-07,5.6251019413441375e-05,0.0221881350661512,0.0226,-0.0192999999999999,0.0013,0.0009,0.0229199553265404,0.0202075775313248,-0.0333333333333332,0.0133333333333333,-0.0366666666666664,Balanced
2017-11-30,0.0925503387723664,-0.5003659373226708,-0.2698449988958488,-0.1213225998565126,-0.51313685708845,0,0.9998860608257443,0.9997734454995347,0.0011564744477843732,0.9998860608257443,3.6298330154537677e-07,9.60864820937486e-07,0.00011261532620952245,0.0280826278065633,0.0312,-0.006,-0.0009,0.0008,0.0296627015397192,0.0217249386429556,-0.0666666666666667,-0.0266666666666666,-0.06,Balanced
2017-12-31,-0.003806497827441,-0.5157285797017911,-0.2698449988958488,-0.1369415980520608,-0.7952414594664259,0,0.9999262243394555,0.999854378579733,0.0007858689895853553,0.9999262243394555,6.352267706589914e-07,1.2946741380888007e-06,7.184575972250043e-05,0.0098316305942705,0.0106,-0.0132,0.0005,0.0009,0.0246714346595786,0.0212993071955225,-0.0666666666666667,-0.0300000000000001,-0.0933333333333332,Balanced
2018-01-31,0.0479589341440524,-0.5080087911683496,-0.2698449988958488,-0.1837985926387024,-0.7952414594664283,0,0.9999180994694113,0.9998379837512033,0.0008622426711273344,0.9999180994694113,5.088928600766711e-07,1.275919503189459e-06,8.01157182081025e-05,0.0561787041255281,0.0558,-0.0316,-0.0132,0.0011,0.0273528747654694,0.0215131886806394,-0.0666666666666667,-0.0399999999999998,-0.0933333333333335,Balanced
2018-02-28,0.1761848350408353,-0.4675296084978922,-0.1322176851901246,0.2691523550321741,-0.7670309992286275,0,0.9999267795033278,0.9998550804541909,0.0007784290949497153,0.9999267795033278,2.062821778499512e-07,1.3151652501534024e-06,7.169904913680451e-05,-0.0389473718793677,-0.0364,0.0027,-0.011,0.0011,0.0339949534690326,0.0226346893109186,-0.0333333333333335,0.0566666666666665,-0.0899999999999998,Balanced
2018-03-31,0.1424609573087935,-0.4431732335249049,-0.1322176851901234,0.0973433748811521,-0.0617694932836865,0,0.9999127514267067,0.9998264247094427,0.0009082072663752561,0.9999127514267067,1.2208165508683127e-07,7.99774282975268e-07,8.632671726397785e-05,-0.0268844986005566,-0.0235,0.0405,-0.0021,0.0012,0.0322480626418364,0.0233094976464993,-0.0333333333333332,0.02,-0.0066666666666666,Balanced
2018-04-30,0.1588610815525618,-0.3926251623159784,0.0054096285156007,-0.090084603465418,0.3331769500454815,0,0.9999384882768864,0.9998781102122415,0.0006638528887086723,0.9999384882768864,6.800840218069141e-08,1.0656500370618842e-06,6.0378064644891596e-05,0.0027187749953683,0.0027,0.0109,0.0053,0.0014,0.0330975861407043,0.0247099630210529,0.0,-0.02,0.04,Balanced
2018-05-31,-0.0441007146452458,-0.2804005062792628,-0.4074723126015729,-0.2618935836164403,0.5588606319478632,0,0.9999477765276391,0.9998971523038163,0.0005744714470638913,0.9999477765276391,3.743344714175037e-08,1.5618149492184527e-06,5.062422382280265e-05,0.0216083418545836,0.0266,0.0524,-0.0314,0.0014,0.0225842014443662,0.0278192160784249,-0.0999999999999999,-0.0566666666666666,0.0666666666666667,Balanced
2018-06-30,0.0683743093444182,-0.2711500037311328,0.0054096285156007,-0.1994175908342499,0.3331769500454815,0,0.9999514212062516,0.9999039467184134,0.000536417464650683,0.9999514212062516,1.26787434006669e-08,1.0916272508821884e-06,4.747448783817221e-05,0.0048424362676078,0.0049,0.0111,-0.0233,0.0014,0.0284103875448318,0.0280755069359401,0.0,-0.0433333333333332,0.04,Balanced
2018-07-31,0.1481594552675595,-0.2543396593980186,-0.2698449988958488,-0.2775125818119878,0.276756029569886,0,0.9998576419982775,0.9997162828179347,0.0014092408071080147,0.9998576419982775,9.90834630957394e-09,9.889130398467803e-07,0.00014135918034291405,0.0360215561728991,0.032,-0.0223,0.0049,0.0016,0.0325432438156048,0.0285412478556192,-0.0666666666666667,-0.0599999999999999,0.0333333333333333,Balanced
2018-08-31,0.3603731038549506,-0.330570030935041,0.0054096285156007,-0.4024645673763672,0.0792828079053001,0,0.9996398245420552,0.9992810140658374,0.003224977780094575,0.9996398245420552,1.7193115435040645e-08,1.347788410742415e-06,0.0003588104762178492,0.0302632112767482,0.0345,0.0113999999999999,-0.0391,0.0016,0.0435358728088874,0.0264292385687425,0.0,-0.0866666666666665,0.0099999999999997,Balanced
2018-09-30,0.3526971713889061,-0.4427742742601848,-0.4074723126015729,-0.2150365890297981,-0.1181904137592819,0,0.9993405398869717,0.9986826197860782,0.005500635175691583,0.9993405398869717,1.9127382221285029e-07,1.34873817044327e-06,0.0006579201008935213,0.0042942874264617,0.0006,-0.0229,-0.0162,0.0015,0.043138260881764,0.0233205510580882,-0.0999999999999999,-0.0466666666666667,-0.0133333333333333,Balanced
2018-10-31,0.0857158069902545,-0.3850324167683397,0.0054096285156007,-0.0432276088787757,0.0510723476675055,0,0.9998951202697787,0.999791230433081,0.0010716875246925212,0.9998951202697787,6.175755783514852e-08,9.281360846716333e-07,0.00010388983669757123,-0.0694033560936963,-0.0765,-0.047,0.0338,0.0019,0.0293086740173442,0.0249203247021805,0.0,-0.01,0.0066666666666668,Balanced
2018-11-30,0.054016002087097,-0.5094490372947795,0.0054096285156007,-0.1057036016609658,0.6152815524234587,0,0.9999703855793568,0.9999426687269737,0.0003464574158200244,0.9999703855793568,4.1533309987762917e-07,1.4822350690822565e-06,2.7716852383153566e-05,0.0178593566547797,0.0171,-0.0073,0.0036,0.0018,0.0276666298002101,0.0214732857766777,0.0,-0.0233333333333334,0.0733333333333334,Balanced
2018-12-31,0.0201530859965109,-0.5617661130758954,0.2806642559270497,-0.6367495403095806,1.1794907571794118,0,0.999978833274609,0.9999647026721005,0.00026599095198580574,0.999978833274609,1.4253657400731237e-06,1.4130602508563354e-05,5.610757055420225e-06,-0.0917768946799725,-0.0955,-0.0231,-0.0192,0.0019,0.0259125368109405,0.020023809043401,0.0666666666666665,-0.1366666666666667,0.1399999999999999,Balanced
2019-01-31,-0.1110464889618326,-0.7475737754687197,0.2806642559270502,-0.871034513242793,1.376963978843995,0,0.999945026333062,0.9999004552144142,0.0006264733724208344,0.999945026333062,8.005183442301033e-06,4.45711186478301e-05,2.397364796496099e-06,0.0786844016658261,0.0837,0.0276,-0.0039,0.0021,0.0191164223235185,0.0148758935782913,0.0666666666666667,-0.1866666666666666,0.1633333333333332,Balanced
2019-02-28,-0.2658733682401596,-0.7362864685927692,0.0054096285156007,-0.7773205240695079,0.4742292512344706,0,0.9999756248640926,0.9999577550932076,0.00030161484123783993,0.9999756248640926,2.2386301289299796e-06,4.266735101820657e-06,1.7869770885026465e-05,0.0297288893439271,0.0342,0.0204999999999999,-0.0266,0.0018,0.011096417703535,0.0151886153513218,0.0,-0.1666666666666666,0.0566666666666667,Balanced
2019-03-31,-0.3537280842705381,-0.6047879175698795,-0.132217685190124,-0.4493215619630105,-0.0899799535214836,0,0.999968257439323,0.9999400071361126,0.0003739473850107725,0.999968257439323,1.714919890560383e-06,1.77733779565016e-06,2.825030321045201e-05,0.0179242562495884,0.011,-0.0302999999999999,-0.0414,0.0019,0.0065455591463181,0.0188318635130639,-0.0333333333333333,-0.0966666666666666,-0.0099999999999999,Balanced
2019-04-30,-0.677918808806364,-0.5624148747668327,-0.4074723126015729,-0.2931315800075353,-0.6823996185152349,0,0.9999407215913194,0.9999063667442752,0.0006927195513920738,0.9999407215913194,1.6202669329728552e-05,8.72089247659587e-06,3.435484704416229e-05,0.0393134983137379,0.0397,-0.0174,0.0213,0.0021,-0.0102474623280677,0.0200058347020906,-0.0999999999999999,-0.0633333333333333,-0.0799999999999999,Balanced
2019-05-31,-0.482051293658939,-0.6362890401855629,-0.2698449988958482,-0.3712265709852733,-0.1181904137592819,0,0.9999561913888275,0.9999214222166594,0.0005113271575804246,0.9999561913888275,6.271205426630258e-06,2.7682336961680415e-06,3.476917216818423e-05,-0.0657777313668354,-0.0692,-0.0126,-0.0245,0.0021,-0.0001015601196847,0.0179591055536061,-0.0666666666666665,-0.08,-0.0133333333333333,Balanced
2019-06-30,-0.6223561946105507,-0.6813036205254571,-0.2698449988958482,-0.4180835655719155,0.3331769500454815,0,0.9999510119372315,0.9999276698107137,0.0005832702097311642,0.9999510119372315,1.9408433733254764e-05,6.237502667117876e-06,2.3342126517827798e-05,0.0689301639982407,0.0699,0.0011,-0.0064,0.0018,-0.0073693288629623,0.0167119489439004,-0.0666666666666665,-0.09,0.04,Balanced
2019-07-31,-0.7460093808793431,-0.6253090347869531,0.0054096285156007,-0.2931315800075353,0.1357037283808968,0,0.9999542809911417,0.9999333486722775,0.000550659970836344,0.9999542809911417,2.093231886420107e-05,9.597806685116124e-06,1.5188883509983543e-05,0.0131281521669579,0.0123,-0.0196,0.005,0.0019,-0.0137745417676844,0.0182633133503706,0.0,-0.0633333333333333,0.0166666666666666,Balanced
2019-08-31,-0.7387160646157537,-0.6573206418117524,0.0054096285156007,-0.5742735475273902,0.0228618874297072,0,0.9999527582658388,0.9999337969461457,0.0005686684110150725,0.9999527582658388,1.896131969318596e-05,1.1401969801444633e-05,1.6878444513944818e-05,-0.0180916272405239,-0.0255,-0.0239,-0.0476999999999999,0.0016,-0.0133967492913287,0.0173764121066664,0.0,-0.1233333333333333,0.0033333333333334,Balanced
2019-09-30,-0.8155082937490699,-0.6765021353788773,-0.132217685190124,-0.1369415980520602,-0.51313685708845,0,0.999868875224062,0.9997742177929959,0.0014053832130877877,0.999868875224062,9.465743106604054e-05,1.467809108785396e-05,2.1789253997557403e-05,0.0171811779310206,0.0141,-0.0097,0.0676,0.0018,-0.0173745730083648,0.0168449770403915,-0.0333333333333333,-0.0299999999999999,-0.06,Balanced
2019-10-31,-0.954894462361256,-0.6586443847116688,-0.132217685190124,0.1598193676633422,-0.0335590330458894,0,0.9997998345998523,0.9996486105058706,0.0020488065447823787,0.9997998345998523,0.00015122409398167386,3.0041845645505145e-05,1.8899460373575504e-05,0.020431770513684,0.0207,0.0027,-0.0192,0.0015,-0.0245947515809882,0.0173397369961862,-0.0333333333333333,0.0333333333333333,-0.0033333333333334,Balanced
2019-11-30,-0.8753819026011657,-0.5293143908706687,0.0054096285156007,0.9251502792451698,-0.3156636354238666,0,0.9999482091695022,0.9999053135151799,0.0005926523632021456,0.9999482091695022,5.246099421662273e-06,4.289565432238387e-05,3.6490766894628408e-06,0.0340470377144999,0.0387,0.0072,-0.02,0.0012,-0.0204760152246461,0.0209229039486291,0.0,0.1966666666666666,-0.0366666666666667,Balanced
2019-12-31,-0.9239494865060855,-0.4472959699789687,0.1430369422213255,0.8001982936807898,-0.5413473173262483,0,0.9999228341114125,0.9998541724159409,0.0008405138041701575,0.9999228341114125,4.677948074385014e-06,6.866169547154588e-05,3.826245012373174e-06,0.02858981890573,0.0277,0.0076,0.0173,0.0014,-0.0229918073733639,0.0231952746996244,0.0333333333333333,0.17,-0.0633333333333334,Balanced
2020-01-31,-0.9222503065345924,-0.346146613808344,0.0054096285156007,0.284771353227722,-0.5695577775640454,0,0.9999153234366875,0.9998669728123863,0.0009561025140065654,0.9999153234366875,4.835062430118467e-05,2.7955353871549037e-05,8.370585139448255e-06,-0.0016280928190489,-0.0011,-0.031,-0.0622,0.0013,-0.0229037901551323,0.025997679768452,0.0,0.0599999999999999,-0.0666666666666667,Balanced
2020-02-29,-0.754844855103176,-0.4394314233188288,-0.132217685190124,-0.4493215619630105,-0.0617694932836865,0,0.9945359002985668,0.9890722321368012,0.033919245190888854,0.9945359002985668,0.005463668161765592,4.180393846896627e-07,1.3500302048066854e-08,-0.0841104836384031,-0.0815,0.0108,-0.0382,0.0012,-0.0142322177502087,0.0234131667975951,-0.0333333333333333,-0.0966666666666666,-0.0066666666666666,Balanced
2020-03-31,-1.5061666010786043,-0.7452455085890413,1.1064281381613983,0.4097233387921021,3.944115860483586,1,0.999983898205333,0.9999677964372872,0.00019381078684605334,2.6691897303394294e-11,0.999983898205333,1.6101768045774817e-05,1.4782379502692905e-36,-0.1251192824089282,-0.1336999999999999,-0.0469,-0.1383,0.0012,-0.0531505496438906,0.0149403996429091,0.2666666666666668,0.0866666666666666,0.4666666666666668,Slowdown / Shock
2020-04-30,-3.823399959062385,-1.171510253706603,15.419668763556764,0.4409613351831971,4.113378621910371,1,1.0,1.0,-1.000088900581841e-12,0.0,1.0,7.594265001965445e-101,0.0,0.1268440381652789,0.136,0.025,-0.0134,0.0,-0.173182822613763,0.0031304729404111,3.733333333333334,0.0933333333333333,0.4866666666666666,Slowdown / Shock
2020-05-31,-3.578120316332234,-1.212962498147084,13.35525905797089,0.8782932846585272,3.29527527501424,1,1.0,1.0,-1.000088900581841e-12,0.0,1.0,8.481441702924618e-96,4.206521905342317e-278,0.0452818196655582,0.0557,0.024,-0.05,0.0001,-0.1604773810453941,0.0019820130358485,3.233333333333333,0.1866666666666666,0.3900000000000001,Slowdown / Shock
2020-06-30,-2.523739560932717,-1.025832564744018,9.088812333093427,-0.0119896124876805,-1.4440820449357727,1,1.0,1.0,-1.000088900581841e-12,2.4131317622442877e-241,1.0,1.2301517547448304e-58,3.480715726293494e-140,0.0183883965139242,0.0245,0.0266999999999999,-0.0217,0.0001,-0.1058606467358145,0.0071665628318304,2.2,-0.0033333333333333,-0.1699999999999999,Slowdown / Shock
2020-07-31,-1.789659858198083,-0.9246947684960244,-6.325446801947735,-0.0432276088787754,-2.2057644713563107,1,1.0,1.0,-1.000088900581841e-12,7.030299671258805e-116,1.0,1.4755355696244169e-46,2.941847193924713e-73,0.0551013214804436,0.0583,-0.0235,-0.0144,0.0001,-0.0678354495942743,0.0099686476258979,-1.533333333333334,-0.01,-0.2599999999999999,Slowdown / Shock
2020-08-31,-1.7372845759499629,-0.8221144460206984,-6.60070142935918,0.0192483839034146,-1.8672389485027392,1,1.0,1.0,-1.000088900581841e-12,1.9984122316022844e-124,1.0,4.1479851793616425e-48,3.117362114978734e-76,0.0700646669017177,0.0762,-0.002,-0.0302,0.0001,-0.0651224193532672,0.0128106984955238,-1.5999999999999996,0.0033333333333333,-0.22,Slowdown / Shock
2020-09-30,-1.6737438001910956,-0.7824282511192163,-4.398664410067587,0.0036293857078672,-0.6541891582774392,1,1.0,1.0,-1.000088900581841e-12,3.6200342921076e-58,1.0,7.587145657290482e-37,1.3907445807627161e-44,-0.039227970178423,-0.0364,0.0006,-0.0272,0.0001,-0.061831018547937,0.0139102289123738,-1.0666666666666669,3.7007434154171876e-17,-0.0766666666666668,Slowdown / Shock
2020-10-31,-1.372503685923754,-0.8404080329354005,-4.536291723773311,0.3160093496188172,-0.1181904137592819,1,1.0,1.0,-1.000088900581841e-12,3.7918904385963535e-60,1.0,2.033748377458761e-37,8.869297204705495e-39,-0.0276657862213797,-0.0208,0.0434,0.0425,0.0001,-0.0462268345754283,0.0123038634286716,-1.0999999999999996,0.0666666666666667,-0.0133333333333333,Slowdown / Shock
2020-11-30,-1.3996546317320693,-0.860130074844876,-2.334254704481719,0.3628663442054596,-0.5413473173262483,1,1.0,0.9999999999999999,-9.984097157875617e-13,3.808507516363897e-20,1.0,1.0418210987984029e-29,6.073377260300243e-17,0.107545635443859,0.1245,0.0581,0.0209,0.0001,-0.0476332487060662,0.0117574521384058,-0.5666666666666668,0.0766666666666666,-0.0633333333333334,Slowdown / Shock
2020-12-31,-1.1135879491323597,-0.8079118077692385,-1.50849082224737,0.4253423369876496,-1.2748192835089864,1,0.9999999997899067,0.9999999996506638,5.020260270107557e-09,7.072782544712292e-11,0.9999999997899067,5.990388850499049e-17,1.3924295483279082e-10,0.03712145909357,0.0463,0.0501,-0.0168,0.0001,-0.0328150457766595,0.0132041913157794,-0.3666666666666665,0.09,-0.1499999999999999,Slowdown / Shock
2021-01-31,-0.8912087593353994,-0.7886288634673436,-0.6827269400130225,0.4878183297698396,-1.3876611244601773,1,0.9999739979782127,0.9999495782881452,0.00030647726826769087,2.4419690067497462e-05,0.9999739979782127,8.737775691049078e-11,1.5822441184982076e-06,-0.0111366607554451,-0.0007,0.0713999999999999,0.0322,0.0,-0.0212958435691817,0.0137384371370024,-0.1666666666666666,0.1033333333333333,-0.1633333333333332,Slowdown / Shock
2021-02-28,-1.576730996922089,-0.681801034224562,-0.6827269400130225,0.6908653063119571,-0.7670309992286275,1,0.9993191608487983,0.9988225439807352,0.006053878814754311,0.00018223706454579606,0.9993191608487983,1.9852187981800846e-06,0.0004966168680631153,0.0260914513774483,0.0281,0.0202,0.072,0.0,-0.0568057727118034,0.0166981677917068,-0.1666666666666666,0.1466666666666666,-0.0899999999999998,Slowdown / Shock
2021-03-31,-0.2863021495059688,-0.3215845145909277,-0.8203542537187478,1.1594352521783822,-0.2874531751860683,3,0.8763594953032756,0.7574305989901293,0.39414096386114295,0.11892889631314628,0.004710592365138205,1.01601836353482e-06,0.8763594953032756,0.0424386325331651,0.0317,-0.0233,0.0735,0.0,0.0100382104923835,0.0266781878206419,-0.2000000000000001,0.2466666666666666,-0.0333333333333333,Growth
2021-04-30,2.7153132724237343,0.207282417192699,-0.4074723126015742,0.972007273831812,-0.5695577775640448,3,0.9999810515713656,0.999962103153644,0.0002249896362516222,1.0777336543838354e-11,1.3670241272463116e-14,1.8948417721613378e-05,0.9999810515713656,0.0524253213475585,0.0495,-0.0319,-0.0102,0.0,0.1655213518144698,0.0413307711536057,-0.1000000000000002,0.2066666666666666,-0.0666666666666666,Growth
2021-05-31,2.5456687967287346,0.4906834491934839,-0.5450996263072982,0.5971513171386723,-0.4567159366128545,3,0.999998928578526,0.9999978571571907,1.5799739856604146e-05,5.0189267570532086e-14,1.3048711252232827e-24,1.0714213353604174e-06,0.999998928578526,0.0054864886706069,0.003,-0.002,0.0704,0.0,0.1567337983536605,0.0491825708946762,-0.1333333333333334,0.1266666666666667,-0.0533333333333333,Growth
2021-06-30,1.2493354985416203,0.6268924948018314,-0.2698449988958476,-0.152560596247608,-0.5977682378018425,3,0.9999989641110824,0.9999980820990204,1.574595301748976e-05,1.5387691112703214e-07,6.500587510039588e-26,8.820120619416381e-07,0.9999989641110824,0.0222140095658347,0.0274,0.017,-0.0786,0.0,0.0895839656569141,0.0529563262034999,-0.0666666666666664,-0.0333333333333333,-0.0699999999999999,Growth
2021-07-31,0.5816671247998351,0.6086784107779496,-0.9579815674244708,-0.5430355511362953,-0.1181904137592819,3,0.9999969309735007,0.9999946179364496,4.374103161404901e-05,7.559892268935738e-07,3.482131257126882e-22,2.313037051071081e-06,0.9999969309735007,0.0227480548283887,0.0134,-0.0393,-0.0179,0.0,0.0549988634641613,0.0524516938130923,-0.2333333333333331,-0.1166666666666666,-0.0133333333333333,Growth
2021-08-31,0.3425315841124883,0.5750555941750002,-0.957981567424472,-0.5742735475273906,-0.1181904137592813,3,0.999990271287546,0.999983911770665,0.00012827851173101272,3.3691953904146365e-06,1.351129215120765e-20,6.359516880996537e-06,0.999990271287546,0.0289904162554386,0.0294,-0.0032,-0.0023,0.0,0.0426116852813145,0.0515201530179396,-0.2333333333333334,-0.1233333333333333,-0.0133333333333332,Growth
2021-09-30,0.1014744744950649,0.6469544828159524,-1.6461181359530954,-0.2306555872253453,-0.1746113342348774,3,0.999821149976304,0.9996423092185236,0.0017222249546088482,9.26576375892877e-09,2.3393106821341242e-18,0.0001788407577804176,0.999821149976304,-0.047569168801901,-0.044,0.0066,0.0512,0.0,0.0301249701720072,0.0535121559094913,-0.4000000000000001,-0.0499999999999999,-0.02,Growth
2021-10-31,0.2077246398270837,0.965960870275456,-1.2332361948359216,0.4097233387921021,-0.4285054763750568,3,0.9986975606024578,0.9973952250849726,0.009955452377635655,1.0388004559302139e-07,3.997067962597125e-26,0.0013023355174852614,0.9986975606024578,0.0691438364006065,0.0663,-0.0226,-0.0053,0.0,0.0356287097087639,0.0623504239029806,-0.3000000000000001,0.0866666666666666,-0.05,Growth
2021-11-30,0.2723339386868569,1.2066803148633505,-1.3708635085416456,0.4409613351831971,-0.6823996185152368,3,0.9870072820313468,0.9740145692212978,0.0693401583750155,5.158590931182701e-09,1.3671623130987623e-29,0.012992712810049005,0.9870072820313468,-0.0083337061847461,-0.0158,-0.0131,-0.0037,0.0,0.0389754598193683,0.0690197040370086,-0.3333333333333333,0.0933333333333333,-0.0800000000000001,Growth
2021-12-31,-0.0464264015136365,1.3049888657818385,-1.095608881130197,0.1285813712722468,-0.0899799535214842,3,0.9472153853775811,0.8944309053938262,0.20663601465879816,1.3463882612863886e-07,1.3539282091820601e-31,0.05278447998375485,0.9472153853775811,0.0436129134620648,0.0323,-0.0163,0.0325,0.0001,0.0224637312810711,0.0717434028506553,-0.2666666666666668,0.0266666666666666,-0.01,Growth
2022-01-31,-0.2256237440227326,1.4437569273688142,-0.6827269400130225,0.1285813712722472,0.1357037283808974,3,0.7749734594591114,0.5499483712939544,0.5332154724472883,1.4523757274056608e-06,1.3317087496047479e-34,0.2250250881651571,0.7749734594591114,-0.0525851650273938,-0.0616,-0.0593,0.1286,0.0,0.0131813410300336,0.0755880572696783,-0.1666666666666666,0.0266666666666666,0.0166666666666666,Growth
2022-02-28,0.5680969504755667,1.5803621052007135,-0.2698449988958482,0.1442003694677943,0.8973861548014358,3,0.5154971677406714,0.03099465168231691,0.6926715988216711,3.162008357445269e-07,8.507775870845585e-39,0.5154971677406714,0.48450251605835454,-0.0313604919459082,-0.0227999999999999,0.0216,0.0306,0.0,0.0542959308643318,0.0793727876651781,-0.0666666666666665,0.0299999999999999,0.1066666666666667,Growth
2022-03-31,0.1095658894031227,1.809530889575465,-0.2698449988958482,0.4409613351831971,0.9255966150392336,2,0.9276418748839953,0.85528377269513,0.259696776853353,2.2926983634453878e-08,4.6820213348728866e-43,0.9276418748839953,0.07235810218886529,0.0357732883715462,0.0308,-0.0155,-0.019,0.0,0.0305441040152216,0.0857220496601385,-0.0666666666666665,0.0933333333333333,0.1100000000000001,Inflationary Stress
2022-04-30,0.0842810672374632,1.686648144904366,-0.4074723126015729,0.597151317138672,0.2485455693320883,2,0.9644719569586895,0.9289439504908223,0.15346231455390416,3.6573396347078526e-08,1.6103211585690772e-40,0.9644719569586895,0.03552800646786718,-0.087956711804343,-0.0941,-0.0135,0.0617999999999999,0.0,0.029234354755085,0.0823175077077722,-0.0999999999999999,0.1266666666666666,0.03,Inflationary Stress
2022-05-31,-0.1111647184133829,1.797246819726114,-0.4074723126015729,0.5034373279653872,0.5024397114722677,2,0.9930352210909261,0.9860704467023277,0.0415338239036458,4.520699256107131e-09,7.18511147770438e-43,0.9930352210909261,0.006964774388598469,5.317770464463578e-05,-0.0034,-0.0184,0.0843999999999999,0.0003,0.0191102980591009,0.0853817119564206,-0.0999999999999999,0.1066666666666666,0.06,Inflationary Stress
2022-06-30,-0.2442289630406665,1.9564888778615728,-0.132217685190124,-0.0588466070743226,-0.0899799535214861,2,0.9985151656183102,0.9970303315858574,0.011153649840701562,3.490581512789418e-10,3.114324408223219e-50,0.9985151656183102,0.001484834032452843,-0.0839199999338268,-0.084,0.0207,-0.06,0.0006,0.0122175940167557,0.0897936110310579,-0.0333333333333333,-0.0133333333333332,-0.0100000000000002,Inflationary Stress
2022-07-31,-0.2930900308186596,1.7699619284575034,-0.2698449988958488,-2.0580783761044037,1.123069836703816,2,0.9999999006017837,0.999999801272444,1.702671261248947e-06,6.8707631859484e-11,1.5430226141496866e-51,0.9999999006017837,9.932933968187909e-08,0.09111639173021,0.0957,0.0283999999999999,-0.0415,0.0008,0.0096865994559702,0.0846257672773009,-0.0666666666666667,-0.44,0.1333333333333333,Inflationary Stress
2022-08-31,-0.2769740930318221,1.6833377716372726,0.0054096285156007,-2.5735053165574704,0.0792828079053026,2,0.9999999901710908,0.9999999804622589,1.9170047927009045e-07,1.201448258487687e-10,5.020473387461863e-50,0.9999999901710908,9.708831824732792e-09,-0.0424401282729983,-0.0377,0.0141,0.0018,0.0019,0.0105214021472617,0.0822257917821882,0.0,-0.5499999999999999,0.01,Inflationary Stress
2022-09-30,-0.0047958352642115,1.6723391771846094,-0.132217685190124,-1.964364386931118,0.1074932681431022,2,0.9999958314652331,0.9999916651207802,5.5826834114067845e-05,2.1902197161846736e-09,1.1683275918210157e-44,0.9999958314652331,4.16634445287114e-06,-0.0933956720132743,-0.0934,-0.0076,0.0003,0.0019,0.024620187157526,0.0819210689642582,-0.0333333333333333,-0.42,0.0133333333333336,Inflationary Stress
2022-10-31,-0.2745265636664972,1.515947432559202,0.1430369422213255,-0.6367495403095806,-0.0899799535214849,2,0.9998353870615564,0.9996709221826109,0.0015998795349509796,1.480593134085557e-07,1.0176410580425043e-36,0.9998353870615564,0.0001644648789455439,0.0798634138370089,0.0785,0.0001,0.0797,0.0023,0.0106481837300782,0.07758813957693,0.0333333333333333,-0.1366666666666667,-0.01,Inflationary Stress
2022-11-30,-0.4629034378199218,1.2864064125630257,0.0054096285156007,-0.8241775186561509,-0.2028217944726757,2,0.9998447306222297,0.9996917660174862,0.0015290150462586448,2.304773036383551e-06,2.955830510286742e-33,0.9998447306222297,0.0001529646047434876,0.0537528933524931,0.0465,-0.0356999999999999,0.0148,0.0029,0.000890295383749,0.0712285645653398,0.0,-0.1766666666666667,-0.0233333333333334,Inflationary Stress
2022-12-31,-0.6348421634429373,1.0271607444268511,0.0054096285156007,-1.5895084302379785,-0.5695577775640466,2,0.9999796428272292,0.9999669238889448,0.0002537264650351294,1.2718938284411068e-05,3.2223731269721967e-29,0.9999796428272292,7.638234561642057e-06,-0.0589714740747304,-0.0638,-0.0076,0.0134,0.0033,-0.0080160998124736,0.0640460040235715,0.0,-0.34,-0.0666666666666668,Inflationary Stress
2023-01-31,-0.4185444517537098,0.9992162697062322,-0.132217685190124,-1.9799833851266655,-0.8798728401798184,2,0.9990912431622111,0.9981943176675591,0.0073358791200673935,0.0008969254946520878,2.0365567678913066e-28,0.9990912431622111,1.1831343135547237e-05,0.0617528578346791,0.0661,0.0501,-0.0394,0.0034999999999999,0.0031880829181039,0.0632717851796009,-0.0333333333333333,-0.4233333333333333,-0.1033333333333332,Inflationary Stress
2023-02-28,-0.5116509465178681,0.8659011325003922,0.0054096285156007,-0.9959864988071732,-0.9645042208932134,2,0.8786109019540113,0.7586988228247815,0.377663702248499,0.1199120791292297,1.3759683417212755e-21,0.8786109019540113,0.0014770189167986369,-0.0261124939318185,-0.0256999999999999,0.0105,-0.008,0.0034,-0.0016348168370262,0.0595782073813708,0.0,-0.2133333333333333,-0.1133333333333334,Inflationary Stress
2023-03-31,-0.5505778303683647,0.4904893634143377,0.0054096285156007,-0.6211305421140335,0.2203351090942905,0,0.8833516665937251,0.768504068533864,0.3694909806582001,0.8833516665937251,2.2474587799933577e-15,0.11484759805986113,0.0018007353465228743,0.0350516125771089,0.0248,-0.0548,-0.0905,0.0036,-0.0036512224493961,0.0491771936288996,0.0,-0.1333333333333334,0.0266666666666666,Balanced
2023-04-30,-0.5156787098952195,0.5021694928105813,-0.132217685190124,-0.69922553309177,0.276756029569886,0,0.9858109621437143,0.9721571018029974,0.07674536966632692,0.9858109621437143,7.190634922592438e-15,0.013653860340716941,0.0005351775156400679,0.014642341662481,0.0062,-0.0337,-0.0012,0.0034999999999999,-0.001843454258675,0.0495007987912436,-0.0333333333333333,-0.1499999999999999,0.0333333333333333,Balanced
2023-05-31,-0.5572283294782631,0.2068399494843577,0.0054096285156007,-1.0428434933938149,1.0102279957526257,0,0.9983701094029261,0.9967480008711217,0.012140578747388468,0.9983701094029261,3.608218328669347e-12,0.0016221085318044207,7.78206168558227e-06,0.0024823473681929,0.0034,0.016,-0.0779,0.0036,-0.0039957171123073,0.0413185123138504,0.0,-0.2233333333333331,0.1199999999999999,Balanced
2023-06-30,-0.6517797648292601,-0.1761994371526517,0.1430369422213255,-0.5898925457229377,-0.146400873997079,0,0.9999500871050719,0.9999127287481847,0.000572605643377519,0.9999500871050719,1.9242455879766374e-08,3.7358356887277466e-05,1.253529544834806e-05,0.0647274649042346,0.0646,0.0149,-0.0013,0.004,-0.0088934645310736,0.0307061707299709,0.0333333333333333,-0.1266666666666666,-0.0166666666666666,Balanced
2023-07-31,-0.540414888738972,-0.0978282480048641,0.1430369422213255,0.1754383658588894,-0.6541891582774378,0,0.9999819166657982,0.9999720100273937,0.00022808306000367414,0.9999819166657982,8.801191227730393e-09,8.167894688826672e-06,9.906638404503725e-06,0.0311389323550108,0.0321,0.0204999999999999,0.0406,0.0045,-0.0031247838929887,0.0328774926842829,0.0333333333333333,0.0366666666666666,-0.0766666666666666,Balanced
2023-08-31,-0.5291667172073633,0.0590914027401688,0.1430369422213255,0.6908653063119571,-0.9927146811310104,0,0.99996888023126,0.9999419981705701,0.00036645748366079565,0.99996888023126,3.0969746867817916e-10,2.6882060689937255e-05,4.237398502350808e-06,-0.017716390070854,-0.0236,-0.0313,-0.0115,0.0045,-0.0025421306219911,0.0372250480350528,0.0333333333333333,0.1466666666666666,-0.1166666666666667,Balanced
2023-09-30,-0.5316830641473672,0.0463509650978148,0.1430369422213255,0.7377223008985994,-0.6259786980396396,0,0.9999657855224319,0.999937399029601,0.00040165540920187833,0.9999657855224319,2.3516923315196486e-10,2.8386492830847545e-05,5.8277494843858706e-06,-0.0487193674656248,-0.0523,-0.025,0.015,0.0043,-0.0026724769428521,0.0368720663811925,0.0333333333333333,0.1566666666666666,-0.0733333333333332,Balanced
2023-10-31,-0.6295697183733993,-0.1109964665149383,0.5559188833384993,1.2687682395472148,-0.0335590330458894,0,0.9996584087295078,0.9993190523666616,0.0030815801698502536,0.9996584087295078,4.675553063034145e-09,0.00033935636284622976,2.2302321185270685e-06,-0.0219796887379829,-0.0315,-0.0387,0.002,0.0046999999999999,-0.007742988102069,0.0325126590986117,0.1333333333333333,0.27,-0.0033333333333334,Balanced
2023-11-30,-0.4975494441286536,-0.1535581051592213,0.0054096285156007,0.5659133207475776,-0.1746113342348761,0,0.9999860263950242,0.9999786948870281,0.00017989432635671,0.9999860263950242,6.330016767403504e-09,6.635767076323687e-06,7.331507996100394e-06,0.0891792687819701,0.0888,-0.001,0.0167,0.0044,-0.0009043615385835,0.0313334627459118,0.0,0.1200000000000001,-0.0199999999999998,Balanced
2023-12-31,-0.3181868044399625,-0.0876639997859359,0.1430369422213249,-0.4337025637674633,-0.4567159366128545,0,0.9999765585149337,0.9999566340637484,0.0002832753820690802,0.9999765585149337,1.6236548393836228e-09,3.5154100380560406e-06,1.992445118542674e-05,0.0442292311563601,0.0484999999999999,0.0628,0.0489,0.0043,0.0083865910767553,0.0331590994271029,0.0333333333333332,-0.0933333333333334,-0.0533333333333333,Balanced
2024-01-31,-0.7264727758712254,-0.1698014872030193,-0.2698449988958482,-0.964748502416078,-0.5977682378018425,0,0.9999700736601547,0.9999542691761416,0.0003624271922901028,0.9999700736601547,8.217312415267213e-09,1.5804484013107676e-05,1.4113638707615067e-05,0.0158957075989916,0.0073,-0.0504999999999999,-0.0237999999999999,0.0046999999999999,-0.0127625491269089,0.0308834298648557,-0.0666666666666665,-0.2066666666666667,-0.0699999999999999,Balanced
2024-02-29,-0.5484937295988624,-0.1449938240605811,0.2806642559270497,-0.402464567376369,-0.6541891582774392,0,0.9999739956240469,0.9999610008197373,0.00031872622826198925,0.9999739956240469,2.2056301738289086e-08,1.2987515193285988e-05,1.2994804309599037e-05,0.0517206406237231,0.0507,-0.0026,-0.0343,0.0042,-0.0035432664027599,0.0315707414164869,0.0666666666666665,-0.0866666666666668,-0.0766666666666668,Balanced
2024-03-31,-0.5876803485465957,-0.0259707392437233,0.1430369422213255,0.3003903514232702,-0.2310322547104728,0,0.9999795378482174,0.9999684610817862,0.00025552522032693437,0.9999795378482174,2.3080726974979733e-09,9.383077187932803e-06,1.10767664311834e-05,0.0310187799153429,0.0283999999999999,-0.025,0.0416,0.0043,-0.0055731262466529,0.0348683491208365,0.0333333333333333,0.0633333333333334,-0.0266666666666666,Balanced
2024-04-30,-0.6725828879987842,-0.0714632461401628,0.2806642559270497,0.7221033027030521,-0.4567159366128545,0,0.9999614126637406,0.9999281528408165,0.00044627085801762117,0.9999614126637406,6.02525657471886e-09,3.325982292413665e-05,5.321487888040024e-06,-0.0416150717378986,-0.0465,-0.0237999999999999,-0.0045,0.0046999999999999,-0.0099710625857999,0.0336079512621967,0.0666666666666665,0.1533333333333333,-0.0533333333333333,Balanced
2024-05-31,-0.492638286063385,-0.1135184556440594,0.0054096285156007,0.4097233387921032,-0.2592427149482699,0,0.9999862848525599,0.9999765607012655,0.00017558899496594895,0.9999862848525599,4.429110778467138e-09,3.9865670106957025e-06,9.724151294401603e-06,0.0480211901511991,0.0433,0.0053,-0.0131,0.0044,-0.0006499644303002,0.0324427858400311,0.0,0.0866666666666668,-0.0299999999999999,Balanced
2024-06-30,-0.3307706671886795,-0.212422825865324,0.2806642559270497,0.1598193676633415,-0.0899799535214823,0,0.9999807085847342,0.9999658984810763,0.0002393502234644159,0.9999807085847342,2.951263307332589e-08,4.451798894335943e-06,1.481010365793928e-05,0.0346698012830832,0.0279999999999999,-0.03,-0.0336,0.0040999999999999,0.0077347492399091,0.0297025794864709,0.0666666666666665,0.0333333333333332,-0.0099999999999997,Balanced
2024-07-31,-0.6582060457571877,-0.2228113899198855,0.418291569632775,-0.3868455691808204,0.3613874102832786,0,0.9999524884056259,0.9999159288175373,0.000547307083319032,0.9999524884056259,2.4930197509474736e-07,3.655958808857938e-05,1.0702704186146613e-05,0.0113213168878687,0.0121999999999999,0.0681,0.0557,0.0045,-0.009226344732312,0.029414757935583,0.1,-0.0833333333333333,0.0433333333333333,Balanced
2024-08-31,-0.558276425151794,-0.3434841520725635,0.418291569632775,-0.6367495403095806,0.7281233933746484,0,0.999954597621843,0.9999152300910831,0.0005192838893475667,0.999954597621843,6.528442959465793e-07,3.936753075993517e-05,5.3820029117984086e-06,0.0228347069366303,0.016,-0.0349,-0.0113,0.0048,-0.0040500082805017,0.0260714449069203,0.1,-0.1366666666666667,0.0866666666666666,Balanced
2024-09-30,-0.7118370826377467,-0.4086916785689038,0.0054096285156007,-0.1057036016609637,0.5306501717100623,0,0.9999832909970686,0.999974485211759,0.00021625353043415476,0.9999832909970686,1.763591136410968e-06,8.805785309648862e-06,6.1396263425939925e-06,0.0201968840906012,0.0172,-0.0013,-0.0273,0.004,-0.012004422838397,0.0242648303154167,0.0,-0.0233333333333329,0.063333333333333,Balanced
2024-10-31,-0.6721252466089123,-0.3536988458568502,-0.1322176851901246,0.8470552882674323,-0.1746113342348761,0,0.9999830830968965,0.9999704662119826,0.0002129754444924323,0.9999830830968965,1.3478877953210233e-07,1.2616884913896512e-05,4.165229359708457e-06,-0.0098967433031517,-0.01,-0.0095,0.0091,0.0039,-0.0099473568437596,0.0257884405387134,-0.0333333333333335,0.18,-0.0199999999999998,Balanced
2024-11-30,-0.7808525073960466,-0.3029407558597967,0.0054096285156007,1.7529571836091873,-0.8798728401798184,0,0.9997348764254165,0.9994699083392596,0.002449785031742513,0.9997348764254165,1.4223404444275971e-09,0.000264968086156805,1.5406620939506367e-07,0.0573012954820988,0.0649,0.0449,0.0038,0.004,-0.0155794094814893,0.0271947246128483,0.0,0.3733333333333333,-0.1033333333333332,Balanced
2024-12-31,-0.533014908025752,-0.2483603002507989,0.0054096285156007,1.7529571836091868,-0.8234519197042229,0,0.9998940432087307,0.9997882692347867,0.0010770655499643608,0.9998940432087307,1.5480194442709254e-10,0.00010577397394392771,1.8266271246180587e-07,-0.0249901370484836,-0.0317,-0.027,-0.0297,0.0037,-0.0027414662172438,0.0287069096750998,0.0,0.3733333333333332,-0.0966666666666665,Balanced
2025-01-31,-0.316189966209267,-0.2049440676323877,-0.1322176851901234,1.3000062359383098,-0.2310322547104728,0,0.9999903093663551,0.9999825987415719,0.0001264731624560246,0.9999903093663551,3.9872869490898367e-10,7.710624783191526e-06,1.9796100639073843e-06,0.0270163042404441,0.0279999999999999,-0.02,0.0176,0.0037,0.0084900269395085,0.0299097830789996,-0.0333333333333332,0.2766666666666666,-0.0266666666666666,Balanced
2025-02-28,-0.3233361016474784,-0.2733038075505795,0.0054096285156007,0.4565803333787447,0.1357037283808968,0,0.9999894513891135,0.999980885108082,0.00013666217788191155,0.9999894513891135,2.5095238516059965e-08,1.9572344041444974e-06,8.566281031474815e-06,-0.0142420926998251,-0.0243999999999999,-0.0576999999999999,0.0484,0.0033,0.00811985840355,0.0280158344776133,0.0,0.0966666666666666,0.0166666666666666,Balanced
2025-03-31,-0.3680737974247146,-0.42475397119145,0.1430369422213261,-0.0588466070743229,0.6717024728990516,0,0.9999895302492062,0.9999835524328116,0.00013949171218717476,0.9999895302492062,6.260240475150192e-07,3.865910228462108e-06,5.977816394610497e-06,-0.0575446976813753,-0.0639,-0.0272,0.0287,0.0034,0.005802453773984,0.0238198146280554,0.0333333333333335,-0.0133333333333333,0.0799999999999997,Balanced
2025-04-30,-0.3097517855693953,-0.4451806008014626,0.2806642559270502,-0.5430355511362949,1.264122137892803,0,0.9999768615701548,0.9999564800682769,0.00028046343451240636,0.9999768615701548,1.2281861772514406e-06,2.0381501877867383e-05,1.5287419011697186e-06,-0.0076249433462898,-0.0084,-0.0056999999999999,-0.0329,0.0034999999999999,0.0088235235436946,0.0232538823025783,0.0666666666666667,-0.1166666666666665,0.1499999999999997,Balanced
2025-05-31,-0.4604722604592038,-0.4264562815436457,0.1430369422213249,-0.0900846034654187,1.1230698367038174,0,0.9999856806486833,0.9999747490942938,0.0001842184208177869,0.9999856806486833,1.6911097130462406e-06,1.093155438943492e-05,1.6966873199985356e-06,0.0615238261407828,0.0605999999999999,0.0060999999999999,-0.0281,0.0038,0.0010162299356553,0.0237726510736808,0.0333333333333332,-0.0200000000000001,0.1333333333333334,Balanced
2025-06-30,-0.3682522741013548,-0.3170240368412816,-0.1322176851901246,0.1129623730766986,0.333176950045484,0,0.9999866781645931,0.9999750959133072,0.00016837986676383984,0.9999866781645931,8.64253234186948e-08,1.653158869567127e-06,1.1582251285780443e-05,0.0496068394677158,0.0486,0.0070999999999999,-0.0143,0.0034,0.0057932087140959,0.0268045386591022,-0.0333333333333335,0.0233333333333331,0.0400000000000003,Balanced
2025-07-31,-0.1096711892555687,-0.2945866401683315,0.1430369422213249,0.1129623730766986,-0.5413473173262459,0,0.9999756526489336,0.9999530775278135,0.00028952443326218946,0.9999756526489336,3.801744003993684e-08,1.734212432539172e-06,2.2575121120134575e-05,0.0216665625306407,0.0197999999999999,0.0027,-0.0128,0.0034,0.0191876626020122,0.0274261805216713,0.0333333333333332,0.0233333333333331,-0.0633333333333331,Balanced
2025-08-31,-0.250615358694757,-0.2238523524030853,0.0054096285156007,-0.0432276088787757,-0.3720845558994608,0,0.9999772786653199,0.9999559785228034,0.00027105554553358773,0.9999772786653199,1.3913842151631903e-08,1.407278346536818e-06,2.1300142516583085e-05,0.0190664442950361,0.0184,0.0381,0.0444,0.0038,0.0118867798655593,0.0293859174303161,0.0,-0.01,-0.0433333333333333,Balanced
2025-09-30,-0.120404127287907,-0.1935408638466854,0.4182915696327756,0.0817243766856057,-0.1746113342348786,0,0.9999600966442697,0.9999263940288292,0.0004614829652489416,0.9999600966442697,2.466979236056422e-08,6.1760704635818915e-06,3.370261544048326e-05,0.0353236872187014,0.0339,-0.0191,-0.0092,0.0033,0.018631698334008,0.0302257158471332,0.1000000000000002,0.0166666666666669,-0.0200000000000001,Balanced
2025-11-30,-0.1414192728616249,-0.3112526252075017,0.4182915696327768,0.2691523550321752,0.0792828079053026,0,0.9999704368228648,0.9999472660499333,0.0003539718941631489,0.9999704368228648,1.3663958052677704e-07,6.2557645336992565e-06,2.3170772931463726e-05,0.0012996181666717,-0.0013,0.0052,0.0362,0.003,0.0175431175567137,0.0269644391649395,0.1000000000000005,0.0566666666666667,0.01,Balanced
2025-12-31,-0.255573766638776,-0.3268234048913977,-0.4074723126015717,0.550294322552029,0.1357037283808993,0,0.9999755444699071,0.9999531479519269,0.00029150986907591075,0.9999755444699071,6.977188644169655e-08,1.989240381739573e-06,2.2396517980168496e-05,-0.0005241344225139,-0.0036,-0.0102,0.0236,0.0034,0.0116299352220183,0.0265330411455775,-0.0999999999999996,0.1166666666666665,0.0166666666666669,Balanced
2026-01-31,-0.2758205785013654,-0.4214261369198124,-0.4074723126015735,0.6283893135297677,-0.0335590330458907,0,0.9999759286793499,0.9999542153227284,0.0002884988478678895,0.9999759286793499,2.172855562535187e-07,2.140678402108757e-06,2.1713356621521647e-05,0.0136629589009202,0.0103,0.0213,0.0382,0.003,0.0105811539933662,0.0239120143215001,-0.1,0.1333333333333334,-0.0033333333333335,Balanced
2026-02-28,-0.317781697913414,-0.4059770378840786,-0.1322176851901234,0.3472473460099117,-0.2592427149482724,0,0.999982910334949,0.999967402749673,0.00021052284221570832,0.999982910334949,1.8365205130470486e-07,1.3984277312240046e-06,1.5507585276009727e-05,-0.0086683447407043,-0.0116999999999999,0.0023,0.0271,0.0028,0.0084075755222834,0.0243400411037322,-0.0333333333333332,0.0733333333333332,-0.0300000000000002,Balanced
2026-03-31,-0.3679557682896397,-0.0984748734616647,-0.1322176851901246,0.144200369467795,0.0792828079053001,0,0.9999790922577815,0.9999601070638915,0.0002526359228461531,0.9999790922577815,2.617755282976311e-09,1.9199306021143667e-06,1.898519388994849e-05,-0.050932690968577,-0.0518,0.0042,0.0341,0.0029,0.005808567662044,0.0328595775286519,-0.0333333333333335,0.0300000000000001,0.0099999999999997,Balanced
2026-04-30,-0.2164418187847518,0.0795713791866369,0.0054096285156007,0.1129623730767,0.1074932681430997,0,0.9999137762223804,0.9998308346814772,0.0009070983895716437,0.9999137762223804,7.295492656214076e-11,3.282163756929369e-06,8.29415409033195e-05,0.1042333858298576,0.0994999999999999,0.0011,-0.0116999999999999,0.0029,0.0136569631130478,0.0377924583674156,0.0,0.0233333333333334,0.0133333333333333,Balanced
2026-05-31,-0.1584842296660021,0.2193873891618176,-0.1322176851901246,0.5502943225520305,-0.1746113342348786,0,0.9986691477829216,0.9974528451769983,0.010533197556632254,0.9986691477829216,5.593527753710355e-11,0.00011454955509593531,0.0012163026059233216,0.0514703551572426,0.049,-0.0169,-0.0215,0.0031,0.0166591558502655,0.0416661468404964,-0.0333333333333335,0.1166666666666668,-0.0200000000000001,Balanced
